Symbol,Date,Open,High,Low,Close,Percent Change,Volume,Turnover,Daily_Return,Log_Return,SMA_5,SMA_20,EMA_12,EMA_26,RSI_14,MACD,MACD_Signal,ATR_14,BB_Middle,BB_Std,BB_Upper,BB_Lower,OBV
ADBL,1/1/2012,115,115,113,114,-0.87%,1111,125973,,,,,114,114,18.81918819,0,0,,,,,,0
ADBL,1/2/2012,114,118,115,118,3.51%,551,64227,0.035087719,0.034486176,,,114.6153846,114.2962963,26.21434079,0.319088319,0.063817664,,,,,,551
ADBL,1/3/2012,118,116,114,115,-2.54%,490,56130,-0.025423729,-0.025752496,,,114.6745562,114.3484225,27.58993779,0.326133716,0.116280874,,,,,,61
ADBL,1/4/2012,115,115,113,114,-0.87%,3220,369040,-0.008695652,-0.00873368,,,114.5707783,114.3226134,36.32866172,0.248164911,0.142657682,,,,,,-3159
ADBL,1/5/2012,114,114,112,113,-0.88%,775,87595,-0.00877193,-0.00881063,114.8,,114.3291201,114.2246421,38.97814064,0.104478071,0.13502176,,,,,,-3934
ADBL,1/8/2012,113,115,113,114,0.88%,3240,369120,0.008849558,0.00881063,114.8,,114.2784863,114.2080019,43.53582555,0.070484357,0.122114279,,,,,,-694
ADBL,1/9/2012,114,113,111,111,-2.63%,1710,190718,-0.026315789,-0.026668247,113.4,,113.7741038,113.9703721,45.27537797,-0.196268374,0.058437748,,,,,,-2404
ADBL,1/10/2012,111,114,112,112,0.90%,549,62007,0.009009009,0.00896867,112.8,,113.5011647,113.8244186,34.52840596,-0.323253923,-0.017900586,,,,,,-1855
ADBL,1/11/2012,112,112,111,112,0.00%,2477,277012,0,0,112.4,,113.2702163,113.6892765,50.88562753,-0.419060219,-0.098132512,,,,,,-1855
ADBL,1/12/2012,112,112,110,112,0.00%,3102,344864,0,0,112.2,,113.0747984,113.5641449,54.7807137,-0.489346518,-0.176375314,,,,,,-1855
ADBL,1/16/2012,112,112,111,111,-0.89%,1049,116985,-0.008928571,-0.00896867,111.6,,112.7555987,113.3742083,51.30536814,-0.618609612,-0.264822173,,,,,,-2904
ADBL,1/17/2012,111,114,110,113,1.80%,866,96445,0.018018018,0.017857617,112,,112.7931989,113.3464891,48.04945055,-0.553290274,-0.322515793,,,,,,-2038
ADBL,1/18/2012,118,117,115,117,-0.85%,411,47745,0.03539823,0.034786116,113,,113.440399,113.6171196,49.77423639,-0.176720533,-0.293356741,,,,,,-1627
ADBL,1/22/2012,117,118,115,117,0.00%,4484,522708,0,0,114,,113.98803,113.8677033,46.38613861,0.120326649,-0.210620063,2.642857143,,,,,-1627
ADBL,1/23/2012,117,115,111,112,-4.27%,1650,187270,-0.042735043,-0.043675064,114,,113.6821792,113.7293549,50.56360709,-0.047175721,-0.177931195,2.928571429,,,,,-3277
ADBL,1/25/2012,112,114,111,114,1.79%,1170,130710,0.017857143,0.017699577,114.6,,113.7310747,113.7494027,50.42826552,-0.018327996,-0.146010555,2.857142857,,,,,-2107
ADBL,1/26/2012,114,114,110,112,-1.75%,1060,118750,-0.01754386,-0.017699577,114.4,,113.4647555,113.6198173,57.56874839,-0.155061796,-0.147820803,2.857142857,,,,,-3167
ADBL,1/29/2012,112,114,111,112,0.00%,4200,473960,0,0,113.4,,113.2394085,113.4998308,53.63963465,-0.260422331,-0.170341109,2.928571429,,,,,-3167
ADBL,1/31/2012,112,114,110,110,-1.79%,2291,254352,-0.017857143,-0.018018506,112,,112.741038,113.2405841,44.62058212,-0.499546142,-0.236182115,3.071428571,,,,,-5458
ADBL,2/1/2012,110,113,110,111,0.91%,1833,203887,0.009090909,0.009049836,111.8,113.2,112.473186,113.0746149,38.46153846,-0.601428944,-0.309231481,3.142857143,113.2,2.19089023,117.5817805,108.8182195,-3625
ADBL,2/2/2012,111,113,111,111,0.00%,3946,442100,0,0,111.2,113.05,112.246542,112.9209397,38.99129544,-0.674397761,-0.382264737,3.071428571,113.05,2.235479461,117.5209589,108.5790411,-3625
ADBL,2/5/2012,111,111,109,110,-0.90%,1611,176945,-0.009009009,-0.009049836,110.8,112.65,111.9009201,112.7045738,52.70615563,-0.803653698,-0.466542529,3,112.65,2.007223796,116.6644476,108.6355524,-5236
ADBL,2/6/2012,110,111,110,111,0.91%,992,109391,0.009090909,0.009049836,110.6,112.45,111.762317,112.5783091,45.48862115,-0.815992067,-0.536432437,3,112.45,1.959457497,116.368915,108.531085,-4244
ADBL,2/7/2012,111,110,107,110,-0.90%,2091,227290,-0.009009009,-0.009049836,110.6,112.25,111.4911913,112.3873232,44.97088407,-0.896131906,-0.608372331,3.142857143,112.25,1.996707817,116.2434156,108.2565844,-6335
ADBL,2/8/2012,110,110,109,110,0.00%,386,42300,0,0,110.4,112.1,111.2617773,112.2104845,47.81626506,-0.948707199,-0.676439304,3.142857143,112.1,2.049390153,116.1987803,108.0012197,-6335
ADBL,2/9/2012,110,110,109,109,-0.91%,920,100990,-0.009090909,-0.009132484,110,111.85,110.9138116,111.9726708,55.16564417,-1.05885927,-0.752923297,2.928571429,111.85,2.109502311,116.0690046,107.6309954,-7255
ADBL,2/12/2012,109,109,108,109,0.00%,1309,142115,0,0,109.8,111.75,110.619379,111.752473,61.29237288,-1.133093978,-0.828957434,2.714285714,111.75,2.197486603,116.1449732,107.3550268,-7255
ADBL,2/13/2012,109,111,107,108,-0.92%,1992,216906,-0.009174312,-0.009216655,109.2,111.55,110.2163976,111.474512,54.89563567,-1.258114402,-0.914788827,2.785714286,111.55,2.350251946,116.2505039,106.8494961,-9247
ADBL,2/14/2012,108,110,107,109,0.93%,1961,211790,0.009259259,0.009216655,109,111.4,110.0292595,111.2912148,63.38570548,-1.26195531,-0.984222124,2.571428571,111.4,2.414866238,116.2297325,106.5702675,-7286
ADBL,2/15/2012,109,111,110,111,1.83%,276,30410,0.018348624,0.018182319,109.2,111.35,110.1786042,111.2696434,71.58697159,-1.091039152,-1.00558553,2.5,111.35,2.412140347,116.1742807,106.5257193,-7010
ADBL,2/16/2012,111,109,107,108,-2.70%,550,59100,-0.027027027,-0.027398974,109,111.2,109.8434343,111.0274476,72.92299564,-1.184013227,-1.041271069,2.5,111.2,2.525657809,116.2513156,106.1486844,-7560
ADBL,2/21/2012,108,109,108,109,0.93%,631,68289,0.009259259,0.009216655,109,111,109.7136752,110.8772663,73.35612835,-1.163591054,-1.065735066,2.357142857,111,2.533979604,116.0679592,105.9320408,-6929
ADBL,2/23/2012,109,109,107,109,0.00%,1230,132700,0,0,109.2,110.6,109.603879,110.7382095,74.46268856,-1.13433048,-1.079454149,2.214285714,110.6,2.137386501,114.874773,106.325227,-6929
ADBL,2/26/2012,109,109,105,107,-1.83%,2747,293109,-0.018348624,-0.018519048,108.8,110.1,109.2032822,110.4613051,76.72627235,-1.258022845,-1.115167888,2.285714286,110.1,1.682729612,113.4654592,106.7345408,-9676
ADBL,2/27/2012,107,109,107,108,0.93%,1285,139322,0.009345794,0.009302393,108.2,109.9,109.0181619,110.2789862,76.74546454,-1.260824295,-1.144299169,2.285714286,109.9,1.682729612,113.2654592,106.5345408,-8391
ADBL,2/28/2012,108,110,107,109,0.93%,2204,238530,0.009259259,0.009216655,108.4,109.65,109.0153678,110.1842465,76.58131488,-1.168878715,-1.149215078,2.357142857,109.65,1.386969434,112.4239389,106.8760611,-6187
ADBL,2/29/2012,109,109,108,108,-0.92%,1030,111630,-0.009174312,-0.009216655,108.2,109.45,108.8591573,110.0224504,77.9630112,-1.163293105,-1.152030684,2.357142857,109.45,1.316894273,112.0837885,106.8162115,-7217
ADBL,3/1/2012,108,109,107,108,0.00%,2300,249002,0,0,108,109.25,108.7269793,109.8726393,79.55532167,-1.145660013,-1.15075655,2.214285714,109.25,1.208522369,111.6670447,106.8329553,-7217
ADBL,3/4/2012,108,109,104,109,0.93%,1451,155189,0.009259259,0.009216655,108.4,109.2,108.7689825,109.8079994,79.64903091,-1.039016878,-1.128408615,2.5,109.2,1.196486083,111.5929722,106.8070278,-5766
ADBL,3/5/2012,109,109,107,107,-1.83%,460,49660,-0.018348624,-0.018519048,108.2,109,108.4968313,109.5999994,78.72689938,-1.103168076,-1.123360507,2.571428571,109,1.213953957,111.4279079,106.5720921,-6226
ADBL,3/6/2012,107,107,105,105,-1.87%,2124,225526,-0.018691589,-0.018868484,107.4,108.7,107.9588573,109.2592587,76.20578778,-1.300401429,-1.158768692,2.642857143,108.7,1.417930293,111.5358606,105.8641394,-8350
ADBL,3/11/2012,105,106,105,106,0.95%,754,79584,0.00952381,0.009478744,107,108.5,107.6574946,109.0178321,92.20132743,-1.360337516,-1.199082457,2.428571429,108.5,1.504379571,111.5087591,105.4912409,-7596
ADBL,3/12/2012,106,107,102,106,0.00%,1022,106572,0,0,106.6,108.25,107.4024954,108.794289,89.94771863,-1.391793567,-1.237624679,2.571428571,108.25,1.482352327,111.2147047,105.2852953,-7596
ADBL,3/13/2012,106,106,104,104,-1.89%,1321,137985,-0.018867925,-0.019048195,105.6,107.95,106.8790346,108.4391565,78.8638985,-1.560121885,-1.30212412,2.571428571,107.95,1.700619082,111.3512382,104.5487618,-8917
ADBL,3/14/2012,104,105,103,103,-0.96%,793,82513,-0.009615385,-0.009661911,104.8,107.6,106.2822601,108.036256,70,-1.753995959,-1.392498488,2.428571429,107.6,1.95744194,111.5148839,103.6851161,-9710
ADBL,3/15/2012,103,103,101,103,0.00%,842,85504,0,0,104.4,107.3,105.777297,107.6632,70.18569464,-1.885903043,-1.491179399,2.5,107.3,2.178845663,111.6576913,102.9423087,-9710
ADBL,3/18/2012,103,103,101,103,0.00%,1003,102758,0,0,103.8,107,105.3500205,107.3177778,75.78908281,-1.967757277,-1.586494975,2.5,107,2.339590607,111.6791812,102.3208188,-9710
ADBL,3/19/2012,103,105,102,102,-0.97%,311,32483,-0.009708738,-0.009756175,103,106.7,104.8346327,106.9238683,79.52022914,-2.089235582,-1.687043096,2.428571429,106.7,2.577228213,111.8544564,101.5455436,-10021
ADBL,3/20/2012,102,103,101,101,-0.98%,4107,416910,-0.009803922,-0.009852296,102.4,106.3,104.2446892,106.4850633,74.25310507,-2.240374019,-1.797709281,2.428571429,106.3,2.811629982,111.92326,100.67674,-14128
ADBL,3/21/2012,101,106,101,104,2.97%,1257,129261,0.02970297,0.029270382,102.6,105.95,104.2070447,106.3009845,61.34249899,-2.093939758,-1.856955376,2.571428571,105.95,2.62528194,111.2005639,100.6994361,-12871
ADBL,3/25/2012,104,106,102,106,1.92%,920,95370,0.019230769,0.019048195,103.2,105.85,104.482884,106.2786894,47.16981132,-1.79580534,-1.844725369,2.785714286,105.85,2.58079955,111.0115991,100.6884009,-11951
ADBL,3/26/2012,106,107,103,107,0.94%,2082,221133,0.009433962,0.00938974,104,105.75,104.8701326,106.3321198,45.09695291,-1.461987144,-1.768177724,2.928571429,105.75,2.48945143,110.7289029,100.7710971,-9869
ADBL,3/27/2012,107,105,102,103,-3.74%,270,27830,-0.037383178,-0.038099846,104.2,105.45,104.5824199,106.0852961,29.56645345,-1.502876169,-1.715117413,2.928571429,105.45,2.438183103,110.3263662,100.5736338,-10139
ADBL,3/28/2012,103,106,104,106,2.91%,1615,169040,0.029126214,0.028710106,105.2,105.4,104.8005092,106.0789779,27.67123288,-1.278468697,-1.62778767,3,105.4,2.414866238,110.2297325,100.5702675,-8524
ADBL,3/29/2012,106,108,105,105,-0.94%,1395,148120,-0.009433962,-0.009478744,105.4,105.25,104.8312001,105.9990536,23.23727774,-1.167853513,-1.535800838,3.071428571,105.25,2.336776908,109.9235538,100.5764462,-9919
ADBL,4/1/2012,105,106,105,106,0.95%,1762,185480,0.00952381,0.009478744,105.4,105.1,105.0110154,105.9991237,20.54398148,-0.988108243,-1.426262319,3.071428571,105.1,2.174009151,109.4480183,100.7519817,-8157
ADBL,4/2/2012,106,106,104,105,-0.94%,1275,133865,-0.009433962,-0.009478744,105,104.95,105.0093208,105.9251145,15.08007117,-0.915793764,-1.324168608,2.857142857,104.95,2.064104241,109.0782085,100.8217915,-9432
ADBL,4/3/2012,105,106,106,106,0.95%,680,72080,0.00952381,0.009478744,105.6,104.85,105.1617329,105.9306616,15.27027027,-0.768928645,-1.213120616,2.785714286,104.85,1.954078057,108.7581561,100.9418439,-8752
ADBL,4/4/2012,106,106,105,105,-0.94%,3550,376180,-0.009433962,-0.009478744,105.4,104.65,105.136851,105.8617237,32.85933897,-0.72487274,-1.115471041,2.714285714,104.65,1.694418081,108.0388362,101.2611638,-12302
ADBL,4/5/2012,105,106,105,106,0.95%,680,71490,0.00952381,0.009478744,105.6,104.6,105.2696431,105.8719664,27.97704448,-0.602323269,-1.012841486,2.642857143,104.6,1.635140425,107.8702809,101.3297191,-11622
ADBL,4/8/2012,106,106,105,106,0.00%,1051,111356,0,0,105.6,104.65,105.3820057,105.8814504,34.42622951,-0.499444642,-0.910162117,2.571428571,104.65,1.663066287,107.9761326,101.3238674,-11622
ADBL,4/9/2012,106,107,105,106,0.00%,921,97896,0,0,105.8,104.65,105.4770818,105.8902318,28.19706499,-0.413150053,-0.810759705,2.5,104.65,1.663066287,107.9761326,101.3238674,-11622
ADBL,4/10/2012,106,106,104,106,0.00%,1313,138808,0,0,105.8,104.65,105.5575307,105.8983628,45.4705365,-0.34083207,-0.716774178,2.5,104.65,1.663066287,107.9761326,101.3238674,-11622
ADBL,4/11/2012,106,110,107,107,0.94%,2180,233710,0.009433962,0.00938974,106.2,104.8,105.7794491,105.9799655,47.97401794,-0.200516475,-0.613522637,2.428571429,104.8,1.735086832,108.2701737,101.3298263,-9442
ADBL,4/12/2012,107,114,108,114,6.54%,683,75303,0.065420561,0.063369614,107.8,105.35,107.0441492,106.5740422,57.16869026,0.470107042,-0.396796701,2.642857143,105.35,2.641271624,110.6325432,100.0674568,-8759
ADBL,4/15/2012,114,124,116,123,7.89%,2514,301404,0.078947368,0.075985907,111.2,106.35,109.4988955,107.7907798,59.84885422,1.7081157,0.024185779,3.071428571,106.35,4.693500545,115.7370011,96.96299891,-6245
ADBL,4/16/2012,123,135,125,135,9.76%,833,109229,0.097560976,0.093090423,117,107.95,113.4221423,109.8062776,57.92817005,3.615864755,0.742521574,3.571428571,107.95,7.870497878,123.6909958,92.20900424,-5412
ADBL,4/17/2012,135,133,130,130,-3.70%,1789,235440,-0.037037037,-0.037740328,121.8,109.35,115.972582,111.3021089,58.8935748,4.670473105,1.52811188,3.714285714,109.35,9.143735273,127.6374705,91.06252945,-7201
ADBL,4/18/2012,130,128,120,124,-4.62%,3301,408208,-0.046153846,-0.047252885,125.2,110.5,117.2075694,112.2426934,60.36104755,4.964875965,2.215464697,4.214285714,110.5,9.478507544,129.4570151,91.54298491,-10502
ADBL,4/19/2012,124,128,120,122,-1.61%,4668,576322,-0.016129032,-0.016260521,126.8,111.4,117.9448664,112.9654569,58.86436896,4.979409534,2.768253665,4.714285714,111.4,9.681235241,130.7624705,92.03752952,-15170
ADBL,4/22/2012,122,124,122,123,0.82%,1560,192010,0.008196721,0.008163311,126.8,112.25,118.7225792,113.7087563,62.68814365,5.013822906,3.217367513,4.714285714,112.25,9.925379484,132.100759,92.39924103,-13610
ADBL,4/24/2012,123,129,125,129,4.88%,100,12700,0.048780488,0.047628049,125.6,113.35,120.3037209,114.8414411,68.48704374,5.462279844,3.666349979,5.071428571,113.35,10.51452629,134.3790526,92.32094741,-13510
ADBL,4/25/2012,129,135,135,135,4.65%,70,9450,0.046511628,0.045462374,126.6,114.95,122.5646869,116.3346676,71.17002294,6.230019271,4.179083838,5.428571429,114.95,11.2646396,137.4792792,92.4207208,-13440
ADBL,4/26/2012,135,148,137,148,9.63%,8831,1274199,0.096296296,0.091937495,131.4,117.05,126.477812,118.6802478,71.68164313,7.797564186,4.902779907,6.285714286,117.05,13.24853517,143.5470703,90.55292966,-4609
ADBL,4/29/2012,148,159,141,150,1.35%,8923,1328959,0.013513514,0.01342302,137,119.3,130.0966102,121.0002295,70.13268346,9.096380696,5.741500065,7.5,119.3,14.82210298,148.944206,89.65579403,4314
ADBL,4/30/2012,150,153,135,140,-6.67%,5694,813164,-0.066666667,-0.068992871,140.4,121,131.6202086,122.4076199,72.54901961,9.212588723,6.435717797,8.642857143,121,15.16228007,151.3245601,90.67543987,-1380
ADBL,5/2/2012,140,140,128,128,-8.57%,980,129220,-0.085714286,-0.089612159,140.2,122.15,131.0632534,122.8218703,64.27576602,8.241383175,6.796850872,9.357142857,122.15,14.75153872,151.6530774,92.64692255,-2360
ADBL,5/3/2012,128,132,130,132,3.12%,241,31510,0.03125,0.030771659,139.6,123.45,131.2073683,123.5017317,62.40703178,7.705636569,6.978608012,9.357142857,123.45,14.3947176,152.2394352,94.6605648,-2119
ADBL,5/7/2012,132,134,134,134,1.52%,183,24522,0.015151515,0.015037877,136.8,124.9,131.6370039,124.2793812,53.17894737,7.357622715,7.054410952,9,124.9,13.8901707,152.6803414,97.1196586,-1936
ADBL,5/8/2012,134,142,136,142,5.97%,2332,321736,0.059701493,0.057987258,135.2,126.7,133.231311,125.5920196,43.42832837,7.639291374,7.171387037,8.857142857,126.7,13.64242608,153.9848522,99.41514783,396
ADBL,5/9/2012,142,148,133,142,0.00%,7062,996321,0,0,135.6,128.5,134.5803401,126.8074256,46.13733906,7.772914496,7.291692528,9.071428571,128.5,13.13292367,154.7658473,102.2341527,396
ADBL,5/10/2012,142,142,129,139,-2.11%,11243,1556324,-0.021126761,-0.021353124,137.8,130.15,135.2602878,127.7105793,40.68311195,7.549708514,7.343295726,9.642857143,130.15,12.19695821,154.5439164,105.7560836,-10847
ADBL,5/13/2012,139,137,130,132,-5.04%,3133,415883,-0.050359712,-0.051672011,137.8,131.45,134.758705,128.0283141,39.79213066,6.73039091,7.220714762,9.571428571,131.45,10.79217553,153.0343511,109.8656489,-13980
ADBL,5/14/2012,132,130,121,125,-5.30%,5092,635763,-0.053030303,-0.054488185,136,132.35,133.2573658,127.8039946,38.16304735,5.453371238,6.867246058,9.785714286,132.35,9.292186871,150.9343737,113.7656263,-19072
ADBL,5/15/2012,125,137,127,137,9.60%,696,92212,0.096,0.091667189,135,133.5,133.8331557,128.4851802,40.8692337,5.347975527,6.563391952,10.5,133.5,8.268519883,150.0370398,116.9629602,-18376
ADBL,5/16/2012,137,139,139,139,1.46%,150,20850,0.01459854,0.014493007,134.4,134.3,134.6280548,129.2640557,43.35281227,5.363999109,6.323513383,10.21428571,134.3,7.967697944,150.2353959,118.3646041,-18226
ADBL,5/17/2012,139,147,141,141,1.44%,6469,933133,0.014388489,0.014285957,134.8,134.6,135.6083541,130.1333849,23.97058824,5.474969162,6.153804539,10.35714286,134.6,8.107176808,150.8143536,118.3856464,-11757
ADBL,5/20/2012,141,142,134,139,-1.42%,6548,909268,-0.014184397,-0.014285957,136.2,135.05,136.1301457,130.7901712,28.13522356,5.339974541,5.991038539,10,135.05,8.088165494,151.226331,118.873669,-18305
ADBL,5/21/2012,139,145,138,139,0.00%,3222,451680,0,0,139,135.8,136.5716618,131.3983067,29.21589689,5.173355114,5.827501854,9.214285714,135.8,7.695521596,151.1910432,120.4089568,-18305
ADBL,5/22/2012,139,143,133,143,2.88%,8963,1252988,0.028776978,0.028370697,140.2,136.85,137.5606369,132.2576914,26.38215325,5.302945533,5.72259059,8.642857143,136.85,7.125011542,151.1000231,122.5999769,-9342
ADBL,5/23/2012,143,141,133,133,-6.99%,905,123926,-0.06993007,-0.072495502,139,137.35,136.8590005,132.3126772,26.05363985,4.546323262,5.487337124,8.5,137.35,6.41769757,150.1853951,124.5146049,-10247
ADBL,5/24/2012,133,143,133,143,7.52%,7754,1084486,0.07518797,0.072495502,139.4,138.05,137.8037696,133.1043307,26.4849075,4.699438882,5.329757476,8.928571429,138.05,6.21945166,150.4889033,125.6110967,-2493
ADBL,5/27/2012,143,153,140,148,3.50%,6836,998739,0.034965035,0.034367644,141.2,138.7,139.3724204,134.2077136,17.12076583,5.164706802,5.296747341,9.714285714,138.7,6.554227242,151.8084545,125.5915455,4343
ADBL,5/29/2012,148,146,134,134,-9.46%,3959,531126,-0.094594595,-0.099372474,140.2,138,138.5458942,134.1923274,29.60526316,4.353566776,5.108111228,10.14285714,138,6.249210476,150.498421,125.501579,384
ADBL,5/30/2012,134,132,121,121,-9.70%,4480,557981,-0.097014925,-0.102049254,135.8,136.55,135.8465259,133.215118,41.20879121,2.631407875,4.612770557,10,136.55,6.668661982,149.887324,123.212676,-4096
ADBL,5/31/2012,121,128,119,128,5.79%,1231,151903,0.05785124,0.056239718,134.8,135.95,134.6393681,132.828813,48.02651401,1.810555085,4.052327463,9.714285714,135.95,6.878456069,149.7069121,122.1930879,-2865
ADBL,6/3/2012,128,140,125,140,9.38%,1647,216171,0.09375,0.089612159,134.2,136.55,135.4640807,133.360012,53.24985092,2.104068653,3.662675701,10.14285714,136.55,6.668661982,149.887324,123.212676,-1218
ADBL,6/4/2012,140,141,130,133,-5.00%,3705,505703,-0.05,-0.051293294,131.2,136.6,135.0849913,133.3333444,63.10272537,1.751646877,3.280469936,10.14285714,136.6,6.636422625,149.8728453,123.3271547,-4923
ADBL,6/5/2012,133,135,131,133,0.00%,2968,396926,0,0,131,136.55,134.7642234,133.3086523,66.7648792,1.455571162,2.915490181,9.571428571,136.55,6.660764932,149.8715299,123.2284701,-4923
ADBL,6/6/2012,133,131,125,126,-5.26%,1331,169046,-0.052631579,-0.054067221,132,135.75,133.4158814,132.7672706,55.50483351,0.648610745,2.462114294,10,135.75,6.927253576,149.6045072,121.8954928,-6254
ADBL,6/7/2012,126,134,122,131,3.97%,2120,272620,0.03968254,0.038915416,132.6,135.2,133.0442073,132.6363617,57.7619169,0.407845624,2.05126056,10.28571429,135.2,6.841052551,148.8821051,121.5178949,-4134
ADBL,6/10/2012,131,140,133,138,5.34%,8139,1121181,0.053435115,0.052056362,132.2,135.15,133.806637,133.0336682,52.98154283,0.772968727,1.795602193,10.35714286,135.15,6.815423685,148.7808474,121.5191526,4005
ADBL,6/11/2012,138,142,136,140,1.45%,4583,639992,0.014492754,0.014388737,133.6,135.55,134.759462,133.5496928,52.06514043,1.209769235,1.678435602,10.28571429,135.55,6.85546267,149.2609253,121.8390747,8588
ADBL,6/12/2012,140,142,139,140,0.00%,4983,700086,0,0,135,136.3,135.5656986,134.0274933,50.88811995,1.538205312,1.650389544,9.785714286,136.3,6.448990129,149.1979803,123.4020197,8588
ADBL,6/13/2012,140,146,138,141,0.71%,8518,1212358,0.007142857,0.007117468,138,136.5,136.401745,134.5439753,51.26655822,1.857769699,1.691865575,9.642857143,136.5,6.533315431,149.5666309,123.4333691,17106
ADBL,6/14/2012,141,139,133,136,-3.55%,1912,261330,-0.035460993,-0.036105005,139,136.35,136.3399381,134.651829,52.02830189,1.688109093,1.691114278,9.5,136.35,6.507283369,149.3645667,123.3354333,15194
ADBL,6/17/2012,136,136,128,134,-1.47%,2426,319452,-0.014705882,-0.014815086,138.2,136,135.9799476,134.6035454,58.06791261,1.376402248,1.628171872,9.142857143,136,6.431828749,148.8636575,123.1363425,12768
ADBL,6/18/2012,134,133,130,133,-0.75%,2589,339342,-0.007462687,-0.007490672,136.8,135.7,135.5214941,134.4847642,54.60245084,1.036729907,1.509883479,8.428571429,135.7,6.424459838,148.5489197,122.8510803,10179
ADBL,6/19/2012,133,133,131,132,-0.75%,1549,205401,-0.007518797,-0.007547206,135.2,135.35,134.9797258,134.3007076,41.61030596,0.679018189,1.343710421,7.642857143,135.35,6.425893344,148.2017867,122.4982133,8630
ADBL,6/20/2012,132,136,132,134,1.52%,1361,181782,0.015151515,0.015037877,133.8,134.9,134.8289988,134.278433,34.91915423,0.55056578,1.185081493,7.285714286,134.9,6.172093392,147.2441868,122.5558132,9991
ADBL,6/21/2012,134,137,135,136,1.49%,1170,159205,0.014925373,0.014815086,133.8,135.05,135.0091528,134.4059565,27.19042056,0.603196334,1.068704461,6.428571429,135.05,6.159929938,147.3698599,122.7301401,11161
ADBL,6/25/2012,136,140,133,140,2.94%,1760,240479,0.029411765,0.028987537,135,134.9,135.7769754,134.8203301,19.34665398,0.956645386,1.046292646,6.142857143,134.9,5.990343106,146.8806862,122.9193138,12921
ADBL,6/26/2012,140,138,134,136,-2.86%,2036,276849,-0.028571429,-0.028987537,135.6,134.3,135.8112869,134.907713,13.77519853,0.903573898,1.017748896,6.285714286,134.3,5.151392249,144.6027845,123.9972155,10885
ADBL,6/27/2012,136,140,132,140,2.94%,2422,335010,0.029411765,0.028987537,137.2,134.6,136.4557043,135.2849195,14.02799378,1.170784852,1.048356088,6.285714286,134.6,5.305409355,145.2108187,123.9891813,13307
ADBL,6/28/2012,140,142,139,140,0.00%,2876,405460,0,0,138.4,135.55,137.0009806,135.6341847,3.491620112,1.366795887,1.112044047,5.642857143,135.55,4.35859707,144.2671941,126.8328059,13307
ADBL,7/1/2012,140,142,140,142,1.43%,3643,511666,0.014285714,0.014184635,139.6,136.25,137.7700605,136.1057266,22.33567326,1.664333924,1.222502023,5.142857143,136.25,4.203695116,144.6573902,127.8426098,16950
ADBL,7/2/2012,142,145,140,141,-0.70%,3256,461850,-0.007042254,-0.007067167,139.8,136.3,138.2669743,136.4682653,41.42156863,1.798708922,1.337743403,5.071428571,136.3,4.256264733,144.8125295,127.7874705,13694
ADBL,7/3/2012,141,141,140,141,0.00%,880,123560,0,0,140.8,136.7,138.6874398,136.8039494,44.35695538,1.883490372,1.446892797,4.928571429,136.7,4.305443311,145.3108866,128.0891134,13694
ADBL,7/4/2012,141,146,140,146,3.55%,3868,552017,0.035460993,0.034846731,142,137.35,139.812449,137.4851383,44.70899471,2.327310706,1.622976379,4.785714286,137.35,4.682273402,146.7145468,127.9854532,17562
ADBL,7/5/2012,146,145,142,145,-0.68%,3056,440599,-0.006849315,-0.006872879,143,138.3,140.6105338,138.0417947,42.46231156,2.568739051,1.812128913,4.5,138.3,4.156162197,146.6123244,129.9876756,14506
ADBL,7/8/2012,145,148,143,144,-0.69%,2338,339189,-0.006896552,-0.006920443,143.4,138.95,141.1319901,138.4831433,41.42156863,2.648846853,1.979472501,4.285714286,138.95,3.966637181,146.8832744,131.0167256,12168
ADBL,7/9/2012,144,150,144,148,2.78%,3893,580402,0.027777778,0.027398974,144.8,139.45,142.188607,139.1880956,46.65178571,3.000511407,2.183680282,4.428571429,139.45,4.442320399,148.3346408,130.5653592,16061
ADBL,7/10/2012,148,153,148,150,1.35%,3747,562915,0.013513514,0.01342302,146.6,139.95,143.3903598,139.9889774,53.03030303,3.401382365,2.427220699,4.642857143,139.95,5.031218331,150.0124367,129.8875633,19808
ADBL,7/11/2012,150,152,148,152,1.33%,3631,547862,0.013333333,0.013245227,147.8,140.55,144.7149198,140.8786828,54.32372506,3.836237021,2.709023963,4.642857143,140.55,5.707566538,151.9651331,129.1348669,23439
ADBL,7/12/2012,152,156,149,151,-0.66%,3977,603820,-0.006578947,-0.006600684,149,141.05,145.6818552,141.62841,61.12412178,4.053445233,2.977908217,4.928571429,141.05,6.168468205,153.3869364,128.7130636,19462
ADBL,7/15/2012,151,156,151,156,3.31%,1722,264957,0.033112583,0.03257617,151.4,142.05,147.2692621,142.6929722,61.41176471,4.576289897,3.297584553,4.785714286,142.05,6.886103474,155.8222069,128.2777931,21184
ADBL,7/16/2012,156,162,150,162,3.85%,12898,2056829,0.038461538,0.037740328,154.2,143.45,149.5355295,144.1231224,60.83916084,5.412407058,3.720549054,5.214285714,143.45,7.930454291,159.3109086,127.5890914,34082
ADBL,7/17/2012,162,175,161,171,5.56%,12061,2022192,0.055555556,0.054067221,158.4,145.35,152.8377557,146.1140023,68.32460733,6.72375347,4.321189937,5.642857143,145.35,9.65878384,164.6675677,126.0324323,46143
ADBL,7/18/2012,171,186,170,186,8.77%,8985,1579465,0.087719298,0.084083117,165.2,148.05,157.9396395,149.0685206,63.34951456,8.871118853,5.231175721,6.571428571,148.05,12.77528453,173.6005691,122.4994309,55128
ADBL,7/19/2012,186,198,176,198,6.45%,21519,3981231,0.064516129,0.062520357,174.6,151.25,164.1027718,152.6930746,58.05555556,11.40969722,6.466880019,8,151.25,16.5334589,184.3169178,118.1830822,76647
ADBL,7/22/2012,198,200,187,192,-3.03%,19689,3862081,-0.03030303,-0.030771659,181.8,154.05,168.3946531,155.6046987,42.58555133,12.78995437,7.731494889,8.571428571,154.05,18.44615207,190.9423041,117.1576959,56958
ADBL,7/23/2012,192,198,189,190,-1.04%,13375,2595472,-0.010416667,-0.0104713,187.4,156.55,171.7185526,158.1524988,40.72727273,13.5660538,8.898406671,9.142857143,156.55,19.78163689,196.1132738,116.9867262,43583
ADBL,7/24/2012,190,190,181,190,0.00%,7364,1373111,0,0,191.2,159.25,174.531083,160.511573,48.57142857,14.01951,9.922627337,9.357142857,159.25,20.50128366,200.2525673,118.2474327,43583
ADBL,7/25/2012,190,187,181,184,-3.16%,10548,1941772,-0.031578947,-0.032088315,190.8,161.45,175.9878395,162.2514565,63.02083333,13.73638298,10.68537847,9.714285714,161.45,20.6868252,202.8236504,120.0763496,33035
ADBL,7/26/2012,184,181,175,177,-3.80%,4910,865984,-0.038043478,-0.038786025,186.6,163.3,176.1435565,163.3439412,72.35772358,12.79961528,11.10822583,10,163.3,20.31877535,203.9375507,122.6624493,28125
ADBL,7/29/2012,177,174,161,166,-6.21%,4932,816039,-0.062146893,-0.064161944,181.4,164.5,174.5830093,163.5406863,60.27777778,11.04232304,11.09504527,10.71428571,164.5,19.69370725,203.8874145,125.1125855,23193
ADBL,7/30/2012,166,172,163,171,3.01%,7450,1264553,0.030120482,0.029675768,177.6,166,174.0317771,164.093228,53.55029586,9.938549078,10.86374603,11,166,18.93757057,203.8751411,128.1248589,30643
ADBL,7/31/2012,171,182,168,176,2.92%,4757,830988,0.029239766,0.028820439,174.8,167.75,174.3345806,164.9752111,62.26415094,9.359369491,10.56287072,11.71428571,167.75,18.10459378,203.9591876,131.5408124,35400
ADBL,8/1/2012,176,182,174,180,2.27%,6479,1164471,0.022727273,0.022472856,174,169.45,175.2061836,166.0881585,63.63636364,9.118025148,10.27390161,11.78571429,169.45,17.54235476,204.5347095,134.3652905,41879
ADBL,8/5/2012,180,184,178,181,0.56%,4178,756789,0.005555556,0.00554018,174.8,171.25,176.09754,167.1927393,58.05687204,8.904800661,10.00008142,11.85714286,171.25,16.72966165,204.7093233,137.7906767,46057
ADBL,8/6/2012,181,183,180,181,0.00%,5741,1041584,0,0,177.8,173.1,176.8517646,168.2154994,60.49382716,8.636265229,9.727318181,11.21428571,173.1,15.5627761,204.2255522,141.9744478,46057
ADBL,8/7/2012,181,184,174,176,-2.76%,4255,766179,-0.027624309,-0.028013036,178.8,174.5,176.7207239,168.792129,62.96296296,7.928594845,9.367573514,10.92857143,174.5,14.40211973,203.3042395,145.6957605,41802
ADBL,8/8/2012,176,179,170,179,1.70%,6744,1193276,0.017045455,0.016901811,179.4,175.95,177.0713818,169.5482676,64.91646778,7.523114119,8.998681635,10.42857143,175.95,13.21671589,202.3834318,149.5165682,48546
ADBL,8/12/2012,179,179,167,171,-4.47%,3111,526901,-0.044692737,-0.045722249,177.6,176.9,176.137323,169.6558034,53.33333333,6.481519657,8.495249239,9.714285714,176.9,12.03459924,200.9691985,152.8308015,45435
ADBL,8/13/2012,171,168,160,168,-1.75%,3464,565610,-0.01754386,-0.017699577,175,177.75,174.8854272,169.5331513,50.67698259,5.352275908,7.866654573,9.571428571,177.75,10.62705089,199.0041018,156.4958982,41971
ADBL,8/14/2012,168,168,165,166,-1.19%,1990,331980,-0.011904762,-0.011976191,172,178.25,173.5184384,169.2714364,47.20720721,4.247002021,7.142724063,9.142857143,178.25,9.748819092,197.7476382,158.7523618,39981
ADBL,8/15/2012,166,166,161,163,-1.81%,4533,745798,-0.018072289,-0.018237588,169.4,178.3,171.9002171,168.8068855,42.99610895,3.093331573,6.332845565,8.857142857,178.3,9.663278293,197.6265566,158.9734434,35448
ADBL,8/16/2012,163,176,166,170,4.29%,5649,963562,0.042944785,0.042048236,167.6,178.25,171.607876,168.8952644,30.41474654,2.712611632,5.608798778,9.142857143,178.25,9.705532877,197.6610658,158.8389342,41097
ADBL,8/19/2012,170,175,170,173,1.76%,5601,963445,0.017647059,0.017493157,168,177.6,171.8220489,169.1993189,24.94172494,2.622730064,5.011585035,8.857142857,177.6,9.593857684,196.7877154,158.4122846,46698
ADBL,8/21/2012,173,175,164,166,-4.05%,5218,872531,-0.040462428,-0.041303806,167.6,176,170.9263491,168.9623323,32.77511962,1.964016812,4.402071391,8.5,176,8.632862549,193.2657251,158.7342749,41480
ADBL,8/22/2012,166,167,161,165,-0.60%,4219,694872,-0.006024096,-0.006042314,167.4,174.65,170.0146031,168.6688262,30.85585586,1.345776893,3.790812491,8.285714286,174.65,8.093369606,190.8367392,158.4632608,37261
ADBL,8/23/2012,165,167,162,165,0.00%,3162,518253,0,0,167.8,173.4,169.2431257,168.3970613,21.48148148,0.846064399,3.201862873,7.642857143,173.4,7.507189536,188.4143791,158.3856209,37261
ADBL,8/26/2012,165,174,165,173,4.85%,10162,1747933,0.048484848,0.047346121,168.4,172.55,169.8211063,168.7380197,12.83783784,1.083086641,2.778107626,7.714285714,172.55,6.411133408,185.3722668,159.7277332,47423
ADBL,8/27/2012,173,177,174,175,1.16%,3340,585390,0.011560694,0.011494379,168.8,172.1,170.6178592,169.2018701,9.452736318,1.415989119,2.505683925,7.571428571,172.1,5.857069503,183.814139,160.385861,50763
ADBL,8/28/2012,175,180,173,177,1.14%,7405,1315960,0.011428571,0.011363759,171,172.1,171.599727,169.7795093,9.847198642,1.82021768,2.368590676,7.857142857,172.1,5.857069503,183.814139,160.385861,58168
ADBL,8/29/2012,177,176,173,176,-0.56%,6758,1185158,-0.005649718,-0.005665738,173.2,172.6,172.2766921,170.2402864,15.84786054,2.036405667,2.302153674,7.428571429,172.6,5.73447561,184.0689512,161.1310488,51410
ADBL,8/30/2012,176,173,170,171,-2.84%,1905,327625,-0.028409091,-0.028820439,174.4,172.6,172.0802779,170.2965615,18.79936809,1.783716419,2.198466223,7.214285714,172.6,5.73447561,184.0689512,161.1310488,49505
ADBL,9/2/2012,171,172,170,171,0.00%,2866,489510,0,0,174,172.35,171.9140813,170.3486681,24.1622575,1.565413259,2.07185563,6.5,172.35,5.687243343,183.7244867,160.9755133,49505
ADBL,9/3/2012,171,175,171,171,0.00%,4178,719780,0,0,173.2,171.9,171.7734534,170.3969149,24.86388385,1.376538553,1.932792215,6,171.9,5.398830283,182.6976606,161.1023394,49505
ADBL,9/4/2012,171,170,168,170,-0.58%,5642,957458,-0.005847953,-0.005865119,171.8,171.35,171.5006144,170.3675138,29.92125984,1.133100666,1.772853905,6,171.35,4.9659366,181.2818732,161.4181268,43863
ADBL,9/5/2012,170,172,170,170,0.00%,2370,403420,0,0,170.6,170.8,171.2697507,170.3402905,30.6042885,0.929460149,1.604175154,5.785714286,170.8,4.420050012,179.6401,161.9599,43863
ADBL,9/6/2012,170,171,170,170,0.00%,7102,1207410,0,0,170.4,170.5,171.0744044,170.3150838,32.49027237,0.759320596,1.435204242,4.928571429,170.5,4.248838851,178.9976777,162.0023223,43863
ADBL,9/9/2012,170,172,170,171,0.59%,5013,856792,0.005882353,0.005865119,170.4,170.1,171.0629576,170.3658184,27.19869707,0.697139231,1.28759124,4.714285714,170.1,3.754295785,177.6085916,162.5914084,48876
ADBL,9/10/2012,171,172,166,172,0.58%,5097,870547,0.005847953,0.00583092,170.6,170.15,171.207118,170.4868688,22.31270358,0.72024911,1.174122814,4.357142857,170.15,3.773522715,177.6970454,162.6029546,53973
ADBL,9/11/2012,172,172,170,172,0.00%,1662,284433,0,0,171,170.35,171.3290998,170.5989526,29.96794872,0.730147173,1.085327686,4.071428571,170.35,3.759549245,177.8690985,162.8309015,53973
ADBL,9/12/2012,172,172,171,171,-0.58%,3222,552452,-0.005813953,-0.00583092,171.2,170.6,171.2784691,170.6286598,26.98412698,0.649809221,0.998223993,3.785714286,170.6,3.618665064,177.8373301,163.3626699,50751
ADBL,9/13/2012,171,173,171,173,1.17%,2968,512518,0.011695906,0.011628038,171.8,171.1,171.54332,170.8043147,28.94736842,0.739005307,0.946380256,3.285714286,171.1,3.17722156,177.4544431,164.7455569,53719
ADBL,9/16/2012,173,175,172,175,1.16%,3274,568210,0.011560694,0.011494379,172.6,171.35,172.0751169,171.1151062,35.61904762,0.960010727,0.94910635,3.214285714,171.35,3.281126251,177.9122525,164.7877475,56993
ADBL,9/17/2012,175,177,173,177,1.14%,3239,566717,0.011428571,0.011363759,173.6,171.55,172.8327912,171.5510242,33.57400722,1.281766989,1.015638478,3,171.55,3.501503436,178.5530069,164.5469931,60232
ADBL,9/18/2012,177,183,175,180,1.69%,2338,418066,0.016949153,0.016807118,175.2,172.25,173.9354387,172.1768743,24.74437628,1.758564435,1.164223669,3.285714286,172.25,3.725799102,179.7015982,164.7984018,62570
ADBL,9/19/2012,180,182,177,182,1.11%,10568,1907189,0.011111111,0.011049836,177.4,173.1,175.1761405,172.9045132,21.33891213,2.271627228,1.385704381,3.214285714,173.1,3.918914995,180.93783,165.26217,73138
ADBL,9/20/2012,182,181,179,180,-1.10%,8013,1444364,-0.010989011,-0.011049836,178.8,173.85,175.9182727,173.4301049,17.07317073,2.488167852,1.606197075,3.285714286,173.85,3.717313688,181.2846274,166.4153726,65125
ADBL,9/23/2012,180,182,177,180,0.00%,7991,1441392,0,0,179.8,174.2,176.5462307,173.9167638,15.90909091,2.629466998,1.81085106,3.357142857,174.2,3.955010147,182.1100203,166.2899797,65125
ADBL,9/24/2012,180,180,177,177,-1.67%,160,28680,-0.016666667,-0.016807118,179.8,174.3,176.6160414,174.1451516,16.69793621,2.470889781,1.942858804,3.357142857,174.3,4.001315573,182.3026311,166.2973689,64965
ADBL,9/25/2012,177,176,172,175,-1.13%,4295,744936,-0.011299435,-0.011363759,178.8,174.2,176.3674196,174.2084737,17.77777778,2.158945925,1.986076228,3.571428571,174.2,3.955010147,182.1100203,166.2899797,60670
ADBL,9/26/2012,175,177,172,177,1.14%,6587,1160788,0.011428571,0.011363759,177.8,174.25,176.4647397,174.4152534,23.31606218,2.049486255,1.998758234,3.857142857,174.25,3.985169877,182.2203398,166.2796602,67257
ADBL,9/27/2012,177,174,173,174,-1.69%,1695,294040,-0.016949153,-0.017094433,176.6,174.4,176.085549,174.3844939,32.21757322,1.701055046,1.939217596,4,174.4,3.912194162,182.2243883,166.5756117,65562
ADBL,9/30/2012,174,175,173,175,0.57%,5747,1003775,0.005747126,0.005730675,175.6,174.6,175.9185414,174.430087,32.21757322,1.488454469,1.849064971,3.714285714,174.6,3.83062452,182.261249,166.938751,71309
ADBL,10/1/2012,175,176,173,175,0.00%,4962,869140,0,0,175.2,174.8,175.7772274,174.4723028,21.35523614,1.304924621,1.740236901,3.785714286,174.8,3.736026597,182.2720532,167.3279468,71309
ADBL,10/2/2012,175,176,175,175,0.00%,2888,505550,0,0,175.2,175.05,175.6576539,174.5113914,25.42787286,1.146262494,1.621442019,3.785714286,175.05,3.561120462,182.1722409,167.9277591,71309
ADBL,10/3/2012,175,176,172,176,0.57%,2684,468831,0.005714286,0.005698021,175,175.35,175.7103226,174.6216587,24.41314554,1.088663819,1.514886379,3.928571429,175.35,3.360372786,182.0707456,168.6292544,73993
ADBL,10/4/2012,176,177,175,175,-0.57%,2620,458704,-0.005681818,-0.005698021,175.2,175.6,175.6010422,174.649684,28.18428184,0.951358146,1.402180733,3.857142857,175.6,3.118704184,181.8374084,169.3625916,71373
ADBL,10/7/2012,175,178,175,175,0.00%,3211,567262,0,0,175.2,175.8,175.5085741,174.6756334,28.88888889,0.832940789,1.288332744,3.785714286,175.8,2.930780388,181.6615608,169.9384392,71373
ADBL,10/8/2012,175,176,175,175,0.00%,3157,552856,0,0,175.2,175.95,175.430332,174.6996605,26.73796791,0.730671455,1.176800486,3.285714286,175.95,2.799906013,181.549812,170.350188,71373
ADBL,10/9/2012,175,176,175,175,0.00%,5229,917062,0,0,175.2,176.1,175.364127,174.7219079,26.59574468,0.642219167,1.069884222,3,176.1,2.653696528,181.4073931,170.7926069,71373
ADBL,10/10/2012,175,181,175,176,0.57%,3367,596925,0.005714286,0.005698021,175.2,176.35,175.4619537,174.8165814,29.27536232,0.645372285,0.984981835,3.214285714,176.35,2.368099393,181.0861988,171.6138012,74740
ADBL,10/11/2012,176,177,175,175,-0.57%,7164,1258070,-0.005681818,-0.005698021,175.2,176.45,175.3908839,174.8301679,41.00294985,0.560715927,0.900128653,3,176.45,2.258900524,180.967801,171.932199,67576
ADBL,10/14/2012,175,178,175,177,1.14%,3698,652719,0.011428571,0.011363759,175.6,176.55,175.6384402,174.9908962,36.84210526,0.647543955,0.849611714,3,176.55,2.235479461,181.0209589,172.0790411,71274
ADBL,10/15/2012,177,177,175,176,-0.56%,2449,432540,-0.005649718,-0.005665738,175.8,176.5,175.6940648,175.0656447,29.6398892,0.628420114,0.805373394,2.785714286,176.5,2.236067977,180.972136,172.027864,68825
ADBL,10/17/2012,176,178,178,178,1.14%,517,92026,0.011363636,0.011299555,176.4,176.4,176.048824,175.2830043,19.87381703,0.765819724,0.79746266,2.571428571,176.4,2.112618729,180.6252375,172.1747625,69342
ADBL,10/18/2012,178,179,176,178,0.00%,1405,248955,0,0,176.8,176.2,176.349005,175.4842633,27.01149425,0.864741701,0.810918468,2.5,176.2,1.704483252,179.6089665,172.7910335,69342
ADBL,10/30/2012,178,183,176,183,2.81%,1294,231559,0.028089888,0.027702603,178.4,176.35,177.372235,176.0409845,42.41645244,1.331250468,0.914984868,2.857142857,176.35,2.134306247,180.6186125,172.0813875,70636
ADBL,10/31/2012,183,189,180,182,-0.55%,2858,530873,-0.005464481,-0.005479466,179.4,176.45,178.0841988,176.4823931,46.875,1.601805763,1.052349047,3.285714286,176.45,2.350251946,181.1505039,171.7494961,67778
ADBL,11/1/2012,182,182,180,182,0.00%,2402,435712,0,0,180.6,176.7,178.6866298,176.8911047,40.34229829,1.795525089,1.200984255,3.357142857,176.7,2.657660229,182.0153205,171.3846795,67778
ADBL,11/4/2012,182,190,179,186,2.20%,3923,724571,0.021978022,0.021739987,182.2,177.25,179.8117636,177.5658377,34.3035343,2.245925984,1.409972601,3.857142857,177.25,3.338373383,183.9267468,170.5732532,71701
ADBL,11/5/2012,186,191,180,188,1.08%,2610,490577,0.010752688,0.010695289,184.2,177.8,181.0714923,178.3387386,36.55913978,2.73275374,1.674528829,4.5,177.8,4.111601046,186.0232021,169.5767979,74311
ADBL,11/6/2012,188,190,187,188,0.00%,3708,702020,0,0,185.2,178.5,182.1374166,179.0543876,31.83520599,3.083029004,1.956228864,4.5,178.5,4.594046491,187.688093,169.311907,74311
ADBL,11/7/2012,188,199,184,195,3.72%,4246,817138,0.037234043,0.036557596,187.8,179.5,184.1162756,180.235544,28.81355932,3.880731516,2.341129394,5.5,179.5,5.808342458,191.1166849,167.8833151,78557
ADBL,11/8/2012,195,201,194,194,-0.51%,3508,694262,-0.005128205,-0.0051414,190.2,180.45,185.6368486,181.2551334,28.61952862,4.381715176,2.749246551,5.928571429,180.45,6.541165195,193.5323304,167.3676696,75049
ADBL,11/11/2012,194,200,191,194,0.00%,2797,546479,0,0,191.8,181.4,186.9234872,182.1991976,36.9047619,4.724289666,3.144255174,6.142857143,181.4,7.066600463,195.5332009,167.2667991,75049
ADBL,11/12/2012,194,196,192,196,1.03%,3161,614689,0.010309278,0.0102565,193.4,182.4,188.3198738,183.2214792,37.09198813,5.098394583,3.535083056,6.285714286,182.4,7.653000787,197.7060016,167.0939984,78210
ADBL,11/18/2012,196,209,195,202,3.06%,4897,994614,0.030612245,0.030153038,196.2,183.75,190.4245086,184.6124808,39.21852388,5.812027842,3.990472013,7.071428571,183.75,8.601560446,200.9531209,166.5468791,83107
ADBL,11/20/2012,202,210,199,204,0.99%,3585,733012,0.00990099,0.009852296,198,185.2,192.5130458,186.0485933,41.88562597,6.464452443,4.485268099,7.714285714,185.2,9.451260011,204.10252,166.29748,86692
ADBL,11/21/2012,204,208,200,205,0.49%,7505,1525135,0.004901961,0.004889985,200.2,186.7,194.4341156,187.4524012,44.86803519,6.981714425,4.984557364,8.142857143,186.7,10.10523575,206.9104715,166.4895285,94197
ADBL,11/22/2012,205,206,200,205,0.00%,12951,2639478,0,0,202.4,188.2,196.0596363,188.7522233,47.92243767,7.307412963,5.449128484,8.357142857,188.2,10.49611457,209.1922291,167.2077709,94197
ADBL,11/25/2012,205,216,206,211,2.93%,7730,1616875,0.029268293,0.028848154,205.4,189.95,198.3581538,190.4002068,41.5407855,7.957946999,5.950892187,8.642857143,189.95,11.24593494,212.4418699,167.4581301,101927
ADBL,11/26/2012,211,209,203,208,-1.42%,59247,12242826,-0.014218009,-0.014320054,206.6,191.6,199.8415148,191.7038952,52.34986945,8.137619568,6.388237663,8.571428571,191.6,11.35735329,214.3147066,168.8852934,42680
ADBL,11/27/2012,208,209,203,203,-2.40%,3234,669924,-0.024038462,-0.024332101,206.4,192.9,200.3274356,192.5406437,59.68379447,7.78679187,6.667948505,8.857142857,192.9,11.0829409,215.0658818,170.7341182,39446
ADBL,11/28/2012,203,211,200,208,2.46%,5510,1140060,0.024630542,0.024332101,207,194.5,201.5078301,193.6857812,65.17985612,7.822048895,6.898768583,8.857142857,194.5,10.82151852,216.143037,172.856963,44956
ADBL,11/29/2012,208,208,206,207,-0.48%,2261,468543,-0.004807692,-0.004819286,207.4,195.95,202.3527793,194.6720196,63.09859155,7.680759682,7.055166802,8.214285714,195.95,10.4300931,216.8101862,175.0898138,42695
ADBL,12/2/2012,207,207,200,201,-2.90%,4800,979797,-0.028985507,-0.029413885,205.4,197.1,202.1446594,195.1407589,75.35816619,7.003900502,7.044913542,8.5,197.1,9.580132951,216.2602659,177.9397341,37895
ADBL,12/3/2012,201,206,200,203,1.00%,4633,940840,0.009950249,0.009901071,204.4,198.1,202.2762503,195.7229249,80.67484663,6.553325355,6.946595905,7.857142857,198.1,9.060614595,216.2212292,179.9787708,42528
ADBL,12/4/2012,203,210,203,204,0.49%,3519,724455,0.004926108,0.004914015,204.6,199.2,202.5414425,196.3360416,80.42813456,6.205400948,6.798356913,7.857142857,199.2,8.307257449,215.8145149,182.5854851,46047
ADBL,12/5/2012,204,212,205,208,1.96%,5953,1242677,0.019607843,0.019418086,204.6,200.5,203.3812206,197.2000385,78.66666667,6.181182099,6.67492195,7.785714286,200.5,7.465711092,215.4314222,185.5685778,52000
ADBL,12/6/2012,208,208,206,206,-0.96%,1830,378272,-0.009615385,-0.009661911,204.4,201.5,203.7841097,197.8518875,78.66666667,5.932222237,6.526382008,7.642857143,201.5,6.723877328,214.9477547,188.0522453,50170
ADBL,12/9/2012,206,205,200,204,-0.97%,5198,1049273,-0.009708738,-0.009756175,205,202.3,203.8173236,198.3073032,65.55232558,5.510020382,6.323109683,7.071428571,202.3,5.939165279,214.1783306,190.4216694,44972
ADBL,12/10/2012,204,202,200,201,-1.47%,4919,990072,-0.014705882,-0.014815086,204.6,202.95,203.3838892,198.5067623,61.61202186,4.877126959,6.033913138,6.571428571,202.95,4.914800419,212.7796008,193.1203992,40053
ADBL,12/11/2012,201,205,201,205,1.99%,3414,692828,0.019900498,0.019705071,204.8,203.45,203.6325217,198.9877428,64.06649616,4.644778813,5.756086273,6.285714286,203.45,4.559258943,212.5685179,194.3314821,43467
ADBL,12/13/2012,205,208,204,208,1.46%,3290,677622,0.014634146,0.014528101,204.8,204.15,204.3044414,199.6553174,56.14754098,4.649123954,5.534693809,6.142857143,204.15,4.081730799,212.3134616,195.9865384,46757
ADBL,12/16/2012,208,224,207,215,3.37%,5244,1122454,0.033653846,0.033099948,206.6,205.2,205.949912,200.7919606,55.02008032,5.157951356,5.459345318,6.571428571,205.2,4.034065469,213.2681309,197.1318691,52001
ADBL,12/17/2012,215,220,215,218,1.40%,6656,1444230,0.013953488,0.013857035,209.4,206.3,207.8037717,202.0666302,39.31034483,5.73714147,5.514904549,6.357142857,206.3,4.378175539,215.0563511,197.5436489,58657
ADBL,12/18/2012,218,216,203,215,-1.38%,5273,1109014,-0.013761468,-0.013857035,212.2,206.95,208.9108837,203.0246576,34.62109955,5.88622613,5.589168865,7,206.95,4.66199641,216.2739928,197.6260072,53384
ADBL,12/19/2012,215,218,211,216,0.47%,8116,1754927,0.004651163,0.00464038,214.4,207.55,210.001517,203.9857941,35.09036145,6.01572293,5.674479678,6.714285714,207.55,5.020746432,217.5914929,197.5085071,61500
ADBL,12/20/2012,216,218,209,209,-3.24%,5727,1225914,-0.032407407,-0.032944156,214.6,207.75,209.8474374,204.3572167,32.00549451,5.490220731,5.637627889,7.214285714,207.75,4.993416719,217.7368334,197.7631666,55773
ADBL,12/23/2012,209,217,205,213,1.91%,7171,1521313,0.019138756,0.018957914,214.2,208.15,210.3324471,204.9974229,24.0797546,5.335024186,5.577107148,7.571428571,208.15,5.081183037,218.3123661,197.9876339,62944
ADBL,12/24/2012,213,230,213,228,7.04%,3500,761899,0.070422535,0.068053463,216.2,209,213.0505321,206.7013175,37.2311828,6.349214651,5.731528648,8.357142857,209,6.73560844,222.4712169,195.5287831,66444
ADBL,12/26/2012,228,240,228,238,4.39%,6219,1457520,0.043859649,0.042925045,220.8,210.5,216.8889118,209.0197384,36.35170604,7.869173395,6.159057598,8.714285714,210.5,9.338657629,229.1773153,191.8226847,72663
ADBL,12/27/2012,238,255,231,250,5.04%,4877,1180004,0.050420168,0.049190244,227.6,212.85,221.9829254,212.0553133,31.57894737,9.927612031,6.912768484,9.857142857,212.85,12.67104033,238.1920807,187.5079193,77540
ADBL,12/31/2012,250,249,233,240,-4.00%,14630,3535419,-0.04,-0.040821995,233.8,214.45,224.754783,214.1252901,28.44036697,10.62949288,7.656113363,10.92857143,214.45,13.97921389,242.4084278,186.4915722,62910
ADBL,1/1/2013,240,241,233,238,-0.83%,7961,1886847,-0.008333333,-0.00836825,238.8,216,226.7925087,215.8937872,26.33495146,10.89872154,8.304634998,11.07142857,216,14.80398239,245.6079648,186.3920352,54949
ADBL,1/2/2013,238,242,233,242,1.68%,5628,1338716,0.016806723,0.016667052,241.6,218.05,229.1321227,217.8275807,24.27293065,11.30454204,8.904616407,11.42857143,218.05,15.44250798,248.935016,187.164984,60577
ADBL,1/3/2013,242,250,235,246,1.65%,10342,2525509,0.016528926,0.01639381,243.2,220.2,231.7271808,219.9144266,15.06524318,11.81275421,9.486243967,12.21428571,220.2,16.2111073,252.6222146,187.7777854,70919
ADBL,1/6/2013,246,245,238,241,-2.03%,6384,1537292,-0.020325203,-0.020534602,241.4,222.05,233.1537684,221.4763209,20.657277,11.67744745,9.924484664,12.5,222.05,16.37544696,254.8008939,189.2991061,64535
ADBL,1/7/2013,241,241,237,241,0.00%,6744,1618316,0,0,241.6,223.7,234.3608809,222.9225194,19.2139738,11.43836156,10.22726004,11.57142857,223.7,16.54690303,256.7938061,190.6061939,64535
ADBL,1/8/2013,241,244,234,239,-0.83%,7156,1703991,-0.008298755,-0.008333382,241.8,225.35,235.0745915,224.1134438,35.16819572,10.9611477,10.37403757,11.92857143,225.35,16.33296634,258.0159327,192.6840673,57379
ADBL,1/9/2013,239,240,233,238,-0.42%,3658,859760,-0.0041841,-0.004192878,241,227.05,235.5246544,225.1420776,36.52694611,10.38257675,10.37574541,11.35714286,227.05,15.75294459,258.5558892,195.5441108,53721
ADBL,1/10/2013,238,243,234,243,2.10%,3936,926659,0.021008403,0.02079077,240.4,229.15,236.6747076,226.4648867,42.72030651,10.20982085,10.3425605,11.5,229.15,14.8723516,258.8947032,199.4052968,57657
ADBL,1/13/2013,243,241,235,240,-1.23%,5314,1270879,-0.012345679,-0.01242252,240.2,230.9,237.186291,227.4674877,50.62439962,9.718803322,10.21780906,11.42857143,230.9,13.90910342,258.7182068,203.0817932,52343
ADBL,1/15/2013,240,264,240,264,10.00%,14770,3792351,0.1,0.09531018,244.8,233.7,241.311477,230.1735997,54.39219166,11.1378773,10.40182271,12.28571429,233.7,14.67220788,263.0444158,204.3555842,67113
ADBL,1/16/2013,264,287,252,270,2.27%,19323,5252055,0.022727273,0.022472856,251,236.45,245.7250959,233.1237034,47.58687259,12.60139249,10.84173667,13.57142857,236.45,16.07048619,268.5909724,204.3090276,86436
ADBL,1/17/2013,270,271,250,254,-5.93%,5818,1487094,-0.059259259,-0.061087692,254.2,238.25,246.9981581,234.6700958,52.0263902,12.32806232,11.1390018,14.21428571,238.25,15.91052283,270.0710457,206.4289543,80618
ADBL,1/20/2013,254,251,242,247,-2.76%,2655,650337,-0.027559055,-0.02794593,255,239.85,246.9984415,235.583422,48.46356453,11.41501945,11.19420533,13.35714286,239.85,15.03425912,269.9185182,209.7814818,77963
ADBL,1/21/2013,247,255,244,251,1.62%,6088,1518158,0.016194332,0.016064603,257.2,241.6,247.6140659,236.7253908,54.70679012,10.8886751,11.13309928,12.92857143,241.6,14.1212792,269.8425584,213.3574416,84051
ADBL,1/22/2013,251,265,250,261,3.98%,7109,1844536,0.039840637,0.039067468,256.6,244.2,249.6734403,238.52351,59.47986577,11.14993038,11.1364655,13.42857143,244.2,12.49673642,269.1934728,219.2065272,91160
ADBL,1/23/2013,261,262,257,260,-0.38%,4532,1179857,-0.003831418,-0.003838776,254.6,246.55,251.2621418,240.1143611,65.76994434,11.14778075,11.13872855,13.14285714,246.55,10.59530681,267.7406136,225.3593864,86628
ADBL,1/24/2013,260,260,252,252,-3.08%,4722,1213666,-0.030769231,-0.031252544,254.2,247.75,251.3756585,240.9947788,68.23869105,10.3808797,10.98715878,12.64285714,247.75,9.705532877,267.1610658,228.3389342,81906
ADBL,1/27/2013,252,253,241,250,-0.79%,3268,814458,-0.007936508,-0.00796817,254.8,248.35,251.1640187,241.6618322,60.43956044,9.50218651,10.69016433,12.92857143,248.35,9.438303817,267.2266076,229.4733924,78638
ADBL,1/28/2013,250,249,242,243,-2.80%,6464,1584602,-0.028,-0.028399475,253.2,248,249.9080158,241.7609557,74.74150665,8.147060091,10.18154348,13.21428571,248,9.503461973,267.0069239,228.9930761,72174
ADBL,1/30/2013,243,243,240,242,-0.41%,5603,1349446,-0.004115226,-0.004123717,249.4,248.1,248.691398,241.7786627,73.48837209,6.912735289,9.527781842,12.71428571,248.1,9.425050607,266.9501012,229.2498988,66571
ADBL,1/31/2013,242,246,233,236,-2.48%,2997,708013,-0.024793388,-0.025105921,244.6,248,246.7388752,241.3506136,71.91621412,5.388261609,8.699877795,13.14285714,248,9.54766436,267.0953287,228.9046713,63574
ADBL,2/3/2013,236,248,236,241,2.12%,4519,1095421,0.021186441,0.020965128,242.4,247.95,245.8559714,241.3246422,73.06547619,4.531329106,7.866168058,13.35714286,247.95,9.583291381,267.1165828,228.7834172,68093
ADBL,2/4/2013,241,242,236,242,0.41%,2909,699241,0.004149378,0.004140793,240.8,247.75,245.262745,241.3746687,68.62147753,3.888076244,7.070549695,13.21428571,247.75,9.667498452,267.0849969,228.4150031,71002
ADBL,2/5/2013,242,243,240,242,0.00%,2382,576632,0,0,240.6,247.8,244.7607842,241.4209896,67.22354813,3.339794643,6.324398684,11.71428571,247.8,9.633275663,267.0665513,228.5334487,71002
ADBL,2/6/2013,242,242,236,238,-1.65%,2204,527551,-0.016528926,-0.016667052,239.8,247.65,243.7206636,241.1675829,72.75960171,2.553080628,5.570135073,9.642857143,247.65,9.767157643,267.1843153,228.1156847,68798
ADBL,2/7/2013,238,240,237,240,0.84%,2011,478839,0.008403361,0.00836825,240.6,247.7,243.1482538,241.0810953,72.38644557,2.067158473,4.869539753,8.357142857,247.7,9.723005816,267.1460116,228.2539884,70809
ADBL,2/10/2013,240,244,238,244,1.67%,4273,1022327,0.016666667,0.016529302,241.2,248,243.2792917,241.2973105,82.67045455,1.98198119,4.292028041,7.928571429,248,9.49792221,266.9958444,229.0041556,75082
ADBL,2/12/2013,244,255,244,250,2.46%,1951,482759,0.024590164,0.024292693,242.8,248.35,244.3132468,241.9419541,77.61425252,2.371292649,3.907880962,7.928571429,248.35,9.432725788,267.2154516,229.4845484,77033
ADBL,2/13/2013,250,255,242,245,-2.00%,1862,459360,-0.02,-0.020202707,243.4,248.6,244.4189011,242.1684761,82.84615385,2.250425073,3.576389785,7.785714286,248.6,9.264533391,267.1290668,230.0709332,75171
ADBL,2/14/2013,245,253,245,251,2.45%,4871,1220880,0.024489796,0.024194729,246,247.95,245.4313779,242.822663,83.79387603,2.608714863,3.3828548,8,247.95,8.556161215,265.0623224,230.8376776,80042
ADBL,2/17/2013,251,276,256,276,9.96%,450,121050,0.099601594,0.094947927,253.2,248.25,250.1342428,245.2802435,83.94970414,4.853999287,3.677083698,9.214285714,248.25,9.430493652,267.1109873,229.3890127,80492
ADBL,2/19/2013,276,281,257,260,-5.80%,6905,1818761,-0.057971014,-0.059719235,256.4,248.55,251.6520516,246.3705959,91.13338473,5.281455752,3.997958109,10.07142857,248.55,9.71420555,267.9784111,229.1215889,73587
ADBL,2/20/2013,260,255,250,250,-3.85%,5135,1287536,-0.038461538,-0.039220713,256.4,248.7,251.3978898,246.6394406,87.276551,4.758449214,4.15005633,10.21428571,248.7,9.712173587,268.1243472,229.2756528,68452
ADBL,2/21/2013,250,255,244,250,0.00%,3237,806090,0,0,257.4,248.65,251.1828299,246.8883709,86.9612069,4.294458915,4.178936847,10.78571429,248.65,9.702278625,268.0545573,229.2454427,68452
ADBL,2/24/2013,250,251,244,250,0.00%,2131,528781,0,0,257.2,248.1,251.000856,247.118862,89.10463862,3.881994049,4.119548287,10.35714286,248.1,9.267373443,266.6347469,229.5652531,68452
ADBL,2/25/2013,250,255,246,255,2.00%,2352,588900,0.02,0.019802627,253,247.85,251.616109,247.70265,86.159601,3.913458966,4.078330423,10.14285714,247.85,8.992833404,265.8356668,229.8643332,70804
ADBL,2/26/2013,255,260,245,250,-1.96%,2202,550690,-0.019607843,-0.019802627,251,247.75,251.3674768,247.8728241,92.34629862,3.494652744,3.961594887,10.78571429,247.75,8.955298343,265.6605967,229.8394033,68602
ADBL,2/27/2013,250,250,245,250,0.00%,3682,910972,0,0,251,247.75,251.1570958,248.0303926,92.82352941,3.126703109,3.794616532,10.92857143,247.75,8.955298343,265.6605967,229.8394033,68602
ADBL,2/28/2013,250,252,249,250,0.00%,9283,2327783,0,0,251,248.1,250.979081,248.1762895,88.29479769,2.802791536,3.596251533,10.71428571,248.1,8.896480676,265.8929614,230.3070386,68602
ADBL,3/3/2013,250,255,248,250,0.00%,7283,1830465,0,0,251,248.5,250.8284532,248.3113792,84.9702381,2.517074019,3.38041603,11,248.5,8.786952049,266.0739041,230.9260959,68602
ADBL,3/4/2013,250,255,250,250,0.00%,2021,509122,0,0,250,249.2,250.7009988,248.4364622,80.46421663,2.264536658,3.157240156,10.92857143,249.2,8.281876218,265.7637524,232.6362476,68602
ADBL,3/5/2013,250,254,249,252,0.80%,1333,336037,0.008,0.00796817,250.4,249.75,250.9008452,248.7004279,83.70221328,2.200417226,2.96587557,10.5,249.75,8.071228955,265.8924579,233.6075421,69935
ADBL,3/6/2013,252,257,250,256,1.59%,5661,1440343,0.015873016,0.015748357,251.6,250.45,251.6853305,249.241137,82.83898305,2.444193543,2.861539164,10.07142857,250.45,7.970174666,266.3903493,234.5096507,75596
ADBL,3/7/2013,256,266,252,260,1.56%,8671,2265826,0.015625,0.015504187,253.6,251.35,252.9645104,250.0380898,79.17620137,2.926420646,2.874515461,10.5,251.35,7.982052236,267.3141045,235.3858955,84267
ADBL,3/11/2013,260,263,257,260,0.00%,5405,1405374,0,0,255.6,252.45,254.0468935,250.7760091,75,3.27088438,2.953789245,9.142857143,252.45,7.549660153,267.5493203,237.3506797,84267
ADBL,3/13/2013,260,275,259,270,3.85%,5687,1493131,0.038461538,0.037740328,259.6,253.95,256.5012175,252.2000084,73.05825243,4.301209136,3.223273223,8.571428571,253.95,7.917169882,269.7843398,238.1156602,89954
ADBL,3/14/2013,270,275,262,265,-1.85%,9300,2477564,-0.018518519,-0.018692133,262.2,255,257.8087225,253.1481559,63.90658174,4.660566604,3.510731899,8.785714286,255,7.920659196,270.8413184,239.1586816,80654
ADBL,3/17/2013,265,265,255,260,-1.89%,5629,1451955,-0.018867925,-0.019048195,263,255.5,258.1458421,253.6556999,58.43520782,4.490142209,3.706613961,8.714285714,255.5,7.904029619,271.3080592,239.6919408,75025
ADBL,3/18/2013,260,257,252,256,-1.54%,4336,1106916,-0.015384615,-0.015504187,262.2,256.05,257.8157126,253.8293518,52.38095238,3.986360791,3.762563327,8.785714286,256.05,7.50771533,271.0654307,241.0345693,70689
ADBL,3/19/2013,256,261,255,260,1.56%,5473,1413615,0.015625,0.015504187,262.2,256.5,258.1517568,254.2864368,62.74509804,3.865319957,3.783114653,8.571428571,256.5,7.458657986,271.417316,241.582684,76162
ADBL,3/20/2013,260,256,252,253,-2.69%,1903,483472,-0.026923077,-0.027292142,258.8,255.35,257.3591788,254.1911452,63.10679612,3.168033605,3.660098443,8.071428571,255.35,5.905171685,267.1603434,243.5396566,74259
ADBL,3/21/2013,253,252,245,250,-1.19%,3174,793134,-0.011857708,-0.011928571,255.8,254.85,256.2269975,253.88069,54.54545455,2.346307449,3.397340244,8.285714286,254.85,5.914077763,266.6781555,243.0218445,71085
ADBL,3/24/2013,250,247,242,245,-2.00%,2999,731283,-0.02,-0.020202707,252.8,254.6,254.4997671,253.2228611,49.0797546,1.276905959,2.973253387,8.642857143,254.6,6.227274474,267.0545489,242.1454511,68086
ADBL,3/25/2013,245,250,241,248,1.22%,3862,946034,0.012244898,0.012170536,251.2,254.5,253.4998029,252.8359825,48.97959184,0.663820393,2.511366789,8.785714286,254.5,6.320393059,267.1407861,241.8592139,71948
ADBL,3/27/2013,248,249,245,247,-0.40%,2307,569636,-0.004032258,-0.00404041,248.6,254.35,252.4998332,252.4036875,45.71984436,0.096145715,2.028322574,8.714285714,254.35,6.466716404,267.2834328,241.4165672,69641
ADBL,3/28/2013,247,248,243,246,-0.40%,3297,812378,-0.004048583,-0.004056801,247.2,253.9,251.4998589,251.9293403,52.78810409,-0.429481406,1.536761778,8.714285714,253.9,6.727007624,267.3540152,240.4459848,66344
ADBL,3/31/2013,246,246,238,240,-2.44%,7670,1846622,-0.024390244,-0.024692613,245.2,253.4,249.7306498,251.0456855,45.17374517,-1.31503563,0.966402296,8.785714286,253.4,7.372780665,268.1455613,238.6544387,58674
ADBL,4/1/2013,240,245,235,242,0.83%,6103,1444771,0.008333333,0.008298803,244.6,253,248.5413191,250.3756347,50,-1.834315599,0.406258717,8.5,253,7.773098007,268.546196,237.453804,64777
ADBL,4/2/2013,242,246,241,246,1.65%,5576,1356730,0.016528926,0.01639381,244.2,252.8,248.1503469,250.0515136,44.33656958,-1.901166679,-0.055226362,8.428571429,252.8,7.904695473,268.6093909,236.9906091,70353
ADBL,4/3/2013,246,250,245,245,-0.41%,3462,857395,-0.004065041,-0.004073325,243.8,252.55,247.6656782,249.6773274,38.48439822,-2.011649244,-0.446510938,7.642857143,252.55,8.07514054,268.7002811,236.3997189,66891
ADBL,4/4/2013,245,245,242,244,-0.41%,1588,387606,-0.004081633,-0.004089985,243.4,252.25,247.1017277,249.2567846,42.25122349,-2.15505696,-0.788220143,6.928571429,252.25,8.283623667,268.8172473,235.6827527,65303
ADBL,4/7/2013,244,246,244,246,0.82%,2378,582346,0.008196721,0.008163311,244.6,251.95,246.9322311,249.0155413,38.67313916,-2.083310219,-1.047238158,6.357142857,251.95,8.400971122,268.7519422,235.1480578,67681
ADBL,4/8/2013,246,248,244,244,-0.81%,1805,442849,-0.008130081,-0.008163311,245,251.35,246.4811186,248.6440198,54.85122898,-2.162901118,-1.27037075,6.071428571,251.35,8.524114401,268.3982288,234.3017712,65876
ADBL,4/9/2013,244,247,243,245,0.41%,2150,527330,0.004098361,0.004089985,244.8,250.6,246.2532542,248.3740924,48.44903988,-2.120838134,-1.440464227,5.928571429,250.6,8.381684292,267.3633686,233.8366314,68026
ADBL,4/11/2013,245,247,245,245,0.00%,2923,717670,0,0,244.8,249.85,246.0604459,248.1241596,50,-2.06371371,-1.565114123,5.5,249.85,8.164589782,266.1791796,233.5208204,68026
ADBL,4/15/2013,245,245,240,241,-1.63%,1467,354299,-0.016326531,-0.016461277,244.2,248.4,245.2819158,247.5964441,58.50673195,-2.31452832,-1.714996963,5.285714286,248.4,6.870225615,262.1404512,234.6595488,66559
ADBL,4/16/2013,241,244,240,241,0.00%,2711,651780,0,0,243.2,247.2,244.6231595,247.1078186,61.51866152,-2.484659103,-1.868929391,5,247.2,5.836365127,258.8727303,235.5272697,66559
ADBL,4/17/2013,241,246,238,243,0.83%,2336,563436,0.008298755,0.00826451,243,246.35,244.3734426,246.8035357,62.40208877,-2.430093088,-1.98116213,4.928571429,246.35,5.060424363,256.4708487,236.2291513,68895
ADBL,4/18/2013,243,243,240,240,-1.23%,2324,559820,-0.012345679,-0.01242252,242,245.55,243.7006053,246.2995701,64.85753053,-2.598964808,-2.104722666,4.857142857,245.55,4.706937769,254.9638755,236.1361245,66571
ADBL,4/21/2013,240,238,235,235,-2.08%,3138,742406,-0.020833333,-0.021053409,240,244.3,242.3620506,245.4625649,65.37433155,-3.100514277,-2.303880988,4.857142857,244.3,3.921600103,252.1432002,236.4567998,63433
ADBL,4/22/2013,235,235,227,235,0.00%,3428,791277,0,0,238.8,243.4,241.2294275,244.6875601,68.10584958,-3.458132644,-2.534731319,4.857142857,243.4,3.885194569,251.1703891,235.6296109,63433
ADBL,4/23/2013,235,239,235,238,1.28%,2531,599433,0.012765957,0.01268516,238.2,242.8,240.7325925,244.1921853,68.9701897,-3.459592816,-2.719703618,4.428571429,242.8,3.736026597,250.2720532,235.3279468,65964
ADBL,4/25/2013,238,234,225,230,-3.36%,1360,311840,-0.033613445,-0.034191365,235.6,242.05,239.0814244,243.1409123,73.87518142,-4.059487905,-2.987660476,5,242.05,4.66199641,251.3739928,232.7260072,64604
ADBL,4/28/2013,230,229,226,226,-1.74%,1623,367960,-0.017391304,-0.01754431,232.8,240.95,237.0688976,241.8712151,82.67716535,-4.802317528,-3.350591886,4.928571429,240.95,5.670561097,252.2911222,229.6088778,62981
ADBL,4/29/2013,226,232,226,227,0.44%,2263,512829,0.004424779,0.004415018,231.2,239.95,235.5198364,240.7696436,78.94736842,-5.249807204,-3.73043495,5.142857143,239.95,6.278409118,252.5068182,227.3931818,65244
ADBL,4/30/2013,227,230,225,230,1.32%,3425,775719,0.013215859,0.013129291,230.2,239.15,234.6706308,239.9718922,79.54545455,-5.301261426,-4.044600245,5.357142857,239.15,6.482973652,252.1159473,226.1840527,68669
ADBL,5/2/2013,230,230,218,221,-3.91%,2410,535462,-0.039130435,-0.039916607,226.8,238.2,232.5674568,238.5665669,72.16494845,-5.999110046,-4.435502205,5.928571429,238.2,7.640611714,253.4812234,222.9187766,66259
ADBL,5/5/2013,221,227,211,211,-4.52%,2917,632915,-0.045248869,-0.046304568,223,236.65,229.2493866,236.524599,73.98843931,-7.275212411,-5.003444246,6.785714286,236.65,9.696852446,256.0437049,217.2562951,63342
ADBL,5/6/2013,211,207,201,203,-3.79%,2272,463908,-0.037914692,-0.038652154,218.4,234.5,225.2110194,234.0412953,70.32967033,-8.830275946,-5.768810586,7.357142857,234.5,12.00657714,258.5131543,210.4868457,61070
ADBL,5/7/2013,203,218,203,215,5.91%,1989,419838,0.0591133,0.057432049,216,233,223.6400933,232.630829,64.56692913,-8.990735685,-6.413195606,8.071428571,233,12.489996,257.979992,208.020008,63059
ADBL,5/8/2013,215,217,212,215,0.00%,1152,245944,0,0,213,231.55,222.3108482,231.3248417,70.30812325,-9.013993478,-6.93335518,8.142857143,231.55,12.8246268,257.1992536,205.9007464,63059
ADBL,5/9/2013,215,212,207,210,-2.33%,480,100140,-0.023255814,-0.023530497,210.8,229.75,220.4168716,229.7452238,72.4137931,-9.328352222,-7.412354589,8.142857143,229.75,13.21034284,256.1706857,203.3293143,62579
ADBL,5/12/2013,210,220,210,216,2.86%,2755,597834,0.028571429,0.028170877,211.8,228.35,219.7373529,228.7270591,65.625,-8.989706199,-7.727824911,8.642857143,228.35,13.10393673,254.5578735,202.1421265,65334
ADBL,5/13/2013,216,221,217,221,2.31%,1666,364355,0.023148148,0.022884294,215.4,227.15,219.9316063,228.1546843,68.57142857,-8.223078047,-7.826875538,8.642857143,227.15,12.5876924,252.3253848,201.9746152,67000
ADBL,5/14/2013,221,223,219,222,0.45%,2285,505106,0.004524887,0.00451468,216.8,226,220.2498207,227.6987818,68.2464455,-7.448961085,-7.751292647,8.357142857,226,11.90311768,249.8062354,202.1937646,69285
ADBL,5/15/2013,222,234,220,234,5.41%,1507,342258,0.054054054,0.052643733,220.6,225.65,222.3652329,228.1655387,60.63829787,-5.800305788,-7.361095275,9.071428571,225.65,11.53609895,248.7221979,202.5778021,70792
ADBL,5/16/2013,234,232,230,232,-0.85%,862,198720,-0.008547009,-0.008583744,225,225.2,223.8475047,228.4495728,65.89595376,-4.602068097,-6.80928984,8.428571429,225.2,11.07201308,247.3440262,203.0559738,69930
ADBL,5/19/2013,232,228,222,222,-4.31%,1205,270695,-0.043103448,-0.04405999,226.2,224.15,223.5632732,227.9718267,62.53687316,-4.40855346,-6.329142564,8.857142857,224.15,10.26119414,244.6723883,203.6276117,68725
ADBL,5/20/2013,222,226,218,223,0.45%,1461,321313,0.004504505,0.00449439,226.6,223.3,223.4766158,227.6035432,68.60841424,-4.126927423,-5.888699536,9,223.3,9.559233618,242.4184672,204.1815328,70186
ADBL,5/21/2013,223,239,225,235,5.38%,8468,1943122,0.053811659,0.052413743,229.2,223.3,225.2494442,228.1514289,72.10884354,-2.901984774,-5.291356583,9.785714286,223.3,9.559233618,242.4184672,204.1815328,78654
ADBL,5/22/2013,235,239,230,232,-1.28%,2936,684321,-0.012765957,-0.012848142,228.8,223.15,226.2879912,228.4365083,72.84768212,-2.14851706,-4.662788679,9.571428571,223.15,9.387982239,241.9259645,204.3740355,75718
ADBL,5/23/2013,232,228,218,218,-6.03%,2170,478160,-0.060344828,-0.062242309,226,222.15,225.0129156,227.6634336,60.26490066,-2.650517944,-4.260334532,9.428571429,222.15,8.767613851,239.6852277,204.6147723,73548
ADBL,5/26/2013,218,224,217,221,1.38%,2433,534693,0.013761468,0.013667639,225.8,221.7,224.395544,227.1698459,61.9047619,-2.774301908,-3.963128007,9.214285714,221.7,8.572293189,238.8445864,204.5554136,75981
ADBL,5/27/2013,221,228,220,225,1.81%,1307,291896,0.018099548,0.017937701,226.2,221.65,224.4885372,227.0091166,53.84615385,-2.520579351,-3.674618276,8.714285714,221.65,8.548776459,238.7475529,204.5524471,77288
ADBL,5/28/2013,225,231,222,225,0.00%,1841,415405,0,0,224.2,221.55,224.5672238,226.8602931,52.12355212,-2.293069321,-3.398308485,9,221.55,8.494425417,238.5388508,204.5611492,77288
ADBL,5/30/2013,225,228,224,226,0.44%,3965,895230,0.004444444,0.004434597,223,221.35,224.7876509,226.7965677,48.90510949,-2.008916798,-3.120430148,8.714285714,221.35,8.330508293,238.0110166,204.6889834,81253
ADBL,6/2/2013,226,230,222,223,-1.33%,2959,663898,-0.013274336,-0.013363228,224,221.45,224.5126277,226.5153405,56.06694561,-2.002712778,-2.896886674,8.571428571,221.45,8.338086364,238.1261727,204.7738273,78294
ADBL,6/3/2013,223,225,222,225,0.90%,2001,449855,0.00896861,0.008928631,224.8,222.15,224.5876081,226.403093,21.46892655,-1.815484982,-2.680606335,8.428571429,222.15,7.99522884,238.1404577,206.1595423,80295
ADBL,6/4/2013,225,230,224,225,0.00%,5887,1333015,0,0,224.8,223.25,224.651053,226.2991602,21.71428571,-1.64810725,-2.474106518,8.571428571,223.25,6.616367265,236.4827345,210.0172655,80295
ADBL,6/5/2013,225,226,223,225,0.00%,3773,848790,0,0,224.8,223.75,224.7047371,226.2029261,21.59090909,-1.498189001,-2.278923015,7.785714286,223.75,6.331832694,236.4136654,211.0863346,80295
ADBL,6/6/2013,225,229,220,221,-1.78%,5457,1210170,-0.017777778,-0.017937701,223.8,224.05,224.1347776,225.8175242,25.29411765,-1.682746623,-2.159687736,8.142857143,224.05,6.030405415,236.1108108,211.9891892,74838
ADBL,6/9/2013,221,223,218,220,-0.45%,1275,280850,-0.004524887,-0.004535155,223.2,224.55,223.4986579,225.3865965,27.16049383,-1.887938532,-2.105337895,7.785714286,224.55,5.155222186,234.8604444,214.2395556,73563
ADBL,6/10/2013,220,221,214,215,-2.27%,1674,364055,-0.022727273,-0.022989518,221.2,224.5,222.1911721,224.617219,26.99386503,-2.426046852,-2.169479687,7.714285714,224.5,5.246552753,234.9931055,214.0068945,71889
ADBL,6/11/2013,215,217,213,213,-0.93%,4959,1064592,-0.009302326,-0.009345862,218.8,224.1,220.7771456,223.7566842,27.84810127,-2.979538593,-2.331491468,6.857142857,224.1,5.802903085,235.7058062,212.4941938,66930
ADBL,6/12/2013,213,215,209,213,0.00%,938,199288,0,0,216.4,223.65,219.5806617,222.9598928,26.4516129,-3.379231112,-2.541039397,6.642857143,223.65,6.30183766,236.2536753,211.0463247,66930
ADBL,6/13/2013,213,210,205,206,-3.29%,2734,567220,-0.03286385,-0.033415997,213.4,222.25,217.4913291,221.7036044,28.87323944,-4.212275323,-2.875286582,6.214285714,222.25,6.957578224,236.1651564,208.3348436,64196
ADBL,6/16/2013,206,214,205,205,-0.49%,3116,644132,-0.004854369,-0.00486619,210.4,220.9,215.5695862,220.4663004,13.20754717,-4.896714232,-3.279572112,6.357142857,220.9,7.559587847,236.0191757,205.7808243,61080
ADBL,6/17/2013,205,206,201,206,0.49%,3177,648719,0.004878049,0.00486619,208.6,220.1,214.0973421,219.3947226,43.90243902,-5.297380451,-3.68313378,6.142857143,220.1,8.251953517,236.603907,203.596093,64257
ADBL,6/18/2013,206,205,202,203,-1.46%,3775,767682,-0.014563107,-0.01467019,206.6,219.1,212.3900587,218.1802987,50.55350554,-5.790239962,-4.104555016,5.785714286,219.1,9.054803901,237.2096078,200.9903922,60482
ADBL,6/19/2013,203,204,200,204,0.49%,2193,443437,0.004926108,0.004914015,204.8,217.55,211.0992805,217.1299062,53.307393,-6.030625734,-4.48976916,5.785714286,217.55,8.840546542,235.2310931,199.8689069,62675
ADBL,6/20/2013,204,204,200,202,-0.98%,2914,586023,-0.009803922,-0.009852296,204,216.05,209.6993912,216.0091724,51.11940299,-6.309781244,-4.853771577,5.5,216.05,8.804753501,233.659507,198.440493,59761
ADBL,6/23/2013,202,205,200,202,0.00%,3944,793113,0,0,203.4,215.25,208.5148695,214.9714559,43.76996805,-6.456586488,-5.174334559,5.642857143,215.25,9.329494825,233.9089896,196.5910104,59761
ADBL,6/24/2013,202,204,200,204,0.99%,2863,578614,0.00990099,0.009852296,203,214.4,207.8202742,214.1587555,60.62639821,-6.338481348,-5.407163917,5.5,214.4,9.549869109,233.4997382,195.3002618,62624
ADBL,6/25/2013,204,212,201,212,3.92%,1591,325869,0.039215686,0.038466281,204.8,213.75,208.4633089,213.9988477,60.22222222,-5.535538787,-5.432838891,6.071428571,213.75,9.227390576,232.2047812,195.2952188,64215
ADBL,6/26/2013,212,214,209,210,-0.94%,2267,476574,-0.009433962,-0.009478744,206,213,208.6997229,213.7026367,56.95931478,-5.002913832,-5.346853879,5.785714286,213,8.867444894,230.7348898,195.2651102,61948
ADBL,6/27/2013,210,209,202,204,-2.86%,2462,506206,-0.028571429,-0.028987537,206.4,211.9,207.9766886,212.9839229,57.77310924,-5.007234293,-5.278929962,6,211.9,8.527972549,228.9559451,194.8440549,59486
ADBL,6/30/2013,204,204,200,204,0.00%,4074,826362,0,0,206.8,210.95,207.3648904,212.3184471,57.29166667,-4.953556771,-5.213855324,5.785714286,210.95,8.281081801,227.5121636,194.3878364,59486
ADBL,7/1/2013,204,204,201,204,0.00%,8440,1715347,0,0,206.8,209.9,206.8472149,211.7022659,58.07770961,-4.855050943,-5.142094448,5.714285714,209.9,7.718058114,225.3361162,194.4638838,59486
ADBL,7/2/2013,204,214,202,214,4.90%,6663,1386542,0.049019608,0.047856021,207.2,209.35,207.9476434,211.8724684,54.56389452,-3.924824998,-4.898640558,6.142857143,209.35,6.93788228,223.2257646,195.4742354,66149
ADBL,7/3/2013,214,223,214,217,1.40%,8503,1846323,0.014018692,0.013921339,208.6,208.95,209.3403136,212.2522856,55.92515593,-2.911971908,-4.501306828,6.214285714,208.95,6.17699467,221.3039893,196.5960107,74652
ADBL,7/4/2013,217,218,212,216,-0.46%,2654,570056,-0.004608295,-0.004618946,211,208.7,210.3648808,212.529894,60.85011186,-2.165013254,-4.034048113,6,208.7,5.750057208,220.2001144,197.1998856,71998
ADBL,7/7/2013,216,213,208,212,-1.85%,1944,409642,-0.018518519,-0.018692133,212.6,208.3,210.6164376,212.4906426,50.54644809,-1.874205041,-3.602079499,6.214285714,208.3,5.171785806,218.6435716,197.9564284,70054
ADBL,7/8/2013,212,213,210,213,0.47%,1314,278717,0.004716981,0.004705891,214.4,208.2,210.9831395,212.5283728,39.1959799,-1.545233307,-3.19071026,6.142857143,208.2,5.053399065,218.3067981,198.0932019,71368
ADBL,7/9/2013,213,216,212,216,1.41%,4180,896995,0.014084507,0.013986242,214.8,208.35,211.7549642,212.7855304,44.57274827,-1.030566184,-2.758681445,6.142857143,208.35,5.244295146,218.8385903,197.8614097,75548
ADBL,7/10/2013,216,217,215,215,-0.46%,906,195796,-0.00462963,-0.00464038,214.4,208.45,212.2542005,212.9495652,47.94520548,-0.695364692,-2.346018094,6,208.45,5.355518551,219.1610371,197.7389629,74642
ADBL,7/11/2013,215,217,210,211,-1.86%,1952,412900,-0.018604651,-0.018779895,213.4,208.7,212.0612465,212.8051529,49.29577465,-0.743906376,-2.025595751,6.142857143,208.7,5.351831954,219.4036639,197.9963361,72690
ADBL,7/14/2013,211,213,211,213,0.95%,849,180152,0.009478673,0.009434032,213.6,209.1,212.2056702,212.819586,28.94736842,-0.613915884,-1.743259777,6,209.1,5.359693628,219.8193873,198.3806127,73539
ADBL,7/15/2013,213,216,211,212,-0.47%,520,110330,-0.004694836,-0.004705891,213.4,209.4,212.1740286,212.758876,26.03550296,-0.58484737,-1.511577296,5.571428571,209.4,5.344943503,220.089887,198.710113,73019
ADBL,7/16/2013,212,213,208,212,0.00%,1405,295776,0,0,212.6,209.85,212.147255,212.7026629,30.06134969,-0.555407965,-1.32034343,5.571428571,209.85,5.153179907,220.1563598,199.5436402,73019
ADBL,7/17/2013,212,218,209,218,2.83%,833,176111,0.028301887,0.027908788,213.2,210.55,213.0476773,213.0950583,28.52664577,-0.04738099,-1.065750942,5.642857143,210.55,5.266327993,221.082656,200.017344,73852
ADBL,7/18/2013,218,218,211,215,-1.38%,3565,760658,-0.013761468,-0.013857035,214,211.2,213.3480346,213.2361651,28.26086957,0.111869557,-0.830226842,5.857142857,211.2,4.948152234,221.0963045,201.3036955,70287
ADBL,7/21/2013,215,222,211,220,2.33%,1576,344059,0.023255814,0.022989518,215.4,212.1,214.3714139,213.7371899,29.57317073,0.634224036,-0.537336667,6.428571429,212.1,4.822098255,221.7441965,202.4558035,71863
ADBL,7/22/2013,220,219,213,219,-0.45%,3960,857015,-0.004545455,-0.004555817,216.8,212.85,215.0835041,214.1270277,31.39158576,0.956476417,-0.23857405,6.071428571,212.85,4.659737964,222.1694759,203.5305241,67903
ADBL,7/23/2013,219,220,215,220,0.46%,2380,522130,0.00456621,0.004555817,218.4,213.25,215.8398881,214.5620626,30.03095975,1.277825417,0.064705843,5.785714286,213.25,4.919082071,223.0881641,203.4118359,70283
ADBL,7/24/2013,220,220,216,220,0.00%,3875,845100,0,0,218.8,213.75,216.4799053,214.9648728,27.40524781,1.515032463,0.354771167,5.642857143,213.75,5.077038092,223.9040762,203.5959238,70283
ADBL,7/25/2013,220,221,217,220,0.00%,6133,1346153,0,0,219.8,214.55,217.0214583,215.3378452,27.08933718,1.683613113,0.620539556,5.357142857,214.55,4.706937769,223.9638755,205.1361245,70283
ADBL,7/28/2013,220,220,217,219,-0.45%,2271,495460,-0.004545455,-0.004555817,219.6,215.3,217.3258493,215.6091159,36.21262458,1.716733415,0.839778328,5.357142857,215.3,4.092354875,223.4847097,207.1152903,68012
ADBL,7/29/2013,219,222,218,220,0.46%,6445,1417338,0.00456621,0.004555817,219.8,216.1,217.7372571,215.9343666,27.16981132,1.802890536,1.03240077,5.357142857,216.1,3.242805803,222.5856116,209.6143884,74457
ADBL,7/30/2013,220,226,213,222,0.91%,4366,967312,0.009090909,0.009049836,220.2,216.5,218.3930637,216.3836728,21.82539683,2.009390953,1.227798806,6.142857143,216.5,3.456496553,223.4129931,209.5870069,78823
ADBL,7/31/2013,222,239,220,227,2.25%,5674,1319038,0.022522523,0.022272636,221.6,217,219.7172078,217.1700674,30.85106383,2.547140385,1.491667122,7,217,4.180153611,225.3603072,208.6396928,84497
ADBL,8/1/2013,227,234,228,233,2.64%,3874,894640,0.026431718,0.026088436,224.2,217.85,221.7607143,218.342655,30.85106383,3.41805928,1.876945554,7.357142857,217.85,5.489463592,228.8289272,206.8710728,88371
ADBL,8/4/2013,233,239,230,235,0.86%,6786,1565735,0.008583691,0.008547061,227.4,219,223.7975275,219.5765324,43.06569343,4.220995061,2.345755455,7.642857143,219,6.513144604,232.0262892,205.9737108,95157
ADBL,8/5/2013,235,244,230,244,3.83%,16970,3996457,0.038297872,0.037582711,232.2,220.55,226.9056002,221.3856781,31.01265823,5.519922012,2.980588767,8.285714286,220.55,8.419744964,237.3894899,203.7105101,112127
ADBL,8/6/2013,244,244,232,240,-1.64%,8059,1929139,-0.016393443,-0.016529302,235.8,221.75,228.9201232,222.7645168,29.67741935,6.155606408,3.615592295,8.5,221.75,9.3913454,240.5326908,202.9673092,104068
ADBL,8/7/2013,240,255,239,250,4.17%,14766,3668196,0.041666667,0.040821995,240.4,223.5,232.1631812,224.78196,33.33333333,7.381221176,4.368718071,9.142857143,223.5,11.16149396,245.8229879,201.1770121,118834
ADBL,8/8/2013,250,256,247,256,2.40%,10429,2645586,0.024,0.023716527,245,225.75,235.8303841,227.0944074,30.43478261,8.735976665,5.24216979,9,225.75,12.90807581,251.5661516,199.9338484,129263
ADBL,8/11/2013,256,260,246,258,0.78%,6243,1601607,0.0078125,0.00778214,249.6,228,239.2410942,229.3837106,34.69387755,9.857383652,6.165212562,9.5,228,14.40394683,256.8078937,199.1921063,135506
ADBL,8/12/2013,258,258,254,258,0.00%,5404,1382829,0,0,252.4,230.3,242.1270797,231.5034357,42.5,10.62364401,7.056898853,9.428571429,230.3,15.35578067,261.0115613,199.5884387,135506
ADBL,8/13/2013,258,260,255,255,-1.16%,12121,3107958,-0.011627907,-0.01169604,255.4,232.45,244.107529,233.243922,52.04081633,10.86360704,7.818240491,9.5,232.45,15.66583611,263.7816722,201.1183278,123385
ADBL,8/14/2013,255,275,255,265,3.92%,22278,5876172,0.039215686,0.038466281,258.4,234.8,247.3217553,235.596224,63.7254902,11.72553127,8.599698648,10.64285714,234.8,16.86353899,268.527078,201.072922,145663
ADBL,8/15/2013,265,275,262,274,3.40%,17518,4682661,0.033962264,0.03339828,262,237.75,251.4261006,238.4409482,58.88888889,12.98515247,9.476789411,11.35714286,237.75,18.31558152,274.381163,201.118837,163181
ADBL,8/18/2013,274,293,271,289,5.47%,8762,2496818,0.054744526,0.053298582,268.2,241.2,257.2067005,242.1860631,50.47619048,15.02063742,10.58555901,12.64285714,241.2,21.08529046,283.3705809,199.0294191,171943
ADBL,8/19/2013,289,299,284,295,2.08%,13094,3825734,0.020761246,0.020548668,275.6,245,263.0210543,246.0982066,44.16666667,16.92284771,11.85301675,12.78571429,245,23.57518767,292.1503753,197.8496247,185037
ADBL,8/20/2013,295,295,285,290,-1.69%,14268,4129463,-0.016949153,-0.017094433,282.6,248.5,267.1716613,249.3501913,37.59398496,17.82147004,13.04670741,12.14285714,248.5,24.83100778,298.1620156,198.8379844,170769
ADBL,8/25/2013,290,290,271,275,-5.17%,9229,2559665,-0.051724138,-0.053109825,284.6,251.25,268.3760211,251.2501771,30.4,17.12584401,13.86253473,13,251.25,24.55257517,300.3551503,202.1448497,161540
ADBL,8/26/2013,275,280,265,265,-3.64%,10512,2853463,-0.036363636,-0.037041272,282.8,253.5,267.8566333,252.2686825,39.16083916,15.58795074,14.20761793,13.42857143,253.5,23.58076826,300.6615365,206.3384635,151028
ADBL,8/27/2013,265,273,266,269,1.51%,5993,1615807,0.01509434,0.014981554,278.8,256,268.0325358,253.5080394,40.57971014,14.52449647,14.27099364,13,256,22.3489079,300.6978158,211.3021842,157021
ADBL,8/29/2013,269,275,261,270,0.37%,10781,2920690,0.003717472,0.003710579,273.8,258.5,268.3352226,254.7296661,31.63841808,13.60555655,14.13790622,13.14285714,258.5,20.85665361,300.2133072,216.7866928,167802
ADBL,9/1/2013,270,278,266,273,1.11%,10315,2795826,0.011111111,0.011049836,270.4,261.05,269.0528807,256.0830242,27,12.96985654,13.90429628,12.85714286,261.05,19.21204392,299.4740878,222.6259122,178117
ADBL,9/2/2013,273,273,269,273,0.00%,4607,1247979,0,0,270,263.35,269.6601298,257.3361335,18.44262295,12.32399634,13.58823629,12.5,263.35,17.60763889,298.5652778,228.1347222,178117
ADBL,9/3/2013,273,273,265,270,-1.10%,9705,2619325,-0.010989011,-0.011049836,271,265.2,269.7124175,258.2741977,16.38655462,11.43821987,13.15823301,12.07142857,265.2,16.13299985,297.4659997,232.9340003,168412
ADBL,9/4/2013,270,274,265,268,-0.74%,5881,1581356,-0.007407407,-0.007434978,270.8,266.85,269.4489687,258.9946275,41.12426036,10.45434122,12.61745465,12.42857143,266.85,14.48511032,295.8202206,237.8797794,162531
ADBL,9/5/2013,268,270,263,270,0.75%,4619,1240671,0.007462687,0.007434978,270.8,268.15,269.5337427,259.8098402,45.3038674,9.723902487,12.03874422,12.57142857,268.15,13.45665556,295.0633111,241.2366889,167150
ADBL,9/8/2013,270,270,266,268,-0.74%,1430,383452,-0.007407407,-0.007434978,269.8,269.55,269.2977823,260.4165187,43.90934844,8.881263566,11.40724809,11.42857143,269.55,11.71806972,292.9861394,246.1138606,165720
ADBL,9/9/2013,268,268,260,265,-1.12%,3761,990215,-0.01119403,-0.011257155,268.2,270.3,268.636585,260.7560359,45.45454545,7.880549157,10.7019083,11.07142857,270.3,10.84872052,291.997441,248.602559,161959
ADBL,9/10/2013,265,263,256,260,-1.89%,3506,912022,-0.018867925,-0.019048195,266.2,270.5,267.3078796,260.7000332,49.44444444,6.607846425,9.883095927,10.14285714,270.5,10.60536111,291.7107222,249.2892778,158453
ADBL,9/11/2013,260,260,255,256,-1.54%,3560,913664,-0.015384615,-0.015504187,263.8,270.4,265.5682059,260.3518826,51.29682997,5.216323243,8.94974139,9.428571429,270.4,10.73802883,291.8760577,248.9239423,154893
ADBL,9/12/2013,256,259,255,256,0.00%,2297,589964,0,0,261,270.3,264.0961742,260.0295209,50,4.066653248,7.973123761,9,270.3,10.86810883,292.0362177,248.5637823,154893
ADBL,9/15/2013,256,255,247,251,-1.95%,1705,425223,-0.01953125,-0.019724505,257.6,270.1,262.0813782,259.3606675,61.0738255,2.720710622,6.922641134,8.285714286,270.1,11.19633399,292.492668,247.707332,153188
ADBL,9/16/2013,251,249,240,243,-3.19%,3105,759329,-0.03187251,-0.032391496,253.2,269,259.1457815,258.1487662,62.00873362,0.997015282,5.737515963,8,269,12.70308707,294.4061741,243.5938259,150083
ADBL,9/17/2013,243,250,239,249,2.47%,4190,1030774,0.024691358,0.024391453,251,267.75,257.5848921,257.4710798,62.83185841,0.113812206,4.612775212,8.214285714,267.75,13.39628778,294.5425756,240.9574244,154273
ADBL,9/19/2013,249,253,242,251,0.80%,7230,1794525,0.008032129,0.008000043,250,265.85,256.5718317,256.9917406,65.58891455,-0.419908862,3.606238397,8,265.85,12.90970667,291.6694133,240.0305867,161503
ADBL,9/22/2013,251,250,243,248,-1.20%,3598,891274,-0.011952191,-0.012024193,248.4,263.5,255.2530884,256.3256857,70.33492823,-1.072597347,2.670471248,7.714285714,263.5,11.52799795,286.5559959,240.4440041,157905
ADBL,9/23/2013,248,256,240,256,3.23%,4366,1093319,0.032258065,0.031748698,249.4,261.8,255.3679979,256.3015609,80.54794521,-0.933562999,1.949664399,8.571428571,261.8,9.79043572,281.3808714,242.2191286,162271
ADBL,9/24/2013,256,260,249,255,-0.39%,3569,904154,-0.00390625,-0.003913899,251.8,260.8,255.3113828,256.205149,74.61538462,-0.89376614,1.380978291,8.785714286,260.8,9.384197243,279.5683945,242.0316055,158702
ADBL,9/25/2013,255,260,250,252,-1.18%,2342,595174,-0.011764706,-0.011834458,252.4,260.15,254.8019393,255.8936564,65.4109589,-1.091717135,0.886439206,8.857142857,260.15,9.527108138,279.2042163,241.0957837,156360
ADBL,9/26/2013,252,255,248,250,-0.79%,2947,739707,-0.007936508,-0.00796817,252.2,259.2,254.0631794,255.4570893,57.83972125,-1.393909884,0.430369388,8.857142857,259.2,9.545459102,278.2909182,240.1090818,153413
ADBL,9/29/2013,250,254,248,250,0.00%,5593,1397377,0,0,252.6,258.2,253.4380749,255.0528605,59.93377483,-1.614785572,0.021338396,9,258.2,9.401007785,277.0020156,239.3979844,153413
ADBL,9/30/2013,250,255,251,253,1.20%,4048,1020083,0.012,0.011928571,252,257.2,253.3706787,254.9007967,52.6645768,-1.530117971,-0.288952877,8.785714286,257.2,8.787551003,274.775102,239.624898,157461
ADBL,10/1/2013,253,258,250,257,1.58%,6780,1726362,0.015810277,0.015686596,252.4,256.4,253.9290359,255.0562933,50.65359477,-1.127257394,-0.456613781,8.714285714,256.4,7.963072668,272.3261453,240.4738547,164241
ADBL,10/2/2013,257,265,255,265,3.11%,4507,1174185,0.031128405,0.030653741,255,256.15,255.6322611,255.7928641,59.72222222,-0.160603013,-0.397411627,9.071428571,256.15,7.583048963,271.3160979,240.9839021,168748
ADBL,10/3/2013,265,268,255,261,-1.51%,5989,1565000,-0.01509434,-0.015209419,257.2,255.8,256.4580671,256.1785779,63.04985337,0.279489201,-0.262031461,9.714285714,255.8,7.156888474,270.1137769,241.4862231,162759
ADBL,10/6/2013,261,271,260,268,2.68%,6298,1679891,0.026819923,0.026466573,260.8,255.7,258.2337491,257.0542388,41.37931034,1.17951029,0.026276889,9.857142857,255.7,6.95928006,269.6185601,241.7814399,169057
ADBL,10/7/2013,268,272,265,268,0.00%,6554,1752440,0,0,263.8,255.7,259.7362492,257.8650359,31.57894737,1.871213304,0.395264172,9.571428571,255.7,6.95928006,269.6185601,241.7814399,169057
ADBL,10/8/2013,268,275,270,272,1.49%,5781,1577454,0.014925373,0.014815086,266.8,256.05,261.6229801,258.9120703,39.65517241,2.710909817,0.858393301,9.285714286,256.05,7.598303135,271.2466063,240.8533937,174838
ADBL,10/9/2013,272,280,268,274,0.74%,10880,2986516,0.007352941,0.00732604,268.6,256.75,263.527137,260.0296947,41.07142857,3.4974423,1.386203101,9.357142857,256.75,8.564768716,273.8795374,239.6204626,185718
ADBL,10/10/2013,274,287,274,287,4.74%,9084,2543741,0.047445255,0.046354109,273.8,258.3,267.1383467,262.0274951,46.94533762,5.110851598,2.1311328,9.714285714,258.3,10.90678205,280.1135641,236.4864359,194802
ADBL,10/17/2013,287,293,280,281,-2.09%,3422,971556,-0.020905923,-0.021127546,276.4,259.55,269.2709088,263.4328658,38.02083333,5.83804291,2.872514822,9.5,259.55,12.00646756,283.5629351,235.5370649,191380
ADBL,10/20/2013,281,292,272,288,2.49%,12323,3530867,0.024911032,0.024605811,280.4,261.4,272.1523074,265.2526536,38.02083333,6.899653848,3.677942627,10.14285714,261.4,13.39049152,288.180983,234.619017,203703
ADBL,10/21/2013,288,286,281,281,-2.43%,5261,1493206,-0.024305556,-0.024605811,282.2,263.3,273.5134909,266.4191237,37.53213368,7.094367217,4.361227545,9.928571429,263.3,13.33811318,289.9762264,236.6237736,198442
ADBL,10/22/2013,281,284,276,280,-0.36%,2882,804126,-0.003558719,-0.003565066,283.4,264.85,274.5114154,267.4251145,36.31840796,7.086300857,4.906242208,10,264.85,13.3900002,291.6300004,238.0699996,195560
ADBL,10/23/2013,280,279,275,279,-0.36%,6589,1823788,-0.003571429,-0.003577821,281.8,266.25,275.2019668,268.2825134,32.98429319,6.919453415,5.308884449,9.928571429,266.25,13.32933054,292.9086611,239.5913389,188971
ADBL,10/24/2013,279,277,266,271,-2.87%,8658,2361256,-0.028673835,-0.029092961,279.8,267.4,274.5555104,268.4838087,32.14285714,6.071701675,5.461447894,10.5,267.4,12.64661386,292.6932277,242.1067723,180313
ADBL,10/27/2013,271,270,265,270,-0.37%,6644,1773173,-0.003690037,-0.003696862,276.2,268.1,273.8546627,268.5961192,31.34328358,5.258543456,5.420867007,10.35714286,268.1,12.36676361,292.8335272,243.3664728,173669
ADBL,10/28/2013,270,269,260,266,-1.48%,7712,2055026,-0.014814815,-0.01492565,273.2,268.65,272.646253,268.4038141,36.11111111,4.242438943,5.185181394,10.35714286,268.65,11.99243182,292.6348636,244.6651364,165957
ADBL,10/29/2013,266,270,266,268,0.75%,5113,1372281,0.007518797,0.007490672,270.8,269.45,271.9314449,268.3739019,40.78947368,3.557542941,4.859653703,9.714285714,269.45,11.33914969,292.1282994,246.7717006,171070
ADBL,10/30/2013,268,271,263,270,0.75%,3999,1074211,0.007462687,0.007434978,269,270.45,271.6342995,268.4943536,44.81927711,3.139945868,4.515712136,9.5,270.45,10.37443721,291.1988744,249.7011256,175069
ADBL,10/31/2013,270,275,270,271,0.37%,4946,1349234,0.003703704,0.003696862,269,271.5,271.536715,268.6799571,45.36585366,2.856757895,4.183921288,9.357142857,271.5,9.190956654,289.8819133,253.1180867,180015
ADBL,11/6/2013,271,270,266,270,-0.37%,3065,819162,-0.003690037,-0.003696862,269,272.35,271.3002973,268.777738,40.04975124,2.522559251,3.851648881,9.214285714,272.35,8.112855296,288.5757106,256.1242894,176950
ADBL,11/7/2013,270,272,265,270,0.00%,2913,783807,0,0,269.8,273,271.1002515,268.8682759,40.04975124,2.231975593,3.527714223,8.857142857,273,7.298161268,287.5963225,258.4036775,176950
ADBL,11/10/2013,270,268,265,265,-1.85%,3006,800602,-0.018518519,-0.018692133,269.2,273,270.1617513,268.581737,31.91489362,1.580014315,3.138174241,8.285714286,273,7.298161268,287.5963225,258.4036775,173944
ADBL,11/11/2013,265,271,263,270,1.89%,2943,786371,0.018867925,0.018692133,269.2,273.45,270.1368665,268.6867935,35.50295858,1.45007298,2.800553989,7.928571429,273.45,6.778254705,287.0065094,259.8934906,176887
ADBL,11/12/2013,270,288,270,282,4.44%,2751,770058,0.044444444,0.043485112,271.4,274.15,271.9619639,269.6729569,37.15170279,2.289007,2.698244591,7.785714286,274.15,6.907471165,287.9649423,260.3350577,179638
ADBL,11/13/2013,282,290,281,285,1.06%,13696,3908379,0.010638298,0.010582109,274.4,275,273.9678156,270.8082935,35.19061584,3.159522178,2.790500109,7.928571429,275,7.152474728,289.3049495,260.6950505,193334
ADBL,11/14/2013,285,290,280,290,1.75%,7095,2016131,0.01754386,0.017391743,278.4,275.9,276.4343055,272.2299014,41.79566563,4.204404187,3.073280924,8.071428571,275.9,7.853259464,291.6065189,260.1934811,200429
ADBL,11/21/2013,290,306,295,306,5.52%,1316,401056,0.055172414,0.053704179,286.6,277.5,280.9828739,274.7313902,44.21364985,6.251483776,3.708921494,8.857142857,277.5,10.31860864,298.1372173,256.8627827,201745
ADBL,11/24/2013,306,336,315,324,5.88%,21647,7102843,0.058823529,0.057158414,297.4,279.35,287.6008933,278.3809168,50,9.219976516,4.811132499,10.07142857,279.35,14.55759885,308.4651977,250.2348023,223392
ADBL,11/25/2013,324,326,305,314,-3.09%,13105,4072777,-0.030864198,-0.03135053,303.8,281,291.6622943,281.0193674,50,10.64292694,5.977491386,11.14285714,281,16.49561345,313.9912269,248.0087731,210287
ADBL,11/26/2013,314,329,308,321,2.23%,28272,9106933,0.022292994,0.022048137,311,282.65,296.1757875,283.9808958,27.69953052,12.19489177,7.220971464,11.92857143,282.65,18.73155233,320.1131047,245.1868953,238559
ADBL,11/27/2013,321,342,321,340,5.92%,36076,12017076,0.059190031,0.057504494,321,285.6,302.9179741,288.130459,15.42553191,14.78751503,8.734280177,13.14285714,285.6,22.6864207,330.9728414,240.2271586,274635
ADBL,11/28/2013,340,342,334,342,0.59%,21680,7342274,0.005882353,0.005865119,328.2,288.7,308.9305934,292.1207954,14.35643564,16.80979804,10.34938375,13.14285714,288.7,25.89066078,340.4813216,236.9186784,296315
ADBL,12/1/2013,342,376,341,376,9.94%,23763,8678552,0.099415205,0.094778406,338.6,293.55,319.2489637,298.3340698,23.11557789,20.91489386,12.46248577,15.28571429,293.55,32.27590759,358.1018152,228.9981848,320078
ADBL,12/2/2013,376,412,360,405,7.71%,20977,8333188,0.07712766,0.074297924,356.8,300.25,332.4414308,306.2352498,31.65829146,26.20618098,15.21122481,18.64285714,300.25,40.26736304,380.7847261,219.7152739,341055
ADBL,12/3/2013,405,404,389,400,-1.23%,19402,7700605,-0.012345679,-0.01242252,372.6,306.75,342.8350568,313.1807869,32.30769231,29.65426996,18.09983384,19.28571429,306.75,45.30467038,397.3593408,216.1406592,321653
ADBL,12/4/2013,400,425,392,402,0.50%,12389,5056887,0.005,0.004987542,385,313.55,351.9373558,319.7599878,28.50678733,32.17736793,20.91534066,21.28571429,313.55,48.92795455,411.4059091,215.6940909,334042
ADBL,12/5/2013,402,428,385,400,-0.50%,21081,8531937,-0.004975124,-0.004987542,396.6,320.15,359.3316087,325.7036925,43.57798165,33.62791629,23.45785579,23.78571429,320.15,51.30535521,422.7607104,217.5392896,312961
ADBL,12/8/2013,400,401,390,395,-1.25%,16688,6607316,-0.0125,-0.012578782,400.4,326.4,364.8190535,330.8367523,40.25423729,33.98230128,25.56274488,23.28571429,326.4,52.47495643,431.3499129,221.4500871,296273
ADBL,12/9/2013,395,405,383,396,0.25%,26882,10709798,0.002531646,0.002528446,398.6,332.65,369.6161222,335.6636595,61.46179402,33.95246272,27.24068845,24.21428571,332.65,52.9709702,438.5919404,226.7080596,323155
ADBL,12/10/2013,396,405,391,400,1.01%,28690,11496761,0.01010101,0.010050336,398.6,339.15,374.290565,340.4293144,64.30769231,33.86125061,28.56480088,24.5,339.15,52.85459199,444.859184,233.440816,351845
ADBL,12/11/2013,400,412,393,410,2.50%,18473,7444488,0.025,0.024692613,400.2,346.15,379.7843242,345.5826985,60.55900621,34.20162572,29.69216585,24.71428571,346.15,52.48385717,451.1177143,241.1822857,370318
ADBL,12/12/2013,410,420,404,406,-0.98%,17759,7270362,-0.009756098,-0.009804,401.4,353.2,383.8175051,350.0580542,57.35294118,33.75945094,30.50562287,23.71428571,353.2,50.43975041,454.0795008,252.3204992,352559
ADBL,12/15/2013,406,446,405,446,9.85%,20003,8387373,0.098522167,0.093965792,411.6,362,393.3840428,357.164865,56.85131195,36.21917782,31.64833386,25.14285714,362,50.51315618,463.0263124,260.9736876,372562
ADBL,12/16/2013,446,490,444,490,9.87%,20965,9876974,0.098654709,0.094086439,430.4,372.4,408.2480362,367.0045046,52.7027027,41.2435316,33.56737341,26.92857143,372.4,54.43528268,481.2705654,263.5294346,393527
ADBL,12/18/2013,490,518,485,485,-1.02%,29053,14533077,-0.010204082,-0.0102565,447.4,382.4,420.0560306,375.7449117,55.26315789,44.31111897,35.71612252,27.78571429,382.4,55.88559743,494.1711949,270.6288051,364474
ADBL,12/19/2013,485,500,475,493,1.65%,39462,19287968,0.016494845,0.016360283,464,392.55,431.2781798,384.4304738,56.3002681,46.847706,37.94243922,29,392.55,56.64987109,505.8497422,279.2502578,403936
ADBL,12/22/2013,493,490,464,480,-2.64%,19387,9322438,-0.026369168,-0.02672307,478.8,401.25,438.7738444,391.5096979,55.46448087,47.26414649,39.80678067,28.57142857,401.25,56.01585772,513.2817154,289.2182846,384549
ADBL,12/23/2013,480,475,456,469,-2.29%,33400,15494694,-0.022916667,-0.023183335,483.4,408.5,443.4240222,397.2497203,48.94736842,46.1743019,41.08028492,26.57142857,408.5,54.86298724,518.2259745,298.7740255,351149
ADBL,12/24/2013,469,484,451,469,0.00%,30153,14137999,0,0,479.2,416.25,447.358788,402.5645558,46.15384615,44.79423218,41.82307437,27.78571429,416.25,51.66580361,519.5816072,312.9183928,351149
ADBL,12/26/2013,469,499,460,471,0.43%,15787,7496050,0.004264392,0.004255326,476.4,423.75,450.9958975,407.633848,51.38121547,43.36204956,42.13086941,28.21428571,423.75,47.85820614,519.4664123,328.0335877,366936
ADBL,12/29/2013,471,475,450,465,-1.27%,22999,10658221,-0.012738854,-0.012820688,470.8,430,453.1503748,411.8831926,50,41.26718226,41.95813198,26.92857143,430,44.38112448,518.762249,341.237751,343937
ADBL,12/31/2013,465,468,455,460,-1.08%,25659,11833095,-0.010752688,-0.010810916,466.8,435.9,454.2041633,415.4474005,55.92705167,38.75676279,41.31785814,27.07142857,435.9,39.65894072,515.2178814,356.5821186,318278
ADBL,1/1/2014,460,455,432,439,-4.57%,15862,6954305,-0.045652174,-0.046727076,460.8,439.05,451.8650613,417.1920375,36.43410853,34.67302374,39.98889126,27.5,439.05,37.06818042,513.1863608,364.9136392,302416
ADBL,1/2/2014,439,462,416,462,5.24%,28467,12539546,0.0523918,0.051065478,459.4,441.9,453.4242826,420.5111459,26.78571429,32.91313675,38.57374036,29.78571429,441.9,36.49931506,514.8986301,368.9013699,330883
ADBL,1/5/2014,462,475,441,468,1.30%,65735,30288296,0.012987013,0.012903405,458.8,445.3,455.6667007,424.0288388,26.20087336,31.63786191,37.18656467,30.85714286,445.3,35.54552307,516.3910461,374.2089539,396618
ADBL,1/6/2014,468,474,452,470,0.43%,25538,11891111,0.004273504,0.004264399,459.8,448.7,457.8718237,427.43411,23.71541502,30.43771368,35.83679447,31.28571429,448.7,34.42015933,517.5403187,379.8596813,422156
ADBL,1/7/2014,470,473,460,473,0.64%,22161,10397910,0.006382979,0.006362694,462.4,452.35,460.1992354,430.8093611,34.06593407,29.38987432,34.54741044,29.28571429,452.35,32.81731732,517.9846346,386.7153654,444317
ADBL,1/8/2014,473,497,470,491,3.81%,38768,18856015,0.038054968,0.037348739,472.8,457.15,464.9378146,435.2679269,47.33096085,29.66988764,33.57190588,27.92857143,457.15,30.95544336,519.0608867,395.2391133,483085
ADBL,1/9/2014,491,490,471,484,-1.43%,20109,9707296,-0.014256619,-0.014359221,477.2,461.55,467.8704585,438.8777101,48.25174825,28.99274836,32.65607438,27,461.55,27.91052433,517.3710487,405.7289513,462976
ADBL,1/12/2014,484,497,482,486,0.41%,24734,12126000,0.004132231,0.004123717,480.8,465.85,470.6596187,442.3682501,50.18050542,28.2913686,31.78313322,26.28571429,465.85,24.32299107,514.4959821,417.2040179,487710
ADBL,1/13/2014,486,494,480,494,1.65%,19617,9539420,0.016460905,0.016326893,485.6,470.05,474.2504466,446.1928242,48.13432836,28.05762243,31.03803106,25.21428571,470.05,21.22678298,512.503566,427.596434,507327
ADBL,1/14/2014,494,501,489,501,1.42%,32504,16167668,0.01417004,0.014070584,491.2,474.8,478.3657625,450.252615,42.01954397,28.11314753,30.45305436,24.35714286,474.8,16.16559049,507.131181,442.468819,539831
ADBL,1/16/2014,501,499,481,490,-2.20%,19341,9507699,-0.021956088,-0.02220071,491,477,480.1556452,453.1968657,66.51685393,26.95877948,29.75419938,23.42857143,477,14.9912255,506.982451,447.017549,520490
ADBL,1/19/2014,490,495,473,495,1.02%,29053,14135093,0.010204082,0.010152371,493.2,477.25,482.4393921,456.2933942,64.06926407,26.14599791,29.03255909,22.21428571,477.25,15.25873348,507.767467,446.732533,549543
ADBL,1/20/2014,495,519,490,500,1.01%,81646,41133902,0.01010101,0.010050336,496,478,485.1410241,459.5309205,66.8,25.61010354,28.34806798,22.5,478,16.00986538,510.0197308,445.9802692,631189
ADBL,1/21/2014,500,499,485,488,-2.40%,11260,5548725,-0.024,-0.024292693,494.8,477.75,485.5808665,461.6397412,62.45210728,23.94112529,27.46667944,22.64285714,477.75,15.80098265,509.3519653,446.1480347,619929
ADBL,1/22/2014,488,487,472,478,-2.05%,13817,6560366,-0.020491803,-0.020704673,490.2,477.65,484.4145794,462.8516123,64.95049505,21.56296711,26.28593697,21.78571429,477.65,15.79231992,509.2346398,446.0653602,606112
ADBL,1/23/2014,478,484,469,480,0.42%,13779,6598289,0.0041841,0.004175371,488.2,478.2,483.7354133,464.1218632,60.71428571,19.61355011,24.9514596,19.57142857,478.2,15.66625606,509.5325121,446.8674879,619891
ADBL,1/26/2014,480,522,480,503,4.79%,40298,20371358,0.047916667,0.046804066,489.8,479.9,486.6991959,467.0017252,61.40684411,19.69747069,23.90066182,20.14285714,479.9,16.44096296,512.7819259,447.0180741,660189
ADBL,1/27/2014,503,504,486,490,-2.58%,9937,4893569,-0.02584493,-0.026184779,487.8,480.85,487.2070119,468.7053011,68.19085487,18.5017108,22.82087161,19.85714286,480.85,16.44856417,513.7471283,447.9528717,650252
ADBL,1/28/2014,490,500,476,499,1.84%,26031,12812248,0.018367347,0.018200705,490,482.55,489.0213178,470.9493529,53.44827586,18.07196489,21.87109027,20.64285714,482.55,16.48116948,515.512339,449.587661,676283
ADBL,1/29/2014,499,508,495,503,0.80%,29804,14948839,0.008016032,0.007984074,495,484.7,491.1718843,473.3234749,44.26229508,17.84840938,21.06655409,19.64285714,484.7,16.18673921,517.0734784,452.3265216,706087
ADBL,2/2/2014,503,500,485,490,-2.58%,8622,4222674,-0.02584493,-0.026184779,497,487.25,490.9915944,474.558773,52.11267606,16.43282133,20.13980754,19.5,487.25,12.11295522,511.4759104,463.0240896,697465
ADBL,2/3/2014,490,499,475,499,1.84%,16945,8159916,0.018367347,0.018200705,496.2,489.1,492.2236568,476.3692343,49.39759036,15.85442248,19.28273053,20.14285714,489.1,10.80886576,510.7177315,467.4822685,714410
ADBL,2/4/2014,499,499,481,499,0.00%,14068,6914480,0,0,498,490.65,493.2661711,478.0455873,56.36574074,15.22058381,18.47030118,20.42857143,490.65,9.799436074,510.2488721,471.0511279,714410
ADBL,2/5/2014,499,492,484,492,-1.40%,8624,4225252,-0.014028056,-0.014127379,496.6,491.75,493.0713756,479.0792475,64.46759259,13.99212805,17.57466656,20.64285714,491.75,8.509282857,508.7685657,474.7314343,705786
ADBL,2/6/2014,492,501,490,497,1.02%,18213,9039773,0.010162602,0.01011131,495.4,492.95,493.6757793,480.4067107,59.49868074,13.26906867,16.71354698,20,492.95,7.337538667,507.6250773,478.2749227,723999
ADBL,2/9/2014,497,501,488,500,0.60%,31751,15848924,0.006036217,0.006018072,497.4,493.4,494.6487363,481.8580654,63.65914787,12.79067093,15.92897177,19.35714286,493.4,7.486127521,508.372255,478.427745,755750
ADBL,2/10/2014,500,550,515,520,4.00%,52878,28379587,0.04,0.039220713,501.6,495.2,498.5489308,484.6833939,60.75778078,13.86553685,15.51628478,20.85714286,495.2,9.231524935,513.6630499,476.7369501,808628
ADBL,2/11/2014,520,521,510,518,-0.38%,29068,14978823,-0.003846154,-0.003853569,505.4,496.8,501.5414029,487.1512907,62.88515406,14.39011229,15.29105029,20.57142857,496.8,10.26798807,517.3359761,476.2640239,779560
ADBL,2/12/2014,518,515,500,515,-0.58%,10260,5225358,-0.005791506,-0.005808342,510,497.85,503.6119563,489.214158,61.57024793,14.39779832,15.11239989,20.71428571,497.85,11.01326951,519.876539,475.823461,769300
ADBL,2/13/2014,515,518,504,509,-1.17%,14908,7588708,-0.011650485,-0.011718884,512.4,498.25,504.4408861,490.6797759,64.4092219,13.76111019,14.84214195,20.64285714,498.25,11.2758475,520.801695,475.698305,754392
ADBL,2/16/2014,509,507,490,500,-1.77%,12363,6140653,-0.017681729,-0.017839918,512.4,498.75,503.7576729,491.3701629,65.85014409,12.38750997,14.35121556,19,498.75,11.11127924,520.9725585,476.5274415,742029
ADBL,2/17/2014,500,503,490,497,-0.60%,10000,4985741,-0.006,-0.006018072,507.8,498.85,502.7180309,491.7871879,61.20448179,10.93084302,13.66714105,18.64285714,498.85,11.08472159,521.0194432,476.6805568,732029
ADBL,2/18/2014,497,502,490,500,0.60%,14557,7274455,0.006036217,0.006018072,504.2,498.85,502.2998723,492.3955443,71.17263844,9.904327969,12.91457843,17.78571429,498.85,11.08472159,521.0194432,476.6805568,746586
ADBL,2/20/2014,500,510,493,506,1.20%,12477,6285058,0.012,0.011928571,502.4,499.75,502.8691227,493.4032818,81.42361111,9.465840928,12.22483093,18.07142857,499.75,10.88637487,521.5227497,477.9772503,759063
ADBL,2/23/2014,506,520,502,510,0.79%,16883,8625372,0.007905138,0.007874056,502.6,501.35,503.9661808,494.6326683,73.78435518,9.333512437,11.64656723,18.07142857,501.35,9.820896089,520.9917922,481.7082078,775946
ADBL,2/24/2014,510,521,506,510,0.00%,10633,5455405,0,0,504.6,502.85,504.8944606,495.7709892,73.47368421,9.123471455,11.14194808,17.42857143,502.85,8.604007634,520.0580153,485.6419847,775946
ADBL,2/25/2014,510,510,492,510,0.00%,8159,4056577,0,0,507.2,503.2,505.6799282,496.82499,63.1147541,8.854938248,10.68454611,17.42857143,503.2,8.751541218,520.7030824,485.6969176,775946
ADBL,2/26/2014,510,510,490,507,-0.59%,11856,5953703,-0.005882353,-0.005899722,508.6,504.05,505.8830162,497.5786944,63.61185984,8.304321766,10.20850124,17.78571429,504.05,8.210872125,520.4717442,487.6282558,764090
ADBL,3/3/2014,507,500,482,500,-1.38%,11330,5588614,-0.013806706,-0.013902905,507.4,504.1,504.9779368,497.7580504,58.96656535,7.219886383,9.610778271,18.78571429,504.1,8.18149388,520.4629878,487.7370122,752760
ADBL,3/4/2014,500,494,475,490,-2.00%,12645,6121482,-0.02,-0.020202707,503.4,503.45,502.6736388,497.18338,50.36764706,5.490258816,8.78667438,19.64285714,503.45,8.768814359,520.9876287,485.9123713,740115
ADBL,3/5/2014,490,495,485,491,0.20%,13670,6701152,0.002040816,0.002038737,499.6,503.5,500.8776944,496.7253519,48.39857651,4.152342531,7.85980801,16.78571429,503.5,8.69058777,520.8811755,486.1188245,753785
ADBL,3/6/2014,491,492,480,485,-1.22%,8096,3949166,-0.012219959,-0.012295237,494.6,502.8,498.4349722,495.8568073,47.55244755,2.5781649,6.803479388,16.85714286,502.8,9.589467907,521.9789358,483.6210642,745689
ADBL,3/9/2014,485,485,476,477,-1.65%,12131,5814888,-0.016494845,-0.0166324,488.6,501.7,495.1372841,494.4600067,50,0.677277412,5.578238993,16.21428571,501.7,11.17845672,524.0569134,479.3430866,733558
ADBL,3/10/2014,477,480,467,480,0.63%,11578,5457255,0.006289308,0.006269613,484.6,501.1,492.8084712,493.3888951,46.57534247,-0.580423924,4.34650641,16.14285714,501.1,12.01709309,525.1341862,477.0658138,745136
ADBL,3/11/2014,480,473,466,466,-2.92%,5775,2712645,-0.029166667,-0.02960047,479.8,499.55,488.684091,491.3600881,46.57534247,-2.675997062,2.942005715,15.78571429,499.55,14.34710681,528.2442136,470.8557864,739361
ADBL,3/12/2014,466,468,456,468,0.43%,5270,2410519,0.004291845,0.004282662,475.2,497.95,485.5019232,489.6297112,50,-4.127788016,1.528046969,15.71428571,497.95,15.9851082,529.9202164,465.9797836,744631
ADBL,3/13/2014,468,471,458,470,0.43%,6624,3091316,0.004273504,0.004264399,472.2,495.45,483.1170119,488.1756585,55.31914894,-5.058646592,0.210708257,15.78571429,495.45,16.26256599,527.975132,462.924868,751255
ADBL,3/17/2014,470,465,456,460,-2.13%,5748,2645091,-0.021276596,-0.021506205,468.8,492.55,479.5605485,486.0885727,51.53846154,-6.528024148,-1.137038224,15.57142857,492.55,17.17548743,526.9009749,458.1990251,745507
ADBL,3/18/2014,460,457,443,455,-1.09%,9587,4307964,-0.010869565,-0.010929071,463.8,489.55,475.7820026,483.7857155,58.39694656,-8.003712841,-2.510373147,15.5,489.55,18.25398298,526.057966,453.042034,735920
ADBL,3/19/2014,455,480,446,480,5.49%,10946,5102732,0.054945055,0.053488685,466.6,488.1,476.4309253,483.5052921,69.05829596,-7.074366799,-3.423171878,16.85714286,488.1,17.7731317,523.6462634,452.5537366,746866
ADBL,3/20/2014,480,478,466,466,-2.92%,8516,4008312,-0.029166667,-0.02960047,466.2,486.4,474.8261675,482.2086038,71.62790698,-7.382436233,-4.215024749,16.57142857,486.4,18.19600882,522.7920176,450.0079824,738350
ADBL,3/23/2014,466,483,458,483,3.65%,8169,3790999,0.036480687,0.03583102,468.8,485.7,476.0836802,482.2672257,56.73758865,-6.18354549,-4.608728897,16.92857143,485.7,18.03534541,521.7706908,449.6293092,746519
ADBL,3/24/2014,483,510,475,507,4.97%,21201,10555473,0.049689441,0.04849435,478.2,486.05,480.8400371,484.0992831,50,-3.259245957,-4.338832309,17.64285714,486.05,18.39186033,522.8337207,449.2662793,767720
ADBL,3/25/2014,507,500,475,490,-3.35%,29739,14409354,-0.033530572,-0.034105612,485.2,485.25,482.2492622,484.5363732,44.52554745,-2.287111041,-3.928488055,18.14285714,485.25,17.81742199,520.884844,449.615156,737981
ADBL,3/26/2014,490,528,490,528,7.76%,60736,30711330,0.07755102,0.074690893,494.8,486.15,489.2878372,487.7559011,56.57894737,1.531936099,-2.836403224,20.14285714,486.15,19.50782569,525.1656514,447.1343486,798717
ADBL,3/27/2014,528,538,490,499,-5.49%,20209,10155615,-0.054924242,-0.056490188,501.4,485.6,490.7820161,488.5887973,65.43209877,2.193218774,-1.830478825,22.71428571,485.6,18.94701754,523.4940351,447.7059649,778508
ADBL,3/31/2014,499,492,480,490,-1.80%,5218,2532600,-0.018036072,-0.018200705,502.8,484.6,490.6617059,488.6933309,55.20833333,1.968375072,-1.070708045,23.42857143,484.6,18.10030532,520.8006106,448.3993894,773290
ADBL,4/1/2014,490,494,487,494,0.82%,3932,1927934,0.008163265,0.008130126,500.2,483.95,491.1752896,489.0864175,50,2.088872171,-0.438792002,23,483.95,17.47622445,518.9024489,448.9975511,777222
ADBL,4/2/2014,494,494,485,489,-1.01%,11115,5450211,-0.010121457,-0.010173028,500,483.4,490.8406297,489.0800162,43.24324324,1.76061352,0.001089102,22.64285714,483.4,17.11386019,517.6277204,449.1722796,766107
ADBL,4/3/2014,489,490,480,484,-1.02%,3927,1909320,-0.010224949,-0.010277583,491.2,483.1,489.7882251,488.7037187,49.76303318,1.084506446,0.217772571,22.5,483.1,17.04452374,517.1890475,449.0109525,762180
ADBL,4/6/2014,484,490,480,481,-0.62%,8848,4280413,-0.006198347,-0.006217637,487.6,482.6,488.4361905,488.1330729,52.25225225,0.303117639,0.234841585,22.28571429,482.6,16.94697613,516.4939523,448.7060477,753332
ADBL,4/7/2014,481,483,473,480,-0.21%,5197,2489076,-0.002079002,-0.002081166,485.6,482.35,487.138315,487.530623,50,-0.392307981,0.109411671,22,482.35,16.94658792,516.2431758,448.4568242,748135
ADBL,4/9/2014,480,479,474,479,-0.21%,5534,2641891,-0.002083333,-0.002085506,482.6,482.45,485.8862666,486.898725,42.85714286,-1.012458447,-0.114962352,21.21428571,482.45,16.91923539,516.2884708,448.6115292,742601
ADBL,4/10/2014,479,483,480,480,0.21%,3389,1629028,0.002087683,0.002085506,480.8,482.45,484.9806871,486.3877083,47.74774775,-1.407021251,-0.373374132,19.07142857,482.45,16.91923539,516.2884708,448.6115292,745990
ADBL,4/13/2014,480,485,475,485,1.04%,5766,2760663,0.010416667,0.010362787,481,483.4,484.9836583,486.2849151,49.11504425,-1.301256824,-0.55895067,18.78571429,483.4,16.47454176,516.3490835,450.4509165,751756
ADBL,4/15/2014,485,480,475,477,-1.65%,8445,4038532,-0.016494845,-0.0166324,480.2,483.85,483.7554032,485.5971436,50,-1.841740457,-0.815508628,17.71428571,483.85,16.15150311,516.1530062,451.5469938,743311
ADBL,4/16/2014,477,478,472,478,0.21%,5706,2710690,0.002096436,0.002094242,479.8,484.25,482.8699565,485.0343923,52.08333333,-2.16443572,-1.085294046,15.64285714,484.25,15.88735015,516.0247003,452.4752997,749017
ADBL,4/17/2014,478,479,472,476,-0.42%,11560,5492372,-0.0041841,-0.004192878,479.2,485.05,481.8130402,484.365178,36.23188406,-2.55213787,-1.378662811,13.85714286,485.05,14.97884473,515.0076895,455.0923105,737457
ADBL,4/20/2014,476,476,465,470,-1.26%,7619,3569533,-0.012605042,-0.01268516,477.2,485.8,479.9956494,483.3010908,46.34146341,-3.305441402,-1.764018529,11.92857143,485.8,13.71744951,513.234899,458.365101,729838
ADBL,4/21/2014,470,471,462,467,-0.64%,4512,2098816,-0.006382979,-0.006403437,473.6,485.15,477.9963187,482.0936026,42.60651629,-4.097283868,-2.230671597,9.142857143,485.15,14.30228175,513.7545635,456.5454365,725326
ADBL,4/22/2014,467,484,464,484,3.64%,3658,1716191,0.03640257,0.035755649,475,486.05,478.919962,482.2348172,48.44559585,-3.314855215,-2.44750832,9.214285714,486.05,13.5820121,513.2140242,458.8859758,728984
ADBL,4/23/2014,484,484,475,480,-0.83%,6040,2896503,-0.008264463,-0.008298803,475.4,485.9,479.0861217,482.0692752,50,-2.983153504,-2.554637357,9.357142857,485.9,13.63393599,513.167872,458.632128,722944
ADBL,4/27/2014,480,495,479,486,1.25%,19082,9251327,0.0125,0.01242252,477.4,484.85,480.1497953,482.36044,50.13404826,-2.210644716,-2.485838829,9.857142857,484.85,12.70008288,510.2501658,459.4498342,742026
ADBL,4/28/2014,486,485,477,482,-0.82%,17521,8447946,-0.008230453,-0.00826451,479.8,484.45,480.4344421,482.3337407,50,-1.899298575,-2.368530778,9.785714286,484.45,12.65524647,509.7604929,459.1395071,724505
ADBL,4/29/2014,482,485,465,465,-3.53%,17504,8328232,-0.03526971,-0.035906708,479.4,481.3,478.0599126,481.0497599,43.17548747,-2.989847341,-2.492794091,10.5,481.3,8.35463943,498.0092789,464.5907211,707001
ADBL,4/30/2014,465,490,460,484,4.09%,38545,18407064,0.040860215,0.040047501,479.4,480.55,478.9737722,481.2682962,46.03174603,-2.29452404,-2.453140081,11.92857143,480.55,7.287155246,495.1243105,465.9756895,745546
ADBL,5/4/2014,484,485,485,485,0.21%,146,70810,0.002066116,0.002063984,480.4,480.3,479.9008842,481.5447187,45.54973822,-1.64383457,-2.291278978,11.57142857,480.3,7.027015538,494.3540311,466.2459689,745692
ADBL,5/6/2014,485,480,458,480,-1.03%,5111,2390588,-0.010309278,-0.010362787,479.2,479.6,479.9161327,481.4302951,41.28686327,-1.514162369,-2.135855657,13.21428571,479.6,6.244155162,492.0883103,467.1116897,740581
ADBL,5/7/2014,480,485,465,465,-3.12%,3621,1723446,-0.03125,-0.031748698,475.8,478.4,477.6213431,480.2132362,38.50129199,-2.591893125,-2.22706315,13.92857143,478.4,6.636422625,491.6728453,465.1271547,736960
ADBL,5/8/2014,465,465,451,462,-0.65%,3062,1411016,-0.006451613,-0.006472515,475.2,477.3,475.2180595,478.8641076,42.78846154,-3.646048069,-2.510860134,14.21428571,477.3,7.434627375,492.1692548,462.4307452,733898
ADBL,5/11/2014,462,462,446,451,-2.38%,2232,1005475,-0.023809524,-0.024097552,468.6,475.8,471.4922042,476.8000996,42.09245742,-5.307895412,-3.07026719,14.92857143,475.8,9.412198132,494.6243963,456.9756037,731666
ADBL,5/12/2014,451,453,442,447,-0.89%,6393,2858303,-0.00886918,-0.008908745,461,474.15,467.7241728,474.5926848,50,-6.868512043,-3.82991616,15.21428571,474.15,11.33357843,496.8171569,451.4828431,725273
ADBL,5/13/2014,447,460,440,452,1.12%,3367,1527250,0.011185682,0.011123585,455.4,472.8,465.3050693,472.9191526,32.421875,-7.614083341,-4.586749596,15.85714286,472.8,12.29291623,497.3858325,448.2141675,728640
ADBL,5/15/2014,452,453,446,450,-0.44%,1498,672591,-0.004424779,-0.004434597,452.4,471.3,462.9504433,471.2214376,32.29571984,-8.270994376,-5.323598552,15.71428571,471.3,13.16734398,497.634688,444.965312,727142
ADBL,5/18/2014,450,449,433,438,-2.67%,2406,1062455,-0.026666667,-0.027028672,447.6,468.95,459.1119135,468.7605904,25.28735632,-9.648676876,-6.188614217,15.5,468.95,14.69863939,498.3472788,439.5527212,724736
ADBL,5/19/2014,438,445,435,441,0.68%,3738,1648612,0.006849315,0.006825965,445.6,467.15,456.3254653,466.7042504,22.99651568,-10.37878508,-7.02664839,15.57142857,467.15,15.82228608,498.7945722,435.5054278,728474
ADBL,5/20/2014,441,442,436,440,-0.23%,1380,604137,-0.002267574,-0.002270149,444.2,465.25,453.8138552,464.7261577,28.62190813,-10.9123025,-7.803779213,14.85714286,465.25,16.70762511,498.6652502,431.8347498,727094
ADBL,5/21/2014,440,442,436,439,-0.23%,1436,630316,-0.002272727,-0.002275314,441.6,463.4,451.5348006,462.8205164,22.46153846,-11.28571584,-8.500166539,14.64285714,463.4,17.48503119,498.3700624,428.4299376,725658
ADBL,5/22/2014,439,445,437,441,0.46%,3420,1506284,0.004555809,0.004545462,439.8,461.95,449.914062,461.2041819,46.45308924,-11.29011984,-9.0581572,13.78571429,461.95,18.1005234,498.1510468,425.7489532,729078
ADBL,5/25/2014,441,451,440,440,-0.23%,1964,874085,-0.002267574,-0.002270149,440.2,460.6,448.3888217,459.6335017,50.94339623,-11.24468002,-9.495461764,12.42857143,460.6,18.70097099,498.001942,423.198058,727114
ADBL,5/26/2014,440,448,436,439,-0.23%,2068,916313,-0.002272727,-0.002275314,439.8,458.35,446.9443876,458.1050942,50.41493776,-11.16070659,-9.82851073,13.21428571,458.35,18.44272785,495.2354557,421.4645443,725046
ADBL,5/27/2014,439,443,438,442,0.68%,2651,1168679,0.006833713,0.006810469,440.2,456.45,446.1837126,456.9121243,46.64107486,-10.72841167,-10.00849092,11.64285714,456.45,18.04810823,492.5462165,420.3537835,727697
ADBL,5/28/2014,442,459,441,455,2.94%,3465,1555696,0.029411765,0.028987537,443.4,454.9,447.5400645,456.7704854,47.4609375,-9.230420927,-9.852876919,11.5,454.9,16.65406541,488.2081308,421.5918692,731162
ADBL,6/1/2014,455,454,442,449,-1.32%,3419,1534885,-0.013186813,-0.013274531,445,453.25,447.76467,456.1948939,43.84133612,-8.430223953,-9.568346326,11.42857143,453.25,15.41658369,484.0831674,422.4168326,727743
ADBL,6/2/2014,449,460,441,460,2.45%,5675,2559270,0.024498886,0.024203602,449,453,449.6470284,456.4767536,43.15789474,-6.829725195,-9.0206221,11.64285714,453,15.25571506,483.5114301,422.4885699,733418
ADBL,6/3/2014,460,483,455,465,1.09%,3237,1497446,0.010869565,0.010810916,454.2,452.05,452.0090241,457.1081052,46.59090909,-5.099081153,-8.23631391,12.85714286,452.05,13.73997242,479.5299448,424.5700552,736655
ADBL,6/4/2014,465,456,450,450,-3.23%,4933,2231099,-0.032258065,-0.032789823,455.8,450.3,451.6999434,456.5815789,44.08602151,-4.881635465,-7.565378221,12.5,450.3,11.34205031,472.9841006,427.6158994,731722
ADBL,6/5/2014,450,455,441,451,0.22%,1460,655013,0.002222222,0.002219757,455,448.85,451.5922598,456.1681286,43.61702128,-4.575868781,-6.967476333,13,448.85,8.945889971,466.7417799,430.9582201,733182
ADBL,6/8/2014,451,452,442,445,-1.33%,4810,2137728,-0.013303769,-0.013393057,454.2,447.85,450.578066,455.3408598,44.37229437,-4.762793815,-6.52653983,12.5,447.85,8.125819797,464.1016396,431.5983604,728372
ADBL,6/9/2014,445,447,442,442,-0.67%,3135,1390085,-0.006741573,-0.0067644,450.6,446.85,449.2583635,454.352648,53.00925926,-5.094284439,-6.240088752,12.14285714,446.85,7.499298213,461.8485964,431.8514036,725237
ADBL,6/10/2014,442,460,440,451,2.04%,6762,3048601,0.020361991,0.020157457,447.8,446.85,449.5263076,454.1043037,47.76785714,-4.577996074,-5.907670216,13.14285714,446.85,7.499298213,461.8485964,431.8514036,731999
ADBL,6/11/2014,451,472,442,459,1.77%,7845,3618724,0.017738359,0.017582871,449.6,447.45,450.9837988,454.4669479,46.72489083,-3.483149109,-5.422765995,14.85714286,447.45,7.976775499,463.403551,431.496449,739844
ADBL,6/12/2014,459,468,450,456,-0.65%,5318,2449340,-0.006535948,-0.006557401,450.6,447.65,451.755522,454.5805073,23.79603399,-2.824985258,-4.903209847,15.57142857,447.65,8.145227857,463.9404557,431.3595443,734526
ADBL,6/15/2014,456,498,456,498,9.21%,21646,10384789,0.092105263,0.088107268,461.2,450.05,458.8700571,457.796766,8.090614887,1.073291096,-3.707909659,17.78571429,450.05,13.90749514,477.8649903,422.2350097,756172
ADBL,6/16/2014,498,511,485,504,1.20%,17798,8894533,0.012048193,0.011976191,473.6,453.35,465.8131252,461.2192278,8.561643836,4.593897457,-2.047548236,18.78571429,453.35,18.09703378,489.5440676,417.1559324,773970
ADBL,6/17/2014,504,511,485,504,0.00%,13316,6679205,0,0,484.2,456.5,471.688029,464.3881739,9.090909091,7.299855177,-0.178067553,20.28571429,456.5,21.07255636,498.6451127,414.3548873,773970
ADBL,6/18/2014,504,506,498,500,-0.79%,5595,2815179,-0.007936508,-0.00796817,492.4,459.5,476.0437169,467.0260869,6.756756757,9.017629969,1.661071951,19.57142857,459.5,22.80004617,505.1000923,413.8999077,768375
ADBL,6/19/2014,500,500,495,497,-0.60%,4887,2433073,-0.006,-0.006018072,500.6,462.4,479.2677604,469.2463768,5.150214592,10.02138367,3.333134295,19,462.4,23.72518094,509.8503619,414.9496381,763488
ADBL,6/23/2014,497,499,490,492,-1.01%,2822,1392972,-0.010060362,-0.01011131,499.4,464.95,481.2265665,470.9318303,3.761755486,10.29473618,4.725454672,18.28571429,464.95,24.0426704,513.0353408,416.8646592,760666
ADBL,6/24/2014,492,493,473,486,-1.22%,4915,2379604,-0.012195122,-0.012270093,495.8,467.25,481.9609409,472.0479911,4.654895666,9.912949847,5.762953707,17.71428571,467.25,23.72845283,514.7069057,419.7930943,755751
ADBL,6/25/2014,486,495,481,490,0.82%,5342,2611158,0.008230453,0.008196767,493,469.8,483.1977192,473.3777695,4.58135861,9.819949729,6.574352911,17.64285714,469.8,23.26868236,516.3373647,423.2626353,761093
ADBL,6/26/2014,490,495,486,490,0.00%,2294,1124885,0,0,491,472.2,484.244224,474.6090458,19.09340659,9.635178129,7.186517955,17.28571429,472.2,22.71934024,517.6386805,426.7613195,761093
ADBL,6/29/2014,490,535,494,535,9.18%,6659,3352126,0.091836735,0.087861356,498.6,476.2,492.0528049,479.0824498,26.71755725,12.97035505,8.343285373,19.78571429,476.2,26.29308494,528.7861699,423.6138301,767752
ADBL,6/30/2014,535,539,510,535,0.00%,17816,9248469,0,0,507.2,480.5,498.6600657,483.2244906,28.71287129,15.43557508,9.761743314,21.5,480.5,28.54636118,537.5927224,423.4072776,767752
ADBL,7/1/2014,535,536,515,530,-0.93%,16496,8688752,-0.009345794,-0.00938974,516,484,503.481594,486.6893431,28.85572139,16.79225089,11.16784483,21.57142857,484,30.14700823,544.2940165,423.7059835,751256
ADBL,7/2/2014,530,532,520,526,-0.75%,8711,4581490,-0.00754717,-0.007575794,523.2,487.05,506.9459642,489.6012437,29.97416021,17.34472053,12.40321997,20.28571429,487.05,31.1912184,549.4324368,424.6675632,742545
ADBL,7/3/2014,526,540,511,540,2.66%,10454,5471823,0.02661597,0.026267927,533.2,491.55,512.0312005,493.3344849,30.97463284,18.6967156,13.6619191,21.07142857,491.55,32.04515728,555.6403146,427.4596854,752999
ADBL,7/6/2014,540,550,535,550,1.85%,10936,5934234,0.018518519,0.018349139,536.2,496.5,517.8725542,497.5319304,31.1827957,20.34062381,14.99766004,19.14285714,496.5,33.08123971,562.6624794,430.3375206,763935
ADBL,7/7/2014,550,571,540,571,3.82%,23528,12913417,0.038181818,0.037470931,543.4,502.8,526.0460074,502.9740097,30.01293661,23.07199777,16.61252758,19.5,502.8,34.71477768,572.2295554,433.3704446,787463
ADBL,7/8/2014,571,628,575,628,9.98%,75326,47099142,0.099824869,0.095150957,563,512.1,541.7312371,512.2351941,29.40430925,29.49604293,19.18923065,21.71428571,512.1,41.76740104,595.6348021,428.5651979,862789
ADBL,7/9/2014,628,690,630,660,5.10%,64933,43299474,0.050955414,0.049699669,589.8,522.55,559.9264314,523.1807353,34.870317,36.74569605,22.70052373,25.57142857,522.55,50.83665793,624.2233159,420.8766841,927722
ADBL,7/10/2014,660,690,645,677,2.58%,53832,35530679,0.025757576,0.025431438,617.2,533.45,577.9377496,534.5747549,39.22204214,43.3629947,26.83301793,28.42857143,533.45,59.17989968,651.8097994,415.0902006,981554
ADBL,7/13/2014,677,739,677,698,3.10%,41709,29179671,0.031019202,0.03054783,646.8,545.55,596.4088651,546.6803286,53.18681319,49.72853643,31.41212163,32.21428571,545.55,66.7646889,679.0793778,412.0206222,1023263
ADBL,7/14/2014,698,725,687,690,-1.15%,41992,29488397,-0.011461318,-0.011527505,670.6,555.15,610.8075012,557.2966006,50,53.51090062,35.83187743,33.5,555.15,73.07334095,701.2966819,409.0033181,981271
ADBL,7/15/2014,690,693,680,690,0.00%,13822,9495058,0,0,683,564.45,622.9909626,567.126482,51.97368421,55.86448054,39.83839805,33.42857143,564.45,77.89768931,720.2453786,408.6546214,981271
ADBL,7/16/2014,690,756,682,756,9.57%,15232,10654212,0.095652174,0.091349779,702.2,577.05,643.4538914,581.117113,29.95283019,62.33677842,44.33807412,38.07142857,577.05,87.40557311,751.8611462,402.2388538,996503
ADBL,7/17/2014,756,742,700,729,-3.57%,20796,14870226,-0.035714286,-0.036367644,712.6,588.5,656.6148312,592.0714009,18.18181818,64.54343027,48.37914535,38.85714286,588.5,91.6759166,771.8518332,405.1481668,975707
ADBL,7/20/2014,729,770,715,726,-0.41%,17347,12664584,-0.004115226,-0.004123717,718.2,599.95,667.2894725,601.9920379,13.41107872,65.29743466,51.76280321,40.71428571,599.95,93.91960448,787.789209,412.110791,958360
ADBL,7/21/2014,726,740,700,740,1.93%,23797,17135329,0.019283747,0.019100171,728.2,612.35,678.4757075,612.2148499,28.94736842,66.26085765,54.6624141,42.07142857,612.35,95.27869094,802.9073819,421.7926181,982157
ADBL,7/22/2014,740,729,700,715,-3.38%,26067,18395942,-0.033783784,-0.034367644,733.2,623.8,684.0948294,619.8285647,31.42857143,64.26626474,56.58318423,44.07142857,623.8,93.02891458,809.8578292,437.7421708,956090
ADBL,7/23/2014,715,711,698,710,-0.70%,19797,13946533,-0.006993007,-0.007017573,724,634.8,688.0802403,626.5079303,30.98591549,61.57231002,57.58100939,43.21428571,634.8,89.30762919,813.4152584,456.1847416,936293
ADBL,7/24/2014,710,709,694,703,-0.99%,18897,13278013,-0.009859155,-0.009908078,718.8,645.45,690.3755879,632.1740095,30.55555556,58.20157843,57.70512319,43.28571429,645.45,83.65246088,812.7549218,478.1450782,917396
ADBL,7/27/2014,703,700,690,699,-0.57%,19175,13359885,-0.0056899,-0.00570615,713.4,653.65,691.7024206,637.1240829,32.44837758,54.57833768,57.07976609,42,653.65,80.22355278,814.0971056,493.2028944,898221
ADBL,7/28/2014,699,696,686,695,-0.57%,11965,8266627,-0.005722461,-0.005738897,704.4,661.65,692.2097405,641.4111879,35.83061889,50.79855262,55.8235234,38.85714286,661.65,75.61416952,812.878339,510.421661,886256
ADBL,7/30/2014,695,700,670,680,-2.16%,18615,12729507,-0.021582734,-0.021819047,697.4,669.15,690.3313189,644.2696184,31.15264798,46.06170048,53.87115881,36.57142857,669.15,69.02042032,807.1908406,531.1091594,867641
ADBL,7/31/2014,680,685,666,671,-1.32%,17974,12129488,-0.013235294,-0.013323661,689.6,676.4,687.3572698,646.2496467,30.3030303,41.10762316,51.31845168,34.71428571,676.4,60.2507043,796.9014086,555.8985914,849667
ADBL,8/3/2014,671,662,650,659,-1.79%,14283,9369036,-0.017883756,-0.018045602,680.8,682.35,682.9946129,647.1941173,28.49002849,35.80049564,48.21486047,31.78571429,682.35,51.27970256,784.9094051,579.7905949,835384
ADBL,8/4/2014,659,656,641,650,-1.37%,16927,10936168,-0.013657056,-0.013751172,671,687.35,677.9185186,647.4019604,36.76880223,30.51655818,44.67520002,30.35714286,687.35,41.67073313,770.6914663,604.0085337,818457
ADBL,8/5/2014,650,670,648,657,1.08%,19507,12914583,0.010769231,0.010711656,663.4,691.65,674.700285,648.1129263,34.46475196,26.58735866,41.05763174,31,691.65,32.44959654,756.5491931,626.7508069,837964
ADBL,8/6/2014,657,660,649,650,-1.07%,19442,12733444,-0.01065449,-0.010711656,657.4,692.75,670.9002411,648.2527096,31.13207547,22.64753158,37.37561171,26.5,692.75,30.4922337,753.7344674,631.7655326,818522
ADBL,8/7/2014,650,668,635,655,0.77%,27587,17792836,0.007692308,0.007662873,654.2,692.5,668.4540502,648.7525089,29.46859903,19.70154134,33.84079764,24.85714286,692.5,30.79388183,754.0877637,630.9122363,846109
ADBL,8/12/2014,655,649,630,645,-1.53%,7449,4790514,-0.015267176,-0.015384919,651.4,690.9,664.8457348,648.4745452,22.42990654,16.37118954,30.34687602,22.71428571,690.9,32.42951872,755.7590374,626.0409626,838660
ADBL,8/13/2014,645,660,633,660,2.33%,13102,8449188,0.023255814,0.022989518,653.4,689,664.1002371,649.3282826,8.29015544,14.7719545,27.23189171,21.78571429,689,33.09794079,755.1958816,622.8041184,851762
ADBL,8/14/2014,660,670,647,657,-0.45%,15244,10054548,-0.004545455,-0.004555817,653.4,687.35,663.007893,649.896558,6.611570248,13.11133496,24.40778036,20.57142857,687.35,33.85926756,755.0685351,619.6314649,836518
ADBL,8/18/2014,657,644,595,612,-6.85%,37244,22612552,-0.068493151,-0.070951736,645.8,683.45,655.1605248,647.0894055,5.936920223,8.071119259,21.14044814,23.78571429,683.45,37.80068922,759.0513784,607.8486216,799274
ADBL,8/19/2014,612,620,596,610,-0.33%,17808,10869120,-0.003267974,-0.003273325,636.8,676.15,648.2127518,644.3420422,15.75342466,3.870709585,17.68650043,24.35714286,676.15,37.14449028,750.4389806,601.8610194,781466
ADBL,8/20/2014,610,610,588,605,-0.82%,19673,11856208,-0.008196721,-0.008230499,628.8,669.95,641.5646361,641.4278168,15.48821549,0.136819276,14.1765642,25,669.95,38.19269012,746.3353802,593.5646198,761793
ADBL,8/21/2014,605,609,580,600,-0.83%,12597,7501131,-0.008264463,-0.008298803,616.8,663.65,635.1700767,638.3590897,25.61349693,-3.189012952,10.70344877,26.14285714,663.65,38.84689922,741.3437984,585.9562016,749196
ADBL,8/24/2014,600,607,586,600,0.00%,12176,7224524,0,0,605.4,656.65,629.7592957,635.5176756,32.50366032,-5.758379934,7.411083029,25.5,656.65,36.93133743,730.5126749,582.7873251,749196
ADBL,8/25/2014,600,588,548,559,-6.83%,13049,7367250,-0.068333333,-0.070780182,594.8,648.85,618.8732502,629.8496996,36.84210526,-10.97644945,3.733576533,27.85714286,648.85,40.2809541,729.4119082,568.2880918,736147
ADBL,8/26/2014,559,590,527,532,-4.83%,13423,7398733,-0.048300537,-0.049505984,579.2,639.95,605.5081348,622.6015737,38.65030675,-17.09343897,-0.431826567,30.85714286,639.95,45.39820887,730.7464177,549.1535823,722724
ADBL,8/27/2014,532,585,540,559,5.08%,13712,7637563,0.05075188,0.049505984,570,632.75,598.3530371,617.8903461,34.375,-19.53730894,-4.252923041,33.35714286,632.75,46.2827409,725.3154818,540.1845182,736436
ADBL,8/28/2014,559,581,555,555,-0.72%,9333,5290522,-0.007155635,-0.007181359,561,625.55,591.6833391,613.2318019,42.13740458,-21.5484628,-7.712030994,33.64285714,625.55,46.63348131,718.8169626,532.2830374,727103
ADBL,8/31/2014,555,555,529,544,-1.98%,7186,3881419,-0.01981982,-0.020018867,549.8,618,584.3474408,608.1035203,50.64220183,-23.7560795,-10.9208407,34.71428571,618,47.01959278,712.0391856,523.9608144,719917
ADBL,9/1/2014,544,540,524,540,-0.74%,8096,4263430,-0.007352941,-0.007380107,546,611,577.5247576,603.0588151,57.1656051,-25.53405749,-13.84348406,33.78571429,611,47.71957559,706.4391512,515.5608488,711821
ADBL,9/3/2014,540,550,531,534,-1.11%,6177,3338441,-0.011111111,-0.011173301,546.4,604.15,570.828641,597.9433473,65.76980568,-27.11470626,-16.4977285,33.35714286,604.15,48.48035413,701.1107083,507.1892917,705644
ADBL,9/4/2014,534,528,514,516,-3.37%,13269,6900500,-0.033707865,-0.034289073,537.8,597,562.3934655,591.8734697,67.17557252,-29.48000423,-19.09418364,32.85714286,597,50.46937581,697.9387516,496.0612484,692375
ADBL,9/7/2014,516,513,477,477,-7.56%,8707,4224592,-0.075581395,-0.078590275,522.2,588.35,549.2560093,583.3643238,79.89690722,-34.10831455,-22.09700982,34,588.35,55.48378141,699.3175628,477.3824372,683668
ADBL,9/9/2014,477,514,480,510,6.92%,6261,3123354,0.06918239,0.066894235,515.4,581,543.2166232,577.9299295,86.11111111,-34.71330623,-24.62026911,32.21428571,581,55.64738609,692.2947722,469.7052278,689929
ADBL,9/10/2014,510,550,502,515,0.98%,17200,9003879,0.009803922,0.009756175,510.4,574.25,538.8756043,573.2684532,84.69387755,-34.39284894,-26.57478507,33.92857143,574.25,55.02140732,684.2928146,464.2071854,707129
ADBL,9/11/2014,515,515,494,510,-0.97%,5116,2564786,-0.009708738,-0.009756175,505.6,567,534.4332036,568.5819011,81.37254902,-34.1486975,-28.08956756,33.85714286,567,53.34890124,673.6978025,460.3021975,702013
ADBL,9/14/2014,510,507,495,501,-1.76%,11790,5894531,-0.017647059,-0.017804625,502.6,559.8,529.2896338,563.5758344,76.23318386,-34.28620054,-29.32889415,32.85714286,559.8,51.96719613,663.7343923,455.8656077,690223
ADBL,9/15/2014,501,500,490,495,-1.20%,4559,2263865,-0.011976048,-0.012048339,506.2,551.55,524.0143055,558.4961429,70.37037037,-34.48183738,-30.3594828,32.14285714,551.55,48.1821926,647.9143852,455.1856148,685664
ADBL,9/16/2014,495,500,493,500,1.01%,5664,2813054,0.01010101,0.010050336,504.2,543.7,520.319797,554.1630953,70,-33.84329831,-31.0562459,28.92857143,543.7,42.55906113,628.8181223,458.5818777,691328
ADBL,9/17/2014,500,501,491,491,-1.80%,2141,1059526,-0.018,-0.018163971,499.4,537.65,515.809059,549.4843475,71.76470588,-33.6752885,-31.58005442,25.14285714,537.65,40.90717991,619.4643598,455.8356402,689187
ADBL,9/18/2014,491,493,485,485,-1.22%,556,270388,-0.012219959,-0.012295237,494.4,531.4,511.0692038,544.7077292,72.61904762,-33.6385254,-31.99174862,21.92857143,531.4,38.76433521,608.9286704,453.8713296,688631
ADBL,9/21/2014,500,491,472,473,-5.40%,4876,2330048,-0.024742268,-0.025053502,488.8,524.8,505.2124032,539.3960455,63.68286445,-34.18364234,-32.43012736,21.42857143,524.8,36.75895881,598.3179176,451.2820824,683755
ADBL,9/22/2014,473,478,450,463,-2.11%,4694,2150250,-0.021141649,-0.021368334,482.4,517.95,498.7181873,533.7370792,60,-35.01889188,-32.94788027,21.57142857,517.95,34.71610426,587.3822085,448.5177915,679061
ADBL,9/23/2014,463,509,472,509,9.94%,1603,812465,0.099352052,0.094720962,484.2,513.4,500.3000046,531.904703,47.15909091,-31.60469831,-32.67924387,23.42857143,513.4,28.86702727,571.1340545,455.6659455,680664
ADBL,9/24/2014,509,555,509,533,4.72%,27922,14918155,0.047151277,0.046073408,492.6,512.1,505.3307732,531.9858361,30.24911032,-26.6550629,-31.47440768,25.35714286,512.1,27.24527965,566.5905593,457.6094407,708586
ADBL,9/28/2014,533,535,520,533,0.00%,5441,2872819,0,0,502.2,512.15,509.5875773,532.0609593,33.56890459,-22.47338203,-29.67420255,25,512.15,27.28461105,566.7192221,457.5807779,708586
ADBL,9/29/2014,533,549,526,549,3.00%,2590,1383477,0.030018762,0.029577017,517.4,511.65,515.6510269,533.3157031,34.03508772,-17.66467614,-27.27229727,23.85714286,511.65,26.46004933,564.5700987,458.7299013,711176
ADBL,9/30/2014,549,545,522,522,-4.92%,4135,2203088,-0.049180328,-0.050430854,529.2,510,516.627792,532.4775028,41.17647059,-15.84971082,-24.98777998,23.14285714,510,24.57641145,559.1528229,460.8471771,707041
ADBL,10/8/2014,522,520,507,520,-0.38%,1950,1004294,-0.003831418,-0.003838776,531.4,508.8,517.1465933,531.5532434,33.74613003,-14.40665013,-22.87155401,20.78571429,508.8,23.38600571,555.5720114,462.0279886,705091
ADBL,10/9/2014,520,520,514,515,-0.96%,4332,2232742,-0.009615385,-0.009661911,527.8,507.55,516.8163481,530.3270772,35.38961039,-13.51072907,-20.99938902,19.71428571,507.55,22.27217996,552.0943599,463.0056401,700759
ADBL,10/12/2014,515,519,494,499,-3.11%,3534,1775044,-0.031067961,-0.031560805,521,505.8,514.0753715,528.006553,40.69400631,-13.93118146,-19.58574751,20.42857143,505.8,21.44417477,548.6883495,462.9116505,697225
ADBL,10/13/2014,499,501,490,496,-0.60%,6363,3163546,-0.006012024,-0.006030169,510.4,504.8,511.2945451,525.6356972,39.9380805,-14.34115207,-18.53682842,20.42857143,504.8,21.40978625,547.6195725,461.9804275,690862
ADBL,10/14/2014,496,505,496,500,0.81%,2216,1115048,0.008064516,0.008032172,506,505.95,509.5569228,523.7367567,34.32343234,-14.17983387,-17.66542951,20.57142857,505.95,20.4333963,546.8167926,465.0832074,693078
ADBL,10/15/2014,500,510,500,508,1.60%,3468,1751854,0.016,0.015873349,503.6,505.85,509.3173962,522.571071,39.32926829,-13.25367477,-16.78307856,20.57142857,505.85,20.41742032,546.6848406,465.0151594,696546
ADBL,10/16/2014,508,515,500,512,0.79%,2026,1036190,0.007874016,0.007843177,503,505.7,509.7301045,521.7880287,40.56603774,-12.0579242,-15.83804769,21.07142857,505.7,20.35759266,546.4151853,464.9848147,698572
ADBL,10/19/2014,512,524,495,524,2.34%,2531,1283847,0.0234375,0.023167059,508,506.4,511.925473,521.9518784,51.05740181,-10.02640539,-14.67571923,21.78571429,506.4,20.75014268,547.9002854,464.8997146,701103
ADBL,10/20/2014,524,515,504,512,-2.29%,1855,943601,-0.022900763,-0.023167059,511.2,506.95,511.9369387,521.2147022,55.40983607,-9.27776352,-13.59612809,21.21428571,506.95,20.74525945,548.4405189,465.4594811,699248
ADBL,10/21/2014,512,517,506,506,-1.17%,1623,825062,-0.01171875,-0.011787956,512.4,507.5,511.0235635,520.0876873,54.87012987,-9.064123726,-12.68972722,18.71428571,507.5,20.55672511,548.6134502,466.3865498,697625
ADBL,10/22/2014,506,514,495,505,-0.20%,2166,1085421,-0.001976285,-0.00197824,511.8,507.75,510.0968614,518.9700808,52.32198142,-8.873219344,-11.92642564,16.78571429,507.75,20.49101215,548.7320243,466.7679757,695459
ADBL,10/26/2014,505,501,495,501,-0.79%,318,158551,-0.007920792,-0.007952328,509.6,508.25,508.6973443,517.6389637,44.41340782,-8.941619394,-11.32946439,16.42857143,508.25,20.18043607,548.6108721,467.8891279,695141
ADBL,10/27/2014,501,508,500,508,1.40%,826,414552,0.013972056,0.013875346,506.4,509.4,508.5900606,516.9249664,39.87915408,-8.334905822,-10.73055268,15.35714286,509.4,19.42705655,548.2541131,470.5458869,695967
ADBL,10/28/2014,508,507,496,503,-0.98%,3103,1559251,-0.00984252,-0.009891277,504.6,510.9,507.7300512,515.8934874,34.48275862,-8.163436148,-10.21712937,14.28571429,510.9,17.5346274,545.9692548,475.8307452,692864
ADBL,10/30/2014,503,502,496,496,-1.39%,3239,1615458,-0.013916501,-0.014014243,502.6,512.55,505.925428,514.4198957,45.90163934,-8.494467757,-9.872597049,13.71428571,512.55,13.98297837,540.5159567,484.5840433,689625
ADBL,11/2/2014,496,488,484,487,-1.81%,3479,1691461,-0.018145161,-0.018311804,499,511.45,503.0138237,512.3887923,42.42424242,-9.374968674,-9.773071374,14.14285714,511.45,15.09783881,541.6456776,481.2543224,686146
ADBL,11/3/2014,487,490,476,478,-1.85%,2984,1438935,-0.018480493,-0.018653391,494.4,508.7,499.1655431,509.8414744,38.70967742,-10.67593129,-9.953643356,13.35714286,508.7,15.95091154,540.6018231,476.7981769,683162
ADBL,11/4/2014,478,480,461,480,0.42%,4283,2036039,0.0041841,0.004175371,488.8,506.05,496.216998,507.6309948,52.11267606,-11.4139968,-10.24571404,13.92857143,506.05,16.10320334,538.2564067,473.8435933,687445
ADBL,11/5/2014,480,493,477,490,2.08%,3168,1547216,0.020833333,0.020619287,486.2,503.1,495.2605368,506.3249952,52.25988701,-11.06445841,-10.40946292,14.42857143,503.1,12.90817774,528.9163555,477.2836445,690613
ADBL,11/6/2014,490,490,481,486,-0.82%,4774,2310227,-0.008163265,-0.008196767,484.2,501.3,493.8358388,504.81944,47.67801858,-10.98360118,-10.52429057,14.35714286,501.3,12.64120247,526.5824049,476.0175951,685839
ADBL,11/9/2014,486,482,470,470,-3.29%,4361,2066075,-0.032921811,-0.033475929,480.8,498.8,490.1687867,502.2402222,52.87356322,-12.07143553,-10.83371956,14.42857143,498.8,13.65206751,526.104135,471.495865,681478
ADBL,11/10/2014,470,471,459,469,-0.21%,7137,3301463,-0.00212766,-0.002129926,479,496.5,486.9120503,499.7779835,46.00638978,-12.86593326,-11.2401623,13.21428571,496.5,14.61974152,525.739483,467.260517,674341
ADBL,11/11/2014,469,470,443,470,0.21%,2460,1127792,0.002132196,0.002129926,477,495.05,484.3101964,497.572207,43.50453172,-13.26201059,-11.64453196,13.71428571,495.05,15.75294459,526.5558892,463.5441108,676801
ADBL,11/12/2014,470,477,462,470,0.00%,3095,1456430,0,0,473,493.75,482.1086277,495.5298213,46.92556634,-13.42119356,-11.99986428,14,493.75,16.71392423,527.1778485,460.3221515,676801
ADBL,11/13/2014,470,479,455,463,-1.49%,5215,2419866,-0.014893617,-0.015005641,468.4,491.9,479.1688388,493.1202049,49.15254237,-13.95136605,-12.39016463,14.35714286,491.9,17.98508154,527.8701631,455.9298369,671586
ADBL,11/16/2014,463,463,455,455,-1.73%,2659,1216890,-0.017278618,-0.017429635,465.4,489.25,475.4505559,490.296486,59.61538462,-14.84593007,-12.88131772,14.21428571,489.25,19.34146078,527.9329216,450.5670784,668927
ADBL,11/17/2014,455,453,430,430,-5.49%,5025,2222843,-0.054945055,-0.05651221,457.6,485.15,468.4581627,485.8300796,59.61538462,-17.37191692,-13.77943756,15.42857143,485.15,22.66988496,530.4897699,439.8102301,663902
ADBL,11/18/2014,430,449,415,448,4.19%,5593,2436446,0.041860465,0.041008024,453.2,481.35,465.3107531,483.0278515,52.54237288,-17.71709845,-14.56696974,17,481.35,22.17935266,525.7087053,436.9912947,669495
ADBL,11/19/2014,448,466,440,457,2.01%,1602,725958,0.020089286,0.019890158,450.6,478.6,464.0321757,481.0998625,54.83870968,-17.06768684,-15.06711316,18.35714286,478.6,21.58069313,521.7613863,435.4386137,671097
ADBL,11/20/2014,457,460,449,457,0.00%,3097,1415268,0,0,449.4,476.15,462.9503025,479.3146875,71.42857143,-16.36438502,-15.32656753,18.28571429,476.15,21.08198283,518.3139657,433.9860343,671097
ADBL,11/23/2014,457,485,457,480,5.03%,5920,2802147,0.050328228,0.049102713,454.4,474.9,465.5733329,479.3654514,74.93036212,-13.79211852,-15.01967773,19.28571429,474.9,19.99447292,514.8889458,434.9110542,677017
ADBL,11/24/2014,480,475,461,465,-3.12%,1129,527558,-0.03125,-0.031748698,461.4,473.1,465.4851278,478.3013439,71.42857143,-12.81621607,-14.5789854,19.28571429,473.1,19.12259617,511.3451923,434.8548077,675888
ADBL,11/25/2014,465,465,457,457,-1.72%,71,32695,-0.017204301,-0.017354015,463.2,470.55,464.1797235,476.7234666,70.09345794,-12.54374302,-14.17193692,18.71428571,470.55,17.56034708,505.6706942,435.4293058,675817
ADBL,11/30/2014,457,457,441,445,-2.63%,1452,645427,-0.026258206,-0.026609109,460.8,467.65,461.2289968,474.3735802,63.97515528,-13.14458331,-13.9664662,19.21428571,467.65,16.68682115,501.0236423,434.2763577,674365
ADBL,12/1/2014,445,448,439,443,-0.45%,1733,765978,-0.004494382,-0.004504512,458,465,458.4245358,472.0496113,62.70096463,-13.62507546,-13.89818805,18.71428571,465,16.14734784,497.2946957,432.7053043,672632
ADBL,12/2/2014,443,453,435,453,2.26%,1108,490210,0.022573363,0.022322355,452.6,463.3,457.5899918,470.6385289,49.36708861,-13.04853711,-13.72825786,19.14285714,463.3,15.48547707,494.2709541,432.3290459,673740
ADBL,12/3/2014,453,467,447,455,0.44%,2153,981696,0.004415011,0.004405293,450.6,462.15,457.1915315,469.4801194,51.31578947,-12.28858784,-13.44032386,18.64285714,462.15,15.18751218,492.5250244,431.7749756,675893
ADBL,12/4/2014,455,469,460,464,1.98%,2277,1053864,0.01978022,0.019587133,452,461.35,458.2389882,469.0741846,49.8714653,-10.83519639,-12.91929837,18.57142857,461.35,14.60812679,490.5662536,432.1337464,678170
ADBL,12/7/2014,464,458,448,452,-2.59%,1718,778573,-0.025862069,-0.026202372,453.4,459.45,457.2791439,467.8094302,45.3271028,-10.53028632,-12.44149596,18,459.45,13.07659621,485.6031924,433.2968076,676452
ADBL,12/8/2014,452,450,443,448,-0.88%,1290,576619,-0.008849558,-0.008888947,454.4,457.55,455.8515833,466.342065,49.78540773,-10.49048171,-12.05129311,18.07142857,457.55,11.70458749,480.959175,434.140825,675162
ADBL,12/9/2014,448,450,442,446,-0.45%,2366,1055494,-0.004464286,-0.00447428,453,456.35,454.3359551,464.8352454,52.04918033,-10.49929028,-11.74089254,16.85714286,456.35,11.5907177,479.5314354,433.1685646,672796
ADBL,12/10/2014,446,470,446,470,5.38%,567,258977,0.053811659,0.052413743,456,456.4,456.7458082,465.2178198,57.33634312,-8.472011635,-11.08711636,16.14285714,456.4,11.65016377,479.7003275,433.0996725,673363
ADBL,12/11/2014,470,479,457,469,-0.21%,4644,2144460,-0.00212766,-0.002129926,457,456.35,458.6310684,465.4979813,46.65178571,-6.866912848,-10.24307566,15.85714286,456.35,11.5907177,479.5314354,433.1685646,668719
ADBL,12/14/2014,469,493,474,490,4.48%,3724,1791711,0.044776119,0.043802623,464.6,457.35,463.4570579,467.3129456,38.40399002,-3.855887726,-8.965638071,16.78571429,457.35,13.53076417,484.4115283,430.2884717,672443
ADBL,12/15/2014,490,505,481,497,1.43%,4393,2164203,0.014285714,0.014184635,474.4,459.05,468.6175105,469.5119867,29.8102981,-0.89447616,-7.351405689,16.5,459.05,16.15867048,491.367341,426.732659,676836
ADBL,12/16/2014,497,494,470,492,-1.01%,5232,2561451,-0.010060362,-0.01011131,483.6,460.9,472.2148166,471.1777655,25.28409091,1.037051148,-5.673714322,17.07142857,460.9,17.71380669,496.3276134,425.4723866,671604
ADBL,12/17/2014,492,488,479,485,-1.42%,3200,1541419,-0.014227642,-0.014329826,486.6,463.65,474.1817679,472.2016347,26.87861272,1.980133214,-4.142944815,17.42857143,463.65,16.91550208,497.4810042,429.8189958,668404
ADBL,12/18/2014,485,480,465,480,-1.03%,2212,1042527,-0.010309278,-0.010362787,488.8,465.25,475.0768805,472.7792914,30.6547619,2.297589154,-2.854838021,17.71428571,465.25,16.87063784,498.9912757,431.5087243,666192
ADBL,12/21/2014,480,475,461,464,-3.33%,3044,1412599,-0.033333333,-0.033901552,483.6,465.6,473.3727451,472.1289735,25.68807339,1.243771568,-2.035116103,18.42857143,465.6,16.76274064,499.1254813,432.0745187,663148
ADBL,12/22/2014,464,473,452,473,1.94%,4523,2091099,0.019396552,0.019210836,478.8,466.4,473.3153997,472.193494,36.09958506,1.121905692,-1.403711744,18.64285714,466.4,16.7124284,499.8248568,432.9751432,667671
ADBL,12/23/2014,473,470,447,467,-1.27%,2357,1085223,-0.012684989,-0.012766131,473.8,465.75,472.3437997,471.8087907,35.51020408,0.535009,-1.015967595,19.07142857,465.75,16.40563125,498.5612625,432.9387375,665314
ADBL,12/24/2014,467,470,458,470,0.64%,3183,1469000,0.006423983,0.006403437,470.8,466,471.9832151,471.6748062,37.55274262,0.308408926,-0.751092291,18.92857143,466,16.43167673,498.8633535,433.1366465,668497
ADBL,12/28/2014,470,484,470,484,2.98%,3257,1544943,0.029787234,0.029352212,471.6,467.35,473.8319513,472.5877835,46.11398964,1.24416774,-0.352040285,18.78571429,467.35,16.759208,500.868416,433.831584,671754
ADBL,12/29/2014,484,484,466,475,-1.86%,2105,1003216,-0.018595041,-0.018770103,473.8,468.85,474.0116511,472.7664662,23.29545455,1.245184842,-0.03259526,19.42857143,468.85,15.97786298,500.805726,436.894274,669649
ADBL,12/31/2014,475,490,464,476,0.21%,2969,1398316,0.002105263,0.00210305,474.4,470.5,474.3175509,473.0059873,9.595959596,1.311563656,0.236236524,20.71428571,470.5,14.83062266,500.1612453,440.8387547,672618
ADBL,1/1/2015,476,485,470,479,0.63%,2695,1283385,0.006302521,0.006282743,476.8,471.8,475.0379277,473.4499882,9.359605911,1.587939495,0.506577118,20.07142857,471.8,14.34756535,500.4951307,443.1048693,675313
ADBL,1/4/2015,479,481,474,478,-0.21%,1201,572959,-0.002087683,-0.002089865,478.4,472.95,475.4936311,473.7870261,22.5433526,1.706605015,0.746582697,19,472.95,13.84301078,500.6360216,445.2639784,674112
ADBL,1/5/2015,478,487,471,487,1.88%,1739,828237,0.018828452,0.018653391,479,474.1,477.2638417,474.7657649,25.88235294,2.498076804,1.096881519,18.42857143,474.1,14.01465398,502.129308,446.070692,675851
ADBL,1/6/2015,487,480,466,475,-2.46%,3920,1855816,-0.024640657,-0.024949319,479,475.25,476.9155584,474.7831157,24.71910112,2.132442715,1.303993758,18.21428571,475.25,13.01365679,501.2773136,449.2226864,671931
ADBL,1/7/2015,475,476,467,476,0.21%,3541,1665797,0.002105263,0.00210305,479,476.65,476.7747032,474.8732552,46.72131148,1.901447999,1.423484606,16.92857143,476.65,11.3242869,499.2985738,454.0014262,675472
ADBL,1/8/2015,476,480,472,473,-0.63%,2511,1192029,-0.006302521,-0.006322466,477.8,478,476.1939797,474.7344956,51.85185185,1.459484071,1.430684499,16.57142857,478,8.807891199,495.6157824,460.3842176,672961
ADBL,1/11/2015,473,484,465,484,2.33%,3451,1634939,0.023255814,0.022989518,479,478.7,477.3949059,475.4208293,44.98269896,1.974076616,1.539362923,16.5,478.7,8.694220706,496.0884414,461.3115586,676412
ADBL,1/12/2015,484,479,468,473,-2.27%,3521,1662570,-0.022727273,-0.022989518,476.2,478.9,476.7187665,475.2415086,43.33333333,1.477257937,1.526941925,16.28571429,478.9,8.503250153,495.9065003,461.8934997,672891
ADBL,1/13/2015,473,475,466,475,0.42%,1012,478410,0.00422833,0.004219416,476.2,478.15,476.4543409,475.223619,54.78723404,1.230721844,1.467697909,15.42857143,478.15,8.125819797,494.4016396,461.8983604,673903
ADBL,1/14/2015,475,489,467,484,1.89%,11042,5227331,0.018947368,0.018770103,477.8,477.5,477.6152115,475.8737213,52.82051282,1.741490183,1.522456364,15.14285714,477.5,6.977407149,491.4548143,463.5451857,684945
ADBL,1/18/2015,484,485,473,475,-1.86%,5160,2457433,-0.018595041,-0.018770103,478.2,476.65,477.2128713,475.8090012,53.65239295,1.403870048,1.498739101,15.14285714,476.65,6.098101516,488.846203,464.453797,679785
ADBL,1/19/2015,475,499,480,487,2.53%,7796,3815845,0.025263158,0.024949319,478.8,476.75,478.7185834,476.6379641,53.11720698,2.080619286,1.615115138,15.85714286,476.75,6.256575488,489.263151,464.236849,687581
ADBL,1/20/2015,487,489,474,478,-1.85%,10113,4855761,-0.018480493,-0.018653391,479.8,476.65,478.6080321,476.7388557,51.95121951,1.869176447,1.6659274,15.64285714,476.65,6.217758946,489.0855179,464.2144821,677468
ADBL,1/22/2015,478,477,470,473,-1.05%,1265,600389,-0.010460251,-0.010515344,479.4,477.1,477.7452579,476.4619034,58.19672131,1.283354548,1.589412829,14.35714286,477.1,5.543132308,488.1862646,466.0137354,676203
ADBL,1/25/2015,473,483,466,475,0.42%,2889,1376546,0.00422833,0.004219416,477.6,477.2,477.3229106,476.3536142,55.90551181,0.969296313,1.465389526,14.5,477.2,5.482988044,488.1659761,466.2340239,679092
ADBL,1/26/2015,475,484,470,481,1.26%,5767,2756099,0.012631579,0.012552466,478.8,477.9,477.8886166,476.697791,51.74262735,1.190825658,1.410476752,15,477.9,4.983129433,487.8662589,467.9337411,684859
ADBL,1/27/2015,481,510,478,503,4.57%,13660,6777883,0.045738046,0.0447229,482,479.55,481.7519064,478.6461028,45.30120482,3.105803627,1.749542127,16.14285714,479.55,7.19996345,493.9499269,465.1500731,698519
ADBL,1/28/2015,503,513,498,509,1.19%,15503,7844801,0.011928429,0.011857846,488.2,480.8,485.9439208,480.8945396,44.1314554,5.049381197,2.409509941,15.71428571,480.8,9.736529156,500.2730583,461.3269417,714022
ADBL,1/29/2015,509,512,495,500,-1.77%,10005,5006801,-0.017681729,-0.017839918,493.6,482.05,488.1063945,482.3097589,31.38297872,5.796635633,3.08693508,16.28571429,482.05,10.52553287,503.1010657,460.9989343,704017
ADBL,2/1/2015,500,496,491,493,-1.40%,4653,2293868,-0.014,-0.014098924,497.2,482.9,488.8592569,483.1016286,29.70027248,5.757628304,3.621073724,16.35714286,482.9,10.69628563,504.2925713,461.5074287,699364
ADBL,2/2/2015,493,494,485,487,-1.22%,3667,1790141,-0.012170385,-0.012245051,498.4,483.3,488.5732174,483.3903968,42.31738035,5.182820529,3.933423085,15.64285714,483.3,10.69234847,504.6846969,461.9153031,695697
ADBL,2/3/2015,487,490,472,483,-0.82%,2126,1022403,-0.008213552,-0.008247469,494.4,483.55,487.7157993,483.3614786,44.44444444,4.354320757,4.01760262,15.78571429,483.55,10.62011498,504.79023,462.30977,693571
ADBL,2/4/2015,483,485,475,480,-0.62%,1946,934257,-0.00621118,-0.00623055,488.6,483.2,486.5287533,483.1124801,30.23255814,3.41627312,3.89733672,15.85714286,483.2,10.61577773,504.4315555,461.9684445,691625
ADBL,2/5/2015,480,489,471,473,-1.46%,2868,1359038,-0.014583333,-0.014690715,483.2,483.1,484.4474066,482.3634075,35.91549296,2.083999067,3.534669189,15.57142857,483.1,10.7061222,504.5122444,461.6877556,688757
ADBL,2/8/2015,473,476,471,475,0.42%,2025,961031,0.00422833,0.004219416,479.6,483.05,482.9939594,481.8179699,29.52380952,1.175989492,3.06293325,15.07142857,483.05,10.74329656,504.5365931,461.5634069,690782
ADBL,2/9/2015,475,484,470,479,0.84%,6337,3022364,0.008421053,0.008385793,478,483.35,482.3795041,481.6092314,43.31550802,0.770272709,2.604401142,14.35714286,483.35,10.5295324,504.4090648,462.2909352,697119
ADBL,2/10/2015,479,475,463,475,-0.84%,3543,1667240,-0.008350731,-0.008385793,476.4,482.9,481.2441958,481.1196587,55.20833333,0.124537078,2.108428329,14.42857143,482.9,10.69136395,504.2827279,461.5172721,693576
ADBL,2/11/2015,475,480,470,476,0.21%,3776,1793980,0.002105263,0.00210305,475.6,483.05,480.4373965,480.7404248,47.74774775,-0.303028297,1.626137004,14.57142857,483.05,10.56546011,504.1809202,461.9190798,697352
ADBL,2/12/2015,476,485,475,482,1.26%,5980,2867560,0.012605042,0.01252626,477.4,483.4,480.677797,480.8337266,45.68965517,-0.155929622,1.269723679,14.07142857,483.4,10.39939269,504.1987854,462.6012146,703332
ADBL,2/15/2015,482,482,476,477,-1.04%,1086,518101,-0.010373444,-0.010427623,477.8,483.05,480.1119821,480.5497469,44.7257384,-0.437764795,0.928225984,13.5,483.05,10.49548775,504.0409755,462.0590245,702246
ADBL,2/16/2015,477,479,472,479,0.42%,4307,2045390,0.004192872,0.004184107,477.8,483.25,479.9409079,480.4349508,48.73563218,-0.494042896,0.643772208,11.71428571,483.25,10.37139284,503.9927857,462.5072143,706553
ADBL,2/19/2015,479,479,472,474,-1.04%,2807,1332900,-0.010438413,-0.010493276,477.6,482.6,479.0269221,479.9582878,52.47524752,-0.931365706,0.328744625,11.14285714,482.6,10.53015719,503.6603144,461.5396856,703746
ADBL,2/22/2015,474,472,464,464,-2.11%,3088,1442820,-0.021097046,-0.021322769,475.2,481.9,476.7150879,478.7761924,57.42574257,-2.061104481,-0.149225196,10.64285714,481.9,11.28995828,504.4799166,459.3200834,700658
ADBL,2/23/2015,464,465,456,464,0.00%,3374,1556570,0,0,471.6,481.45,474.7589205,477.6816596,61.26126126,-2.922739082,-0.703927973,10.64285714,481.45,11.82982404,505.1096481,457.7903519,700658
ADBL,2/24/2015,464,465,460,465,0.21%,3018,1399450,0.002155172,0.002152853,469.2,480.95,473.2575482,476.7422774,66.14173228,-3.484729279,-1.260088234,10.35714286,480.95,12.3180441,505.5860882,456.3139118,703676
ADBL,2/25/2015,465,471,459,470,1.08%,2152,1006180,0.010752688,0.010695289,467.4,480.4,472.7563869,476.2428495,68.04511278,-3.486462575,-1.705363102,9.928571429,480.4,12.5589138,505.5178276,455.2821724,705828
ADBL,2/26/2015,470,470,460,470,0.00%,1994,923494,0,0,466.6,478.75,472.3323274,475.7804162,64.98194946,-3.448088803,-2.053908243,9.928571429,478.75,11.56161981,501.8732396,455.6267604,705828
ADBL,3/1/2015,475,480,470,480,1.05%,1184,563346,0.021276596,0.021053409,469.8,477.3,473.5119693,476.0929779,53.77503852,-2.581008625,-2.159328319,9.357142857,477.3,9.131207334,495.5624147,459.0375853,707012
ADBL,3/2/2015,480,495,475,480,0.00%,1111,538538,0,0,473,476.3,474.5101279,476.382387,51.39911635,-1.8722591,-2.101914475,10.42857143,476.3,7.455834875,491.2116698,461.3883302,707012
ADBL,3/3/2015,480,484,471,483,0.62%,1590,760544,0.00625,0.00623055,476.6,475.8,475.8162621,476.8725805,47.61904762,-1.056318485,-1.892795277,10.35714286,475.8,6.558241099,488.9164822,462.6835178,708602
ADBL,3/4/2015,483,492,476,478,-1.04%,2209,1070840,-0.010351967,-0.010405921,478.2,475.35,476.1522217,476.9560931,41.73622705,-0.803871354,-1.675010493,10.35714286,475.35,6.037383539,487.4247671,463.2752329,706393
ADBL,3/9/2015,478,504,485,497,3.97%,8858,4363620,0.039748954,0.038979294,483.6,476.05,479.3595722,478.4408269,47.26277372,0.918745303,-1.156259334,11.5,476.05,7.584436974,491.2188739,460.8811261,715251
ADBL,3/10/2015,497,490,472,481,-3.22%,1061,516270,-0.032193159,-0.032722756,483.8,476.1,479.6119457,478.6303953,52.84090909,0.981550429,-0.728697381,12.57142857,476.1,7.615081988,491.330164,460.869836,714190
ADBL,3/11/2015,481,485,477,477,-0.83%,1618,776848,-0.008316008,-0.008350779,483.2,476.3,479.2101079,478.5096253,56.00775194,0.700482646,-0.442861376,12.71428571,476.3,7.581834245,491.4636685,461.1363315,712572
ADBL,3/12/2015,477,490,470,475,-0.42%,1710,821008,-0.004192872,-0.004201687,481.6,476.3,478.562399,478.249653,52.26039783,0.312745977,-0.291739905,13.64285714,476.3,7.581834245,491.4636685,461.1363315,710862
ADBL,3/15/2015,475,480,471,475,0.00%,2644,1253119,0,0,481,476.1,478.0143376,478.008938,55.48060708,0.005399629,-0.232311998,13.78571429,476.1,7.559587847,491.2191757,460.9808243,710862
ADBL,3/16/2015,475,475,467,471,-0.84%,1607,754534,-0.008421053,-0.00845671,475.8,475.9,476.9352088,477.4897574,50.82236842,-0.554548645,-0.296759328,13.64285714,475.9,7.642677954,491.1853559,460.6146441,709255
ADBL,3/17/2015,471,473,467,471,0.00%,731,343263,0,0,473.8,475.65,476.0220997,477.0090346,57.70862801,-0.986934915,-0.434794445,13.42857143,475.65,7.72061492,491.0912298,460.2087702,709255
ADBL,3/18/2015,471,472,466,472,0.21%,1901,893189,0.002123142,0.002120892,472.8,475.15,475.4033152,476.637995,47.89915966,-1.234679885,-0.594771533,13.5,475.15,7.61076108,490.3715222,459.9284778,711156
ADBL,3/19/2015,472,480,470,480,1.69%,1882,889894,0.016949153,0.016807118,473.8,475.3,476.1104974,476.8870324,50.79365079,-0.776535005,-0.631124228,13.35714286,475.3,7.67840444,490.6568089,459.9431911,713038
ADBL,3/22/2015,480,476,464,467,-2.71%,6630,3104974,-0.027083333,-0.027456846,472.2,474.7,474.7088824,476.1546597,55.72755418,-1.445777222,-0.794054827,13.78571429,474.7,7.841186806,490.3823736,459.0176264,706408
ADBL,3/23/2015,467,470,463,469,0.43%,4993,2323706,0.004282655,0.004273511,471.8,474.45,473.8305928,475.6246849,61.01694915,-1.794092039,-0.994062269,13.57142857,474.45,7.943716484,490.337433,458.562567,711401
ADBL,3/24/2015,469,469,464,467,-0.43%,1251,582689,-0.004264392,-0.004273511,471,474.6,472.7797324,474.9858193,67.9245283,-2.206086929,-1.236467201,12.5,474.6,7.762256861,490.1245137,459.0754863,710150
ADBL,3/25/2015,467,470,459,470,0.64%,797,369900,0.006423983,0.006403437,470.6,474.9,472.3520813,474.6164994,66.92607004,-2.264418118,-1.442057384,12.35714286,474.9,7.440288619,489.7805772,460.0194228,710947
ADBL,3/26/2015,470,476,463,476,1.28%,966,450516,0.012765957,0.01268516,469.8,475.45,472.9132995,474.7189809,60.456942,-1.805681378,-1.514782183,12.14285714,475.45,7.067159036,489.5843181,461.3156819,711913
ADBL,3/29/2015,476,470,469,469,-1.47%,531,249540,-0.014705882,-0.014815086,470.2,475.4,472.3112534,474.2953527,57.85837651,-1.984099244,-1.608645595,10.78571429,475.4,7.111147661,489.6222953,461.1777047,711382
ADBL,3/30/2015,469,469,451,459,-2.13%,3598,1648978,-0.021321962,-0.021552558,468.2,474.85,470.2633683,473.1623636,55.26315789,-2.898995302,-1.866715537,10.28571429,474.85,7.929126852,490.7082537,458.9917463,707784
ADBL,3/31/2015,459,465,458,461,0.44%,1282,591842,0.004357298,0.004347833,467,473.9,468.8382347,472.2614478,49.19354839,-3.423213064,-2.178015042,10.21428571,473.9,8.403633299,490.7072666,457.0927334,709066
ADBL,4/1/2015,461,464,454,464,0.65%,2590,1193443,0.006507592,0.006486509,465.8,473.1,468.0938909,471.6494887,51.69491525,-3.555597772,-2.453531588,9.5,473.1,8.552623482,490.205247,455.994753,711656
ADBL,4/2/2015,464,465,455,465,0.22%,3444,1570932,0.002155172,0.002152853,463.6,472.2,467.6179077,471.156934,45.2991453,-3.539026272,-2.670630525,9.571428571,472.2,8.401754203,489.0035084,455.3964916,715100
ADBL,4/5/2015,465,471,452,455,-2.15%,1330,609170,-0.021505376,-0.021739987,460.8,471.05,465.6766911,469.960124,45.221843,-4.283432917,-2.993191004,10.35714286,471.05,9.110289151,489.2705783,452.8294217,713770
ADBL,4/6/2015,455,460,446,450,-1.10%,3678,1651428,-0.010989011,-0.011049836,459,468.7,463.2648925,468.4815963,25.69444444,-5.216703846,-3.437893572,10.92857143,468.7,8.066173684,484.8323474,452.5676526,710092
ADBL,4/7/2015,450,451,446,450,0.00%,2372,1064202,0,0,456.8,467.15,461.2241398,467.1125892,28.07424594,-5.888449401,-3.928004738,10.85714286,467.15,8.542617619,484.2352352,450.0647648,710092
ADBL,4/8/2015,450,464,449,458,1.78%,2164,977352,0.017777778,0.017621601,455.6,466.2,460.7281183,466.4375826,26.36579572,-5.709464301,-4.28429665,11.21428571,466.2,8.445490855,483.0909817,449.3090183,712256
ADBL,4/9/2015,458,471,451,471,2.84%,7084,3217233,0.028384279,0.02798891,456.8,466,462.3084078,466.7755394,13.60153257,-4.467131653,-4.320863651,11.5,466,8.271701919,482.5434038,449.4565962,719340
ADBL,4/12/2015,471,482,468,479,1.70%,4345,2055726,0.016985138,0.016842503,461.6,466.2,464.8763451,467.681055,14.88469602,-2.804709986,-4.017632918,12,466.2,8.544619729,483.2892395,449.1107605,723685
ADBL,4/13/2015,479,472,461,472,-1.46%,4158,1942976,-0.014613779,-0.014721612,466,466.25,465.972292,468.0009769,13.34586466,-2.02868492,-3.619843318,12.92857143,466.25,8.577050162,483.4041003,449.0958997,719527
ADBL,4/15/2015,472,475,455,474,0.42%,13284,6136508,0.004237288,0.004228336,470.8,466.4,467.207324,468.445349,12.22627737,-1.238024997,-3.143479654,13.57142857,466.4,8.689982133,483.7799643,449.0200357,732811
ADBL,4/16/2015,474,468,455,468,-1.27%,8979,4145565,-0.012658228,-0.012739026,472.8,466.2,467.3292741,468.4123602,14.1350211,-1.083086027,-2.731400929,14,466.2,8.5998776,483.3997552,449.0002448,723832
ADBL,4/19/2015,437,437,429,436,-0.23%,820,355050,-0.068376068,-0.070826053,465.8,464,462.5093858,466.0114446,13.26732673,-3.502058787,-2.8855325,16.28571429,464,10.33644548,484.672891,443.327109,723012
ADBL,4/20/2015,436,439,434,436,0.00%,1363,594229,0,0,457.2,462.45,458.4310188,463.7883746,11.69284468,-5.357355864,-3.379897173,15.35714286,462.45,12.04585537,486.5417107,438.3582893,723012
ADBL,4/21/2015,436,439,431,439,0.69%,1312,569615,0.006880734,0.00685717,450.6,460.95,455.4416313,461.9521987,12.54681648,-6.510567467,-4.006031232,15.42857143,460.95,13.01608317,486.9821663,434.9178337,724324
ADBL,4/23/2015,440,434,430,432,-1.82%,1563,674415,-0.01594533,-0.016073825,442.2,459.2,451.8352264,459.7335173,19.14132379,-7.898290889,-4.784483163,15.35714286,459.2,14.43533676,488.0706735,430.3293265,722761
ADBL,5/24/2015,432,424,392,392,-9.26%,90,36080,-0.092592593,-0.097163748,427,455.3,442.629807,454.7162198,21.91011236,-12.08641276,-6.244869083,17.5,455.3,20.58895974,496.4779195,414.1220805,722671
ADBL,5/25/2015,392,385,360,365,-6.89%,844,307401,-0.068877551,-0.071364486,412.8,449.75,430.6867598,448.0705738,26.44787645,-17.38381408,-8.472658083,18.42857143,449.75,28.25052398,506.251048,393.248952,721827
ADBL,5/26/2015,365,397,370,397,8.77%,1215,466395,0.087671233,0.084038927,405,446.15,425.5041813,444.2875684,23.73188406,-18.78338704,-10.53480387,19.71428571,446.15,30.18935853,506.5287171,385.7712829,723042
ADBL,5/27/2015,397,390,376,376,-5.29%,230,87810,-0.052896725,-0.054347137,392.4,442,417.8881534,439.22923,21.60714286,-21.34107654,-12.69605841,20.85714286,442,33.81684414,509.6336883,374.3663117,722812
ADBL,5/28/2015,376,393,380,390,3.72%,2330,901410,0.037234043,0.036557596,384,438.45,413.5976683,435.5826204,13.69863014,-21.98495206,-14.55383714,21,438.45,35.40662293,509.2632459,367.6367541,725142
ADBL,5/31/2015,390,402,392,397,1.79%,1141,455848,0.017948718,0.017789542,385,435.1,411.0441809,432.7246485,18.91891892,-21.68046761,-15.97916323,20.42857143,435.1,36.02616009,507.1523202,363.0476798,726283
ADBL,6/1/2015,397,404,390,400,0.76%,2353,937623,0.007556675,0.007528266,392,431.85,409.3450761,430.3006004,13.88888889,-20.95552432,-16.97443545,20.42857143,431.85,36.11862765,504.0872553,359.6127447,728636
ADBL,6/2/2015,400,402,400,400,0.00%,181,72480,0,0,392.6,429.1,407.9073721,428.0561115,14.58333333,-20.14873942,-17.60929624,19.28571429,429.1,36.35627796,501.8125559,356.3874441,728636
ADBL,6/3/2015,400,432,402,432,8.00%,1581,662618,0.08,0.076961041,403.8,428.2,411.6139302,428.3482514,25.43021033,-16.73432117,-17.43430123,20.14285714,428.2,36.03302579,500.2660516,356.1339484,730217
ADBL,6/4/2015,432,440,420,420,-2.78%,2566,1100750,-0.027777778,-0.028170877,409.8,426.7,412.9040948,427.7298624,40,-14.82576759,-16.9125945,20.21428571,426.7,35.70065605,498.1013121,355.2986879,727651
ADBL,6/8/2015,430,438,425,430,0.00%,1959,842943,0.023809524,0.023530497,416.4,425.3,415.5342341,427.8980208,51.77304965,-12.36378668,-16.00283294,18.71428571,425.3,34.94973835,495.1994767,355.4005233,729610
ADBL,6/9/2015,430,463,438,448,4.19%,3888,1753306,0.041860465,0.041008024,426,424.15,420.5289673,429.3870563,56.67701863,-8.858088956,-14.57388414,20.71428571,424.15,33.72376173,491.5975235,356.7024765,733498
ADBL,6/10/2015,448,440,432,438,-2.23%,880,381800,-0.022321429,-0.022574322,433.6,422.1,423.2168185,430.0250521,54.47761194,-6.808233604,-13.02075403,21.28571429,422.1,31.37867194,484.8573439,359.3426561,732618
ADBL,6/11/2015,438,432,422,425,-2.97%,2209,941044,-0.029680365,-0.030129741,432.2,419.75,423.4911541,429.652826,49.24242424,-6.161671905,-11.64893761,21.78571429,419.75,29.12382819,477.9976564,361.5023436,730409
ADBL,6/14/2015,425,420,413,413,-2.82%,2431,1013256,-0.028235294,-0.028641576,430.8,416.7,421.8771304,428.4192833,45,-6.542152946,-10.62758068,19.78571429,416.7,26.18979311,469.0795862,364.3204138,727978
ADBL,6/15/2015,413,427,407,421,1.94%,1505,629122,0.01937046,0.019185241,429,414.35,421.7421873,427.8697068,42.14285714,-6.12751954,-9.727568448,18.92857143,414.35,23.2928157,460.9356314,367.7643686,729483
ADBL,6/16/2015,421,426,418,426,1.19%,1298,544264,0.011876485,0.011806513,424.6,413.85,422.3972354,427.73121,43.38235294,-5.333974625,-8.848849683,17.21428571,413.85,22.90776701,459.665534,368.034466,730781
ADBL,6/17/2015,426,426,418,423,-0.70%,1700,720030,-0.007042254,-0.007067167,421.6,413.2,422.4899684,427.38075,41.43258427,-4.890781605,-8.057236068,16.28571429,413.2,22.42554934,458.0510987,368.3489013,729081
ADBL,6/18/2015,423,422,412,416,-1.65%,873,362996,-0.016548463,-0.016686919,419.8,412.05,421.4915117,426.5377315,42.67955801,-5.046219763,-7.455032807,15.85714286,412.05,21.60768625,455.2653725,368.8346275,728208
ADBL,6/21/2015,416,416,413,415,-0.24%,1001,415603,-0.002403846,-0.00240674,420.2,411.2,420.4928176,425.6830847,47.46835443,-5.190267096,-7.002079665,15.21428571,411.2,21.11023698,453.420474,368.979526,727207
ADBL,6/22/2015,410,420,410,415,0.00%,1380,571866,0,0,419,412.35,419.6477687,424.8917451,57.60368664,-5.243976351,-6.650459002,14.92857143,412.35,20.63026647,453.6105329,371.0894671,727207
ADBL,6/23/2015,415,423,415,420,1.20%,7897,3292560,0.012048193,0.011976191,417.8,415.1,419.7019582,424.5293936,60.48387097,-4.827435438,-6.285854289,15.35714286,415.1,17.39903204,449.8980641,380.3019359,735104
ADBL,6/24/2015,420,425,414,414,-1.43%,1269,529878,-0.014285714,-0.014388737,416,415.95,418.8247338,423.7494385,56.86619718,-4.92470469,-6.013624369,13.85714286,415.95,16.87562864,449.7012573,382.1987427,733835
ADBL,6/25/2015,417,420,417,419,1.21%,833,348643,0.012077295,0.012004946,416.6,418.1,418.8516979,423.3976283,43.36283186,-4.545930403,-5.720085576,12.85714286,418.1,14.01465398,446.129308,390.070692,734668
ADBL,6/28/2015,419,420,415,420,0.24%,2180,910700,0.002386635,0.002383791,417.6,419.6,419.0283597,423.1459521,33.8501292,-4.117592368,-5.399586934,11.92857143,419.6,12.3561193,444.3122386,394.8877614,736848
ADBL,6/29/2015,420,420,406,420,0.00%,8930,3669790,0,0,418.6,420.75,419.1778428,422.9129186,40.64837905,-3.73507576,-5.0666847,10.57142857,420.75,11.1538287,443.0576574,398.4423426,736848
ADBL,6/30/2015,412,415,406,415,-1.19%,6613,2708940,-0.011904762,-0.011976191,417.6,421.5,418.5350978,422.3267765,42.22797927,-3.791678694,-4.811683499,10.42857143,421.5,10.1437043,441.7874086,401.2125914,730235
ADBL,7/1/2015,408,410,408,410,-1.20%,572,233930,-0.012048193,-0.012121361,416.8,422,417.2220058,421.4136819,39.18269231,-4.191676108,-4.68768202,9.785714286,422,9.233805169,440.4676103,403.5323897,729663
ADBL,7/2/2015,404,408,403,405,-1.22%,4059,1643140,-0.012195122,-0.012270093,414,420.65,415.3416972,420.1978536,52.45901639,-4.856156405,-4.721376897,9.428571429,420.65,9.65878384,439.9675677,401.3324323,725604
ADBL,7/5/2015,408,419,408,417,2.96%,1564,646616,0.02962963,0.029199155,413.4,420.5,415.5968207,419.9609756,44.2687747,-4.364154855,-4.649932489,9,420.5,9.692645068,439.8852901,401.1147099,727168
ADBL,7/6/2015,417,417,403,404,-3.12%,330,134060,-0.03117506,-0.031671344,410.2,419.2,413.8126945,418.7786811,44.09448819,-4.965986634,-4.713143318,9.428571429,419.2,10.08699006,439.3739801,399.0260199,726838
ADBL,7/7/2015,404,410,404,405,0.25%,6448,2614220,0.002475248,0.002472189,408.2,417.05,412.4568953,417.7580381,47.35729387,-5.301142739,-4.830743202,9.285714286,417.05,7.989960806,433.0299216,401.0700784,733286
ADBL,7/8/2015,409,409,406,408,0.74%,2073,843825,0.007407407,0.007380107,407.8,415.55,411.7712191,417.0352204,42.42424242,-5.264001308,-4.917394823,8.785714286,415.55,6.533114031,428.6162281,402.4837719,735359
ADBL,7/9/2015,416,416,410,410,0.49%,401,165640,0.004901961,0.004889985,408.8,414.8,411.4987239,416.514093,32.87671233,-5.015369118,-4.936989682,9.142857143,414.8,6.245840721,427.2916814,402.3083186,735760
ADBL,7/12/2015,409,412,405,411,0.24%,5083,2078990,0.002439024,0.002436055,407.6,414.7,411.4219971,416.1056417,34.52115813,-4.683644535,-4.886320653,8.928571429,414.7,6.292016663,427.2840333,402.1159667,740843
ADBL,7/13/2015,410,410,409,409,-0.49%,1242,508699,-0.00486618,-0.004878058,408.6,414.1,411.0493822,415.5792978,33.69565217,-4.52991565,-4.815039652,8.5,414.1,6.231498933,426.5629979,401.6370021,739601
ADBL,7/14/2015,406,414,406,410,0.24%,3414,1399070,0.002444988,0.002442004,409.6,413.3,410.8879388,415.1660165,30.63829787,-4.278077741,-4.70764727,8.285714286,413.3,5.620451377,424.5409028,402.0590972,743015
ADBL,7/15/2015,410,418,408,415,1.22%,2601,1075300,0.012195122,0.012121361,411,412.9,411.5205636,415.153719,28.34645669,-3.633155417,-4.4927489,8.571428571,412.9,5.159559345,423.2191187,402.5808813,745616
ADBL,7/16/2015,415,432,416,432,4.10%,391,163902,0.040963855,0.040147068,415.4,413.7,414.6712461,416.4015917,21.31147541,-1.730345557,-3.940268231,9.428571429,413.7,6.681474782,427.0629496,400.3370504,746007
ADBL,7/22/2015,426,442,421,440,1.85%,7356,3155270,0.018518519,0.018349139,421.2,414.95,418.5679775,418.1496219,14.81481481,0.418355564,-3.068543472,9.928571429,414.95,8.905793502,432.761587,397.138413,753363
ADBL,7/23/2015,440,465,435,465,5.68%,7731,3451191,0.056818182,0.055262679,432.4,417.45,425.7113656,421.6200203,20.08368201,4.091345269,-1.636565724,11.07142857,417.45,14.30301772,446.0560354,388.8439646,761094
ADBL,7/26/2015,465,511,474,511,9.89%,140,70600,0.098924731,0.094332185,452.6,422,438.8326939,428.2407595,22.42990654,10.59193441,0.809134302,13.85714286,422,25.35848244,472.7169649,371.2830351,761234
ADBL,7/27/2015,511,521,476,498,-2.54%,8007,3888936,-0.025440313,-0.025769513,469.2,426.2,447.9353564,433.4081107,10.51212938,14.52724573,3.552756589,16.57142857,426.2,30.41571616,487.0314323,365.3685677,753227
ADBL,7/28/2015,498,489,480,480,-3.61%,682,328922,-0.036144578,-0.036813973,478.8,429.25,452.8683785,436.8593617,13,16.00901676,6.044008624,16.85714286,429.25,32.63332975,494.5166595,363.9833405,752545
ADBL,7/29/2015,480,471,467,467,-2.71%,120,56320,-0.027083333,-0.027456846,484.2,431.6,455.0424741,439.0920016,12.66233766,15.95047251,8.025301401,16.78571429,431.6,33.60983565,498.8196713,364.3803287,752425
ADBL,7/30/2015,467,465,450,450,-3.64%,3973,1815440,-0.03640257,-0.037081675,481.2,433.1,454.2667089,439.9000015,12.87128713,14.36670738,9.293582596,17.57142857,433.1,33.73409957,500.5681991,365.6318009,748452
ADBL,8/2/2015,450,449,445,446,-0.89%,558,249171,-0.008888889,-0.008928631,468.2,434.65,452.9949075,440.3518532,47.22222222,12.64305427,9.963476932,17.64285714,434.65,33.57046791,501.7909358,367.5090642,747894
ADBL,8/3/2015,446,458,440,457,2.47%,3667,1649740,0.024663677,0.024364439,460,437,453.6110756,441.5850493,51.22494432,12.02602629,10.3759868,18.35714286,437,33.39870782,503.7974156,370.2025844,751561
ADBL,8/4/2015,457,460,439,441,-3.50%,7651,3383330,-0.035010941,-0.035638515,452.2,438.8,451.6709101,441.5417123,48.77505568,10.1291978,10.326629,19.35714286,438.8,32.54244192,503.8848838,373.7151162,743910
ADBL,8/5/2015,441,459,437,455,3.17%,6489,2876040,0.031746032,0.031252544,449.8,440.7,452.1830778,442.5386225,55.43710021,9.644455281,10.19019426,20.78571429,440.7,32.31115173,505.3223035,376.0776965,750399
ADBL,8/6/2015,452,465,455,463,2.43%,8242,3792897,0.017582418,0.017429635,452.4,443.65,453.8472197,444.0542801,58.86214442,9.792939568,10.11074332,20.92857143,443.65,31.46639812,506.5827962,380.7172038,758641
ADBL,8/9/2015,463,469,450,469,1.30%,9306,4284284,0.012958963,0.012875714,457,446.85,456.1784166,445.9021112,52.95275591,10.27630544,10.14385575,21.57142857,446.85,30.57049661,507.9909932,385.7090068,767947
ADBL,8/10/2015,469,488,470,479,2.13%,8260,3946980,0.021321962,0.021097829,461.4,450.4,459.6894295,448.3538067,50,11.3356228,10.38220916,21.71428571,450.4,29.93747871,510.2749574,390.5250426,776207
ADBL,8/11/2015,479,470,452,455,-5.01%,2244,1040910,-0.050104384,-0.051403178,464.2,452.65,458.9679788,448.8461173,50.9469697,10.12186149,10.33013962,22.14285714,452.65,28.39250272,509.4350054,395.8649946,773963
ADBL,8/12/2015,446,450,436,445,-2.20%,4305,1912730,-0.021978022,-0.022223137,462.2,454.35,456.819059,448.5612197,45.88014981,8.257839259,9.915679551,21.35714286,454.35,26.73707263,507.8241453,400.8758547,769658
ADBL,8/13/2015,444,459,438,444,-0.22%,8463,3815930,-0.002247191,-0.00224972,458.4,456.1,454.846896,448.2233516,42.83216783,6.623544468,9.257252534,19.57142857,456.1,24.67877844,505.4575569,406.7424431,761195
ADBL,8/16/2015,450,456,441,441,-0.68%,15570,7003980,-0.006756757,-0.006779687,452.8,457.65,452.7166043,447.6882885,45.13422819,5.028315849,8.411465197,17.42857143,457.65,22.50912096,502.6682419,412.6317581,745625
ADBL,8/17/2015,449,485,449,485,9.98%,14033,6783460,0.099773243,0.095104015,454,461.15,457.6832806,450.452119,50,7.231161621,8.175404482,19.28571429,461.15,20.91404716,502.9780943,419.3219057,759658
ADBL,8/18/2015,494,518,494,518,6.80%,17564,8882140,0.068041237,0.065826351,466.6,465.45,466.9627759,455.4556657,47.61146497,11.50711017,8.84174562,20.71428571,465.45,23.30907887,512.0681577,418.8318423,777222
ADBL,8/19/2015,518,528,510,527,1.93%,4816,2481870,0.017374517,0.017225306,483,469.8,476.1992719,460.755246,46.93877551,15.44402587,10.16220167,20.78571429,469.8,26.24299405,522.2859881,417.3140119,782038
ADBL,8/20/2015,538,548,525,525,-0.57%,5070,2747400,-0.003795066,-0.003802286,499.2,472.8,483.7070762,465.5141167,28.32980973,18.19295953,11.76835324,22.07142857,472.8,28.95477417,530.7095483,414.8904517,776968
ADBL,8/23/2015,516,516,505,506,-3.62%,8354,4266990,-0.036190476,-0.036861593,512.2,472.55,487.1367568,468.513071,28.93081761,18.62368579,13.13941975,22.21428571,472.55,28.62732408,529.8046482,415.2953518,768614
ADBL,8/24/2015,506,509,505,506,0.00%,2386,1208980,0,0,516.4,472.95,490.0387942,471.2898806,28.69022869,18.74891365,14.26131853,21,472.95,29.05435016,531.0587003,414.8412997,768614
ADBL,8/25/2015,504,515,496,515,1.78%,3076,1540330,0.017786561,0.017630231,515.8,474.7,493.8789797,474.5276672,18.30188679,19.35131253,15.27931733,20.78571429,474.7,30.51850172,535.7370034,413.6629966,771690
ADBL,8/26/2015,506,506,505,506,-1.94%,1300,656700,-0.017475728,-0.017630231,511.6,476.65,495.7437521,476.8589511,16.57250471,18.88480097,16.00041406,20.78571429,476.65,31.23809247,539.1261849,414.1738151,770390
ADBL,8/27/2015,505,505,500,500,-0.99%,1382,691410,-0.011857708,-0.011928571,506.6,479.15,496.3985595,478.5731029,19.7309417,17.82545657,16.36542256,19.85714286,479.15,30.992826,541.135652,417.164348,769008
ADBL,8/31/2015,496,503,496,500,0.00%,3126,1560900,0,0,505.4,481.85,496.9526272,480.1602804,22.22222222,16.79234678,16.45080741,19,481.85,30.29725539,542.4445108,421.2554892,769008
ADBL,9/1/2015,500,500,493,495,-1.00%,6425,3195841,-0.01,-0.010050336,503.2,483.75,496.652223,481.2595189,22.79792746,15.39270411,16.23918675,17.57142857,483.75,29.84499429,543.4399886,424.0600114,762583
ADBL,9/2/2015,486,486,486,486,-1.82%,1000,486000,-0.018181818,-0.018349139,497.4,486,495.0134195,481.6106657,23.03664921,13.40275382,15.67190016,16.85714286,486,28.09757435,542.1951487,429.8048513,761583
ADBL,9/3/2015,478,478,465,465,-4.32%,760,360690,-0.043209877,-0.044171218,489.2,486.5,490.3959703,480.380246,24.58100559,10.01572435,14.540665,16.85714286,486.5,27.60148737,541.7029747,431.2970253,760823
ADBL,9/6/2015,474,485,474,480,3.23%,1710,823782,0.032258065,0.031748698,485.2,487.35,488.7965903,480.3520796,20.58823529,8.444510663,13.32143413,17.21428571,487.35,27.09685358,541.5437072,433.1562928,762533
ADBL,9/7/2015,489,497,475,495,3.54%,2252,1091610,0.03125,0.030771659,484.2,488.65,489.750961,481.4371108,11.8694362,8.313850249,12.31991735,15.64285714,488.65,26.79213357,542.2342671,435.0657329,764785
ADBL,9/8/2015,496,496,488,488,-1.81%,651,322088,-0.014141414,-0.014242357,482.8,489.1,489.4815824,481.9232507,33.05084746,7.558331688,11.36760022,13.85714286,489.1,26.69693458,542.4938692,435.7061308,764134
ADBL,9/9/2015,480,480,480,480,-1.64%,41,19680,-0.016393443,-0.016529302,481.6,490.35,488.0228774,481.7807877,36.07038123,6.242089719,10.34249812,13.14285714,490.35,25.57810536,541.5062107,439.1937893,764093
ADBL,9/10/2015,472,489,472,479,-0.21%,7097,3424200,-0.002083333,-0.002085506,484.4,492.05,486.6347424,481.5748034,32.8,5.059939007,9.285986298,12.71428571,492.05,23.44641146,538.9428229,445.1571771,756996
ADBL,9/13/2015,480,500,480,500,4.38%,9190,4422740,0.043841336,0.042907501,488.4,494.85,488.6909359,482.9396328,25.40983607,5.751303103,8.579049659,12.78571429,494.85,20.5740639,535.9981278,453.7018722,766186
ADBL,9/14/2015,510,511,492,500,0.00%,4489,2263300,0,0,489.4,497.8,490.4307919,484.2033637,21.47806005,6.227428215,8.10872537,13.85714286,497.8,16.21435362,530.2287072,465.3712928,766186
ADBL,9/15/2015,510,505,486,495,-1.00%,1356,672126,-0.01,-0.010050336,490.8,498.3,491.133747,485.0031145,25.06738544,6.130632468,7.71310679,13.85714286,498.3,15.95091154,530.2018231,466.3981769,764830
ADBL,9/16/2015,490,490,486,487,-1.62%,1186,578936,-0.016161616,-0.016293639,492.2,496.75,490.4977859,485.151032,25.76177285,5.346753948,7.239836221,13.78571429,496.75,15.43364404,527.6172881,465.8827119,763644
ADBL,9/17/2015,488,488,475,480,-1.44%,5292,2541780,-0.014373717,-0.014478019,492.4,494.4,488.8827419,484.7694741,22.35576923,4.113267884,6.614522554,14.28571429,494.4,14.10636288,522.6127258,466.1872742,758352
ADBL,9/22/2015,471,471,456,456,-5.00%,9991,4642440,-0.05,-0.051293294,483.6,490.95,483.8238586,482.6384019,21.83098592,1.185456661,5.528709375,15.5,490.95,14.65560787,520.2612157,461.6387843,748361
ADBL,9/23/2015,465,474,460,465,1.97%,9252,4268830,0.019736842,0.019544596,476.6,488.9,480.9278803,481.3318536,32.14285714,-0.40397329,4.342172842,16.28571429,488.9,15.29327338,519.4865468,458.3134532,757613
ADBL,9/24/2015,456,461,456,460,-1.08%,956,439860,-0.010752688,-0.010810916,469.6,486.6,477.7082064,479.7517163,44.06779661,-2.043509881,3.065036297,16.28571429,486.6,16.02760776,518.6552155,454.5447845,756657
ADBL,9/28/2015,451,454,446,450,-2.17%,1581,713289,-0.02173913,-0.021978907,462.2,483.35,473.4454054,477.5478855,49.06716418,-4.102480033,1.631533031,15.78571429,483.35,16.54745966,516.4449193,450.2550807,755076
ADBL,9/29/2015,450,459,450,450,0.00%,2289,1030140,0,0,456.2,480.55,469.83842,475.5073014,44,-5.668881376,0.17145015,15,480.55,17.23666533,515.0233307,446.0766693,755076
ADBL,9/30/2015,442,468,442,450,0.00%,4851,2200320,0,0,455,478.05,466.7863554,473.6178716,46.08378871,-6.831516258,-1.229143132,15.28571429,478.05,17.88111324,513.8122265,442.2877735,755076
ADBL,10/1/2015,455,460,444,459,2.00%,5128,2310970,0.02,0.019802627,453.8,476,465.5884545,472.5350663,35.77235772,-6.946611779,-2.372636861,15.85714286,476,17.57989282,511.1597856,440.8402144,760204
ADBL,10/4/2015,455,455,443,451,-1.74%,2200,991200,-0.017429194,-0.017582871,452,473.8,463.3440769,470.9398762,46.07508532,-7.595799303,-3.41726935,16.42857143,473.8,17.82842202,509.456844,438.143156,758004
ADBL,10/5/2015,460,460,442,445,-1.33%,2871,1282620,-0.013303769,-0.013393057,451,471.75,460.5219112,469.0184039,50.78809107,-8.496492671,-4.433114014,16.5,471.75,18.68823159,509.1264632,434.3735368,755133
ADBL,10/6/2015,445,445,435,440,-1.12%,5822,2551250,-0.011235955,-0.011299555,449,470.5,457.3646941,466.8688925,50,-9.504198384,-5.447330888,15.71428571,470.5,19.95653171,510.4130634,430.5869366,749311
ADBL,10/7/2015,440,450,440,450,2.27%,511,226240,0.022727273,0.022472856,449,469,456.2316643,465.6193449,63.38028169,-9.387680656,-6.235400842,15.07142857,469,20.32887498,509.65775,428.34225,749822
ADBL,10/8/2015,450,495,443,495,10.00%,15581,7496980,0.1,0.09531018,456.2,469,462.1960236,467.7956897,68.96551724,-5.599666133,-6.1082539,17.42857143,469,20.32887498,509.65775,428.34225,765403
ADBL,10/11/2015,504,544,504,530,7.07%,93601,49644300,0.070707071,0.068319244,472,471.1,472.6274046,472.4034164,28.77697842,0.223988165,-4.841805487,20.28571429,471.1,24.19634596,519.4926919,422.7073081,859004
ADBL,10/14/2015,540,540,493,494,-6.79%,9865,4967090,-0.067924528,-0.070341489,481.8,471.8,475.9154962,474.0031634,29.85074627,1.912332835,-3.490977823,22.71428571,471.8,24.66533899,521.130678,422.469322,849139
ADBL,10/15/2015,485,499,476,499,1.01%,6688,3270300,0.010121457,0.010070579,493.6,472.8,479.4669583,475.8547809,30.59701493,3.61217743,-2.070346772,22.64285714,472.8,25.36802795,523.5360559,422.0639441,855827
ADBL,10/18/2015,490,495,487,495,-0.80%,8306,4064550,-0.008016032,-0.008048333,502.6,472.55,481.856657,477.2729453,25.92592593,4.583711772,-0.739535063,22.21428571,472.55,25.10918264,522.7683653,422.3316347,847521
ADBL,10/19/2015,492,500,489,500,1.01%,2033,998600,0.01010101,0.010050336,503.6,472.55,484.6479406,478.9564308,23.60580596,5.691509769,0.546673903,22.35714286,472.55,25.10918264,522.7683653,422.3316347,849554
ADBL,10/25/2015,490,490,480,481,-3.80%,2481,1194860,-0.038,-0.038740828,493.8,471.85,484.0867189,479.1078063,27.53623188,4.978912646,1.433121652,22.78571429,471.85,24.64116154,521.1323231,422.5676769,847073
ADBL,10/27/2015,472,472,465,472,-1.87%,3737,1751510,-0.018711019,-0.018888285,489.4,471.1,482.2272237,478.5813021,37.06154864,3.645921594,1.87568164,23.28571429,471.1,24.38269447,519.8653889,422.3346111,843336
ADBL,10/28/2015,463,472,455,466,-1.27%,2955,1368610,-0.012711864,-0.012793351,482.8,470.4,479.7307278,477.6493538,39.1025641,2.081373943,1.916820101,22.64285714,470.4,24.31460466,519.0292093,421.7707907,840381
ADBL,10/29/2015,470,475,466,470,0.86%,1970,922200,0.008583691,0.008547061,477.8,471.1,478.2336927,477.082735,47.15909091,1.150957704,1.763647621,22.14285714,471.1,24.07859936,519.2571987,422.9428013,842351
ADBL,11/1/2015,469,469,450,456,-2.98%,4509,2063280,-0.029787234,-0.030239885,469,470.65,474.8131246,475.5210509,45.93023256,-0.707926332,1.269332831,22.42857143,470.65,24.2818429,519.2136858,422.0863142,837842
ADBL,11/2/2015,450,470,450,461,1.10%,3088,1434020,0.010964912,0.010905233,465,470.7,472.6880285,474.4454175,44.76744186,-1.757389023,0.66398846,22.57142857,470.7,24.25977828,519.2195566,422.1804434,840930
ADBL,11/3/2015,455,457,455,457,-0.87%,81,36915,-0.00867679,-0.008714652,462,471.05,470.2744857,473.1531644,50.27027027,-2.878678721,-0.044544976,22.28571429,471.05,23.99446208,519.0389242,423.0610758,840849
ADBL,11/4/2015,449,470,449,466,1.97%,1462,681376,0.019693654,0.019502243,462,471.85,469.6168725,472.6233004,48.31460674,-3.006427872,-0.636921555,23.07142857,471.85,23.51768651,518.885373,424.814627,842311
ADBL,11/5/2015,463,463,460,460,-1.29%,878,404480,-0.012875536,-0.012959145,460,472.35,468.1373536,471.6882411,42.70833333,-3.55088743,-1.21971473,19.78571429,472.35,23.13183043,518.6136609,426.0863391,841433
ADBL,11/8/2015,451,462,451,462,0.43%,607,276552,0.004347826,0.004338402,461.2,472.5,467.1931454,470.9705936,72.56637168,-3.777448196,-1.731261423,17.07142857,472.5,23.05028827,518.6005765,426.3994235,842040
ADBL,11/9/2015,469,483,469,483,4.54%,4949,2351790,0.045454545,0.044451763,465.6,474.1,469.6249692,471.8616607,69.49152542,-2.236691552,-1.832347449,15.21428571,474.1,22.58527699,519.270554,428.929446,846989
ADBL,11/10/2015,474,485,474,477,-1.24%,8443,4023170,-0.01242236,-0.012500163,469.6,475.7,470.7595893,472.2422785,67.5,-1.482689149,-1.762415789,14.35714286,475.7,21.52379344,518.7475869,432.6524131,838546
ADBL,11/15/2015,471,475,470,475,-0.42%,1170,553870,-0.004192872,-0.004201687,471.4,477.45,471.4119602,472.4465541,72.88135593,-1.034593943,-1.61685142,14,477.45,19.82416123,517.0983225,437.8016775,837376
ADBL,11/16/2015,467,471,467,471,-0.84%,250,116950,-0.008421053,-0.00845671,473.6,478.5,471.3485817,472.339402,60.74074074,-0.990820275,-1.491645191,13.78571429,478.5,18.82467586,516.1493517,440.8506483,837126
ADBL,11/18/2015,475,475,467,470,-0.21%,1230,576640,-0.002123142,-0.002125399,475.2,477.25,471.1411076,472.1661129,54.96183206,-1.025005347,-1.398317222,12.92857143,477.25,18.49857747,514.2471549,440.2528451,835896
ADBL,11/19/2015,475,475,460,465,-1.06%,1940,912850,-0.010638298,-0.010695289,471.6,474,470.1963218,471.6352898,47.78761062,-1.438967949,-1.406447367,12.85714286,474,13.87538525,501.7507705,446.2492295,833956
ADBL,11/22/2015,460,460,451,452,-2.80%,2625,1190410,-0.027956989,-0.028355226,466.6,471.9,467.3968877,470.1808238,43.55555556,-2.783936165,-1.681945127,12.64285714,471.9,13.86741732,499.6348346,444.1651654,831331
ADBL,11/23/2015,450,452,449,452,0.00%,4235,1907880,0,0,462,469.55,465.0281357,468.8340962,30.97826087,-3.805960423,-2.106748186,12.21428571,469.55,12.98774726,495.5254945,443.5745055,831331
ADBL,11/24/2015,461,461,451,455,0.66%,1170,531661,0.006637168,0.006615239,458.8,467.55,463.4853456,467.8093483,21.42857143,-4.324002672,-2.550199083,11.5,467.55,11.89637273,491.3427455,443.7572545,832501
ADBL,11/25/2015,461,461,448,450,-1.10%,6331,2852030,-0.010989011,-0.011049836,454.8,465.05,461.4106771,466.4901373,21.65543792,-5.079460244,-3.056051316,11,465.05,9.784386058,484.6187721,445.4812279,826170
ADBL,11/26/2015,446,450,435,447,-0.67%,2656,1172870,-0.006666667,-0.006688988,451.2,463.35,459.1936498,465.0464234,7.295173962,-5.85277361,-3.615395775,11.64285714,463.35,9.820896089,482.9917922,443.7082078,823514
ADBL,11/29/2015,442,442,420,420,-6.04%,9273,3936820,-0.060402685,-0.062303883,444.8,460.75,453.1638575,461.7096513,6.756756757,-8.545793784,-4.601475376,12.07142857,460.75,13.57581053,487.9016211,433.5983789,814241
ADBL,11/30/2015,428,450,424,431,2.62%,4935,2134580,0.026190476,0.025853379,440.6,459,449.7540333,459.4348623,8.545918367,-9.680829034,-5.617346108,13.78571429,459,15.04029675,489.0805935,428.9194065,819176
ADBL,12/1/2015,431,454,439,454,5.34%,5943,2658366,0.053364269,0.051989108,440.4,458.2,450.4072589,459.0322799,8.312655087,-8.625020993,-6.218881085,14.64285714,458.2,14.84871074,487.8974215,428.5025785,825119
ADBL,12/2/2015,445,451,445,451,-0.66%,3272,1468980,-0.00660793,-0.006629859,440.6,457.95,450.4984499,458.4372962,8.556832695,-7.938846363,-6.56287414,13.78571429,457.95,14.9295715,487.809143,428.090857,821847
ADBL,12/3/2015,455,459,450,450,-0.22%,3472,1572580,-0.002217295,-0.002219757,441.2,457.4,450.4217653,457.8123113,14.4638404,-7.390546053,-6.728408523,13.64285714,457.4,15.01367797,487.4273559,427.3726441,818375
ADBL,12/4/2015,459,468,459,465,3.33%,2902,1335160,0.033333333,0.032789823,450.2,457.8,452.6645706,458.3447327,10.56062581,-5.680162094,-6.518759237,14.42857143,457.8,15.10872874,488.0174575,427.5825425,821277
ADBL,12/7/2015,456,456,454,455,-2.15%,860,391040,-0.021505376,-0.021739987,455,457.25,453.0238675,458.0969747,13.94148021,-5.073107288,-6.229628847,14.64285714,457.25,14.99429716,487.2385943,427.2614057,820417
ADBL,12/8/2015,447,455,447,451,-0.88%,2091,946978,-0.008791209,-0.008830079,454.4,456.8,452.7125032,457.5712729,18.51851852,-4.858769679,-5.955457014,14.64285714,456.8,15.04239623,486.8847925,426.7152075,818326
ADBL,12/9/2015,460,469,460,469,3.99%,1612,743343,0.039911308,0.039135429,458,457.15,455.218272,458.4178453,16.12903226,-3.199573322,-5.404280275,14.85714286,457.15,15.24976272,487.6495254,426.6504746,819938
ADBL,12/10/2015,469,469,450,465,-0.85%,934,429220,-0.008528785,-0.008565363,461,456.25,456.7231532,458.9054123,14.18439716,-2.182259101,-4.75987604,15.21428571,456.25,14.13422498,484.51845,427.98155,819004
ADBL,12/13/2015,465,465,456,456,-1.93%,1652,755440,-0.019354839,-0.019544596,459.2,455.2,456.6118989,458.6901966,10.13110846,-2.078297714,-4.223560375,15.64285714,455.2,13.26491216,481.7298243,428.6701757,817352
ADBL,12/14/2015,452,453,450,450,-1.32%,2818,1270990,-0.013157895,-0.013245227,458.2,453.95,455.5946837,458.0464783,28.8776797,-2.451794658,-3.869207232,15.35714286,453.95,12.4540207,478.8580414,429.0419586,814534
ADBL,12/15/2015,446,446,440,445,-1.11%,3918,1732600,-0.011111111,-0.011173301,457,452.65,453.9647323,457.0800725,35.38998836,-3.115340188,-3.718433823,15.14285714,452.65,11.92641915,476.5028383,428.7971617,810616
ADBL,12/16/2015,450,453,448,450,1.12%,7554,3401660,0.011235955,0.011173301,453.2,451.65,453.3547735,456.5556227,31.76593521,-3.200849191,-3.614916897,14.64285714,451.65,11.21218792,474.0743758,429.2256242,818170
ADBL,12/17/2015,451,468,451,465,3.33%,1388,637154,0.033333333,0.032789823,453.2,451.65,455.1463468,457.1811321,32.13530655,-2.034785314,-3.29889058,14,451.65,11.21218792,474.0743758,429.2256242,819558
ADBL,12/20/2015,465,483,462,481,3.44%,16618,7859498,0.034408602,0.033829865,458.2,453.1,459.1238319,458.9454927,28.11918063,0.178339209,-2.603444622,13.35714286,453.1,12.99352065,479.0870413,427.1129587,836176
ADBL,12/21/2015,481,529,481,529,9.98%,47347,24243546,0.0997921,0.095121162,474,456.95,469.8740116,464.1347155,43.49845201,5.739296152,-0.934896468,15.14285714,456.95,21.36271962,499.6754392,414.2245608,883523
ADBL,12/22/2015,539,559,510,512,-3.21%,21836,11421400,-0.032136106,-0.032663807,487.4,459.8,476.3549329,467.6802921,50.32727273,8.674640809,0.987010988,18,459.8,24.63971975,509.0794395,410.5205605,861687
ADBL,12/23/2015,512,510,496,496,-3.12%,6162,3098292,-0.03125,-0.031748698,496.6,462.1,479.3772509,469.7780482,51.76553672,9.599202682,2.709449327,18.5,462.1,25.7965726,513.6931452,410.5068548,855525
ADBL,12/24/2015,490,510,490,510,2.82%,11469,5764820,0.028225806,0.027834799,505.6,465.25,484.0884431,472.7574521,52.2043387,11.33099101,4.433757664,18.64285714,465.25,27.63650332,520.5230066,409.9769934,866994
ADBL,12/25/2015,502,505,499,502,-1.57%,12349,6175630,-0.015686275,-0.015810606,509.8,469.35,486.8440672,474.9235667,51.76960444,11.92050049,5.93110623,18.64285714,469.35,26.63451461,522.6190292,416.0809708,854645
ADBL,12/28/2015,502,504,497,499,-0.60%,2290,1144350,-0.005976096,-0.005994024,503.8,472.75,488.7142107,476.7070062,54.5751634,12.00720449,7.146325883,18.57142857,472.75,25.80876024,524.3675205,421.1324795,852355
ADBL,12/29/2015,499,508,496,500,0.20%,7138,3572922,0.002004008,0.002002003,501.4,475.05,490.450486,478.4324132,56.41891892,12.01807282,8.12067527,18.14285714,475.05,26.09794305,527.2458861,422.8541139,859493
ADBL,12/31/2015,500,513,500,508,1.60%,5772,2944280,0.016,0.015873349,503.8,477.9,493.1504112,480.6226048,56.8413887,12.52780644,9.002101503,17.71428571,477.9,26.4433854,530.7867708,425.0132292,865265
ADBL,1/3/2016,500,518,499,518,1.97%,8407,4251880,0.019685039,0.019493795,505.4,481.3,496.9734249,483.3913007,62.73478588,13.58212415,9.918106033,18.42857143,481.3,27.03233931,535.3646786,427.2353214,873672
ADBL,1/4/2016,518,528,502,506,-2.32%,6760,3441749,-0.023166023,-0.023438573,506.2,483.35,498.3621288,485.0660192,57.96979866,13.29610955,10.59370674,19.85714286,483.35,27.28461105,537.9192221,428.7807779,866912
ADBL,1/5/2016,515,515,500,505,-0.20%,4135,2078990,-0.001976285,-0.00197824,507.4,485.85,499.3833397,486.5426104,56.51041667,12.84072934,11.04311126,20.21428571,485.85,26.83727769,539.5245554,432.1754446,862777
ADBL,1/6/2016,495,507,495,500,-0.99%,4686,2343510,-0.00990099,-0.009950331,507.4,488.3,499.4782105,487.539454,63.1826742,11.93875648,11.2222403,20.5,488.3,25.70091131,539.7018226,436.8981774,858091
ADBL,1/7/2016,510,520,505,515,3.00%,7371,3793860,0.03,0.029558802,508.8,490.6,501.8661781,489.5735686,69.12313433,12.29260957,11.43631416,20.64285714,490.6,25.94001177,542.4800235,438.7199765,865462
ADBL,1/10/2016,515,520,506,518,0.58%,5622,2894903,0.005825243,0.005808342,508.8,493.25,504.3483046,491.6792302,77.83613445,12.66907443,11.68286621,20.14285714,493.25,25.89426882,545.0385376,441.4614624,871084
ADBL,1/11/2016,520,529,511,525,1.35%,11440,5985030,0.013513514,0.01342302,512.6,496.7,507.5254885,494.1474353,60.73232323,13.37805316,12.0219036,18,496.7,25.25887025,547.2177405,446.1822595,882524
ADBL,1/12/2016,525,526,521,521,-0.76%,4907,2569750,-0.007619048,-0.007648221,515.8,500.25,509.5984903,496.1365142,50,13.46197607,12.30991809,14.85714286,500.25,23.26025524,546.7705105,453.7294895,877617
ADBL,1/13/2016,521,531,517,529,1.54%,2677,1399719,0.015355086,0.01523839,521.6,504.45,512.5833379,498.5708465,45.3271028,14.01249144,12.65043276,14.71428571,504.45,20.13239076,544.7147815,464.1852185,880294
ADBL,1/14/2016,530,545,524,545,3.02%,22823,12096500,0.030245747,0.029797363,527.6,509.2,517.5705167,502.010043,34.8806366,15.56047366,13.23244094,14.78571429,509.2,17.66530945,544.5306189,473.8693811,903117
ADBL,1/17/2016,555,591,541,570,4.59%,65709,36602500,0.04587156,0.044850566,538,514.45,525.6365911,507.0463361,29.61711712,18.59025491,14.30400374,17.57142857,514.45,19.35941224,553.1688245,475.7311755,968826
ADBL,1/18/2016,564,608,561,580,0.87%,19463,11291000,0.01754386,0.017391743,549,519.4,534.0001924,512.4503112,18.6746988,21.54988119,15.75317923,20.42857143,519.4,22.72119345,564.8423869,473.9576131,988289
ADBL,1/19/2016,571,576,547,568,-2.07%,15212,8613240,-0.020689655,-0.020906685,558.4,521.35,539.2309321,516.565103,32.8125,22.66582905,17.13570919,21.92857143,521.35,25.13390455,571.6178091,471.0821909,973077
ADBL,1/20/2016,579,615,579,593,4.40%,53666,31675100,0.044014085,0.04307298,571.2,525.4,547.5030964,522.2269472,50.42412818,25.27614913,18.76379718,24.35714286,525.4,29.66550362,584.7310072,466.0689928,1026743
ADBL,1/21/2016,593,600,577,583,-1.69%,23814,13960635,-0.016863406,-0.017007213,578.8,529.75,552.9641585,526.7286548,50.51935788,26.23550362,20.25813847,24.64285714,529.75,31.4523449,592.6546898,466.8453102,1002929
ADBL,1/24/2016,583,599,589,599,2.74%,34629,20527497,0.027444254,0.027074412,584.6,534.2,560.0465956,532.0820878,45.45454545,27.9645078,21.79941233,23.92857143,534.2,34.64496622,603.4899324,464.9100676,1037558
ADBL,1/25/2016,605,615,594,595,-0.67%,7231,4345560,-0.006677796,-0.006700193,587.6,538.85,565.4240424,536.7426739,38.46153846,28.68136854,23.17580358,24.35714286,538.85,36.29741908,611.4448382,466.2551618,1030327
ADBL,1/26/2016,595,601,593,595,0.00%,16386,9752865,0,0,593,543.65,569.9741898,541.0580314,34.5323741,28.91615837,24.32387454,24.07142857,543.65,37.08918838,617.8283768,469.4716232,1030327
ADBL,1/27/2016,595,590,580,585,-1.68%,4958,2893376,-0.016806723,-0.016949558,591.4,547.9,572.2858529,544.312992,31.57894737,27.97286085,25.0536718,23.71428571,547.9,36.69203269,621.2840654,474.5159346,1025369
ADBL,1/28/2016,580,585,576,582,-0.51%,6324,3664620,-0.005128205,-0.0051414,591.2,551.6,573.780337,547.1046222,35.25179856,26.6757148,25.3780804,23.35714286,551.6,36.18432344,623.9686469,479.2313531,1019045
ADBL,1/31/2016,590,590,571,574,-1.37%,5068,2918430,-0.013745704,-0.013841051,586.2,554.4,573.8141313,549.0968725,39.71363979,24.7172589,25.2459161,23.42857143,554.4,35.60957884,625.6191577,483.1808423,1013977
ADBL,2/1/2016,574,588,572,584,1.74%,12969,7545537,0.017421603,0.017271587,584,558.3,575.3811881,551.6822893,41.08527132,23.69889876,24.93651263,24.21428571,558.3,34.27612335,626.8522467,489.7477533,1026946
ADBL,2/2/2016,585,595,580,580,-0.68%,7156,4168980,-0.006849315,-0.006872879,581,562.05,576.0917745,553.7798975,37.03703704,22.31187701,24.41158551,24.28571429,562.05,32.17628254,626.4025651,497.6974349,1019790
ADBL,2/3/2016,580,580,572,574,-1.03%,4671,2684609,-0.010344828,-0.010398707,578.8,565.75,575.7699631,555.2776829,37.87878788,20.49228018,23.62772444,23.35714286,565.75,28.73632398,623.222648,508.277352,1015119
ADBL,2/4/2016,580,589,573,589,2.61%,11203,6492740,0.026132404,0.025796787,580.2,569.45,577.8053534,557.7756323,53.90070922,20.02972106,22.90812376,20.92857143,569.45,26.53790735,622.5258147,516.3741853,1026322
ADBL,2/7/2016,589,604,585,595,1.02%,12440,7361320,0.010186757,0.010135222,584.4,573.3,580.4506836,560.5329929,49.35064935,19.91769074,22.31003716,18.92857143,573.3,24.15977518,621.6195504,524.9804496,1038762
ADBL,2/8/2016,595,594,584,590,-0.84%,10270,6059581,-0.008403361,-0.008438869,585.6,576.55,581.9198092,562.7157341,43.01075269,19.20407507,21.68884474,17.35714286,576.55,21.55159049,619.653181,533.446819,1028492
ADBL,2/11/2016,590,590,580,580,-1.69%,4680,2730671,-0.016949153,-0.017094433,585.6,579.5,581.6244539,563.9960501,34.83606557,17.62840382,20.87675656,14.71428571,579.5,17.13260972,613.7652194,545.2347806,1023812
ADBL,2/14/2016,569,579,561,570,-1.72%,7802,4436080,-0.017241379,-0.017391743,584.8,581.55,579.8360764,564.4407872,31.22703894,15.39528926,19.7804631,14.42857143,581.55,12.63443498,606.81887,556.28113,1016010
ADBL,2/15/2016,570,590,555,590,3.51%,10726,6061860,0.035087719,0.034486176,585,583.8,581.399757,566.3340622,31.52818991,15.06569479,18.83750944,15.78571429,583.8,9.367356533,602.5347131,565.0652869,1026736
ADBL,2/16/2016,590,600,571,576,-2.37%,4767,2799893,-0.023728814,-0.024014876,581.2,584.1,580.5690251,567.0500576,36.14357262,13.51896755,17.77380106,16.35714286,584.1,8.990638406,602.0812768,566.1187232,1021969
ADBL,2/17/2016,576,590,560,590,2.43%,14601,8528821,0.024305556,0.024014876,581.2,584.6,582.0199443,568.7500533,36.20401338,13.26989103,16.87301905,17.92857143,584.6,9.028609498,602.657219,566.542781,1036570
ADBL,2/18/2016,590,596,588,588,-0.34%,20751,12270075,-0.003389831,-0.003395589,582.8,585.6,582.9399529,570.1759753,32.76529822,12.76397762,16.05121077,17.42857143,585.6,8.158947301,601.9178946,569.2821054,1015819
ADBL,2/21/2016,598,598,585,590,0.34%,21553,12728500,0.003401361,0.003395589,586.8,585.45,584.026114,571.6444216,27.88309637,12.38169243,15.3173071,17.71428571,585.45,8.042485869,601.5349717,569.3650283,1037372
ADBL,2/22/2016,585,595,585,590,0.00%,6229,3688120,0,0,586.8,585.8,584.9451734,573.004094,31.86567164,11.94107934,14.64206155,17.07142857,585.8,8.082469659,601.9649393,569.6350607,1037372
ADBL,2/23/2016,590,609,585,605,2.54%,16364,9764387,0.025423729,0.025105921,592.6,586.1,588.0305313,575.3741611,30.32904149,12.65637018,14.24492327,17.64285714,586.1,8.686953315,603.4739066,568.7260934,1053736
ADBL,2/24/2016,600,603,590,595,-1.65%,4249,2518300,-0.016528926,-0.016667052,593.6,586.1,589.1027573,576.827927,31.45400593,12.27483028,13.85090468,17.64285714,586.1,8.686953315,603.4739066,568.7260934,1049487
ADBL,2/25/2016,585,605,581,585,-1.68%,5816,3430320,-0.016806723,-0.016949558,593,585.6,588.4715638,577.4332657,34.72333601,11.03829812,13.28838336,18.78571429,585.6,8.431769496,602.463539,568.736461,1043671
ADBL,2/28/2016,585,595,587,590,0.85%,10168,6007273,0.008547009,0.00851069,593,585.85,588.7067079,578.3641349,20.81712062,10.34257294,12.69922128,18.35714286,585.85,8.486986943,602.8239739,568.8760261,1053839
ADBL,2/29/2016,590,590,586,589,-0.17%,4735,2780790,-0.001694915,-0.001696353,592.8,586.2,588.7518297,579.1519768,24.0990991,9.599852945,12.07934761,17.28571429,586.2,8.464165952,603.1283319,569.2716681,1049104
ADBL,3/1/2016,590,590,583,585,-0.68%,4675,2730510,-0.006791171,-0.006814336,588.8,586.75,588.1746252,579.5851637,34.29710867,8.589461466,11.38137038,17,586.75,7.972815655,602.6956313,570.8043687,1044429
ADBL,3/2/2016,585,609,580,599,2.39%,3609,2136400,0.023931624,0.023649751,589.6,587.5,589.8400674,581.0232997,30.88842975,8.816767726,10.86844985,18.35714286,587.5,8.394860583,604.2897212,570.7102788,1048038
ADBL,3/3/2016,590,620,590,617,3.00%,31519,19177200,0.030050083,0.029607426,596,589.35,594.0185186,583.6882405,37.31884058,10.33027813,10.76081551,19.14285714,589.35,10.47440489,610.2988098,568.4011902,1079557
ADBL,3/6/2016,610,635,610,630,2.11%,22567,14134900,0.021069692,0.020850795,604,592.15,599.5541311,587.1187412,41.58815612,12.43538994,11.09573039,18.42857143,592.15,13.26759011,618.6851802,565.6148198,1102124
ADBL,3/10/2016,640,693,640,693,10.00%,69293,46707100,0.1,0.09531018,624.8,597.35,613.9304186,594.9617974,42.89473684,18.96862125,12.67030857,20.85714286,597.35,26.12172921,649.5934584,545.1065416,1171417
ADBL,3/13/2016,706,734,700,707,2.02%,133833,95856400,0.02020202,0.020000667,649.2,602.95,628.2488158,603.2609235,54.84764543,24.98789227,15.13382531,21.64285714,602.95,35.80278584,674.5555717,531.3444283,1305250
ADBL,3/14/2016,715,715,665,672,-4.95%,31398,21493100,-0.04950495,-0.050772325,663.8,607.05,634.9797672,608.352707,66.86656672,26.62706024,17.43247229,24.64285714,607.05,38.81057235,684.6711447,529.4288553,1273852
ADBL,3/15/2016,666,674,655,665,-1.04%,14526,9613640,-0.010416667,-0.0104713,673.4,611.3,639.5982646,612.5488027,68.40490798,27.04946181,19.3558702,25.07142857,611.3,40.31729419,691.9345884,530.6654116,1259326
ADBL,3/16/2016,662,679,655,673,1.35%,9375,6249370,0.012030075,0.011958289,682,616.45,644.7369931,617.0266692,62.61343013,27.71032388,21.02676093,26.07142857,616.45,41.32983502,699.10967,533.79033,1268701
ADBL,3/17/2016,670,672,665,666,-1.34%,14604,9756380,-0.010401189,-0.010455659,676.6,620.25,648.0082249,620.6543233,63.88888889,27.35390158,22.29218906,24.92857143,620.25,42.25346451,704.756929,535.743071,1254097
ADBL,3/20/2016,664,671,656,660,-0.75%,16552,10983700,-0.009009009,-0.009049836,667.2,624.45,649.8531134,623.5688179,63.88888889,26.28429549,23.09061035,24.92857143,624.45,41.79583837,708.0416767,540.8583233,1237545
ADBL,3/21/2016,663,666,648,648,-1.82%,24495,16078600,-0.018181818,-0.018349139,662.4,627.35,649.568019,625.3785351,47.25738397,24.18948393,23.31038506,24.5,627.35,41.28880949,709.927619,544.772381,1213050
ADBL,3/23/2016,650,664,648,653,0.77%,8568,5600720,0.007716049,0.007686433,660,630.6,650.0960161,627.4245695,50.65789474,22.67144656,23.18259736,24.92857143,630.6,40.58052424,711.7610485,549.4389515,1221618
ADBL,3/24/2016,653,678,651,655,0.31%,11367,7485528,0.003062787,0.003058106,656.4,633.85,650.8504752,629.467194,70.86956522,21.38328115,22.82273412,26.57142857,633.85,39.75222602,713.354452,554.345548,1232985
ADBL,3/27/2016,655,673,650,673,2.75%,25338,16658204,0.027480916,0.027110094,657.8,638,654.2580944,632.6918463,75.18518519,21.56624806,22.57143691,27.71428571,638,39.26294624,716.5258925,559.4741075,1258323
ADBL,3/28/2016,673,685,658,671,-0.30%,16225,10830318,-0.002971768,-0.002976193,660,641.3,656.8337722,635.5294873,76.44927536,21.30428483,22.31800649,27.57142857,641.3,39.11669451,719.533389,563.066611,1242098
ADBL,3/29/2016,671,673,657,669,-0.30%,7922,5281520,-0.002980626,-0.002985077,664.2,645,658.7054995,638.0087846,80.42168675,20.69671496,21.99374819,26.57142857,645,37.99030347,720.9806069,569.0193931,1234176
ADBL,3/30/2016,669,680,661,665,-0.60%,8799,5864634,-0.005979073,-0.005997019,666.6,649,659.6738842,640.0081338,81.65137615,19.66575036,21.52814862,26.14285714,649,35.4682957,719.9365914,578.0634086,1225377
ADBL,3/31/2016,665,663,655,658,-1.05%,7572,4988530,-0.010526316,-0.010582109,667.2,652.4,659.4163636,641.3408647,80.36809816,18.07549888,20.83761867,22.35714286,652.4,32.66319351,717.726387,587.073613,1217805
ADBL,4/3/2016,658,690,652,670,1.82%,15676,10478399,0.018237082,0.018072781,666.6,656.45,661.0446153,643.4637636,79.61783439,17.58085173,20.18626529,22.14285714,656.45,29.22953625,714.9090725,597.9909275,1233481
ADBL,4/4/2016,670,680,670,680,1.49%,12643,8525338,0.014925373,0.014815086,668.4,661.2,663.9608283,646.1701515,75,17.79067688,19.7071476,19.28571429,661.2,24.31287292,709.8257458,612.5742542,1246124
ADBL,4/5/2016,670,685,670,684,0.59%,22777,15508800,0.005882353,0.005865119,671.4,665.45,667.0437778,648.9723625,77.97619048,18.07141536,19.38000115,19,665.45,19.89571496,705.2414299,625.6585701,1268901
ADBL,4/6/2016,684,689,677,680,-0.58%,17535,11952975,-0.005847953,-0.005865119,674.4,668.6,669.0370428,651.270706,78.61271676,17.76633679,19.05726828,18.14285714,668.6,16.5223931,701.6447862,635.5552138,1251366
ADBL,4/10/2016,680,685,670,671,-1.32%,35135,23737440,-0.013235294,-0.013323661,677,670.65,669.3390362,652.7321352,80,16.60690102,18.56719483,18.64285714,670.65,13.80036231,698.2507246,643.0492754,1216231
ADBL,4/11/2016,583,584,572,576,-1.20%,2445,1409412,-0.141579732,-0.152661476,658.2,664.8,654.9791845,647.0482733,80.47337278,7.930911163,16.4399381,24.64285714,664.8,24.48759084,713.7751817,615.8248183,1213786
ADBL,4/12/2016,576,565,560,560,-2.78%,1071,603510,-0.027777778,-0.028170877,634.2,657.45,640.3670022,640.6002531,89.47368421,-0.233250819,13.10530031,24.5,657.45,32.04844195,721.5468839,593.3531161,1212715
ADBL,4/14/2016,560,591,560,591,5.54%,3092,1771336,0.055357143,0.053879234,615.6,653.4,632.7720788,636.9261602,84.66666667,-4.154081422,9.653423966,25.57142857,653.4,35.08695964,723.5739193,583.2260807,1215807
ADBL,4/17/2016,602,602,582,595,0.68%,7426,4379660,0.00676819,0.006745388,598.6,649.9,626.9609898,633.8205187,78.89908257,-6.859528972,6.350833378,25.07142857,649.9,37.2910318,724.4820636,575.3179364,1223233
ADBL,4/18/2016,595,612,570,612,2.86%,12148,7248505,0.028571429,0.028170877,586.8,646.85,624.659299,632.204184,67.08860759,-7.544884985,3.571689706,26.42857143,646.85,37.79344833,722.4368967,571.2631033,1235381
ADBL,4/19/2016,612,605,590,599,-2.12%,2370,1416095,-0.02124183,-0.021470684,591.4,643.5,620.7117146,629.7446148,56.32183908,-9.032900266,1.050771712,26.07142857,643.5,38.95814218,721.4162844,565.5837156,1233011
ADBL,4/20/2016,599,607,596,605,1.00%,12246,7361983,0.010016694,0.00996686,600.4,640.75,618.2945277,627.9116804,38.70967742,-9.617152691,-1.082813169,25.71428571,640.75,39.66686938,720.0837388,561.4162612,1245257
ADBL,4/21/2016,605,630,595,630,4.13%,26726,16235359,0.041322314,0.040491361,608.2,639.85,620.0953696,628.0663707,47.94520548,-7.971001141,-2.460450763,26.85714286,639.85,39.69790529,719.2458106,560.4541894,1271983
ADBL,4/24/2016,630,649,622,640,1.59%,11906,7541497,0.015873016,0.015748357,617.2,639.2,623.1576204,628.9503433,56.09756098,-5.792722848,-3.12690518,28.07142857,639.2,39.57750557,718.3550111,560.0449889,1283889
ADBL,4/25/2016,640,663,641,655,2.34%,11479,7493199,0.0234375,0.023167059,625.8,639.2,628.0564481,630.8799475,48.91304348,-2.823499424,-3.066224029,27,639.2,39.57750557,718.3550111,560.0449889,1295368
ADBL,4/26/2016,655,651,638,638,-2.60%,6470,4155678,-0.025954198,-0.026296952,633.6,637.45,629.5862253,631.4073588,59.375,-1.8211335,-2.817205923,27.5,637.45,38.76986757,714.9897351,559.9102649,1288898
ADBL,4/27/2016,638,655,632,647,1.41%,10197,6611583,0.014106583,0.014008011,642,636.25,632.2652675,632.5623692,50.54945055,-0.297101696,-2.313185078,28.07142857,636.25,38.04135561,712.3327112,560.1672888,1299095
ADBL,4/28/2016,647,651,638,638,-1.39%,7618,4933592,-0.013910355,-0.014008011,643.6,634.7,633.1475341,632.9651567,40.4040404,0.182377371,-1.814072588,28.14285714,634.7,37.26025115,709.2205023,560.1794977,1291477
ADBL,5/2/2016,638,645,627,640,0.31%,18127,11467485,0.003134796,0.003129893,643.6,633.45,634.2017596,633.4862562,40.4040404,0.715503395,-1.308157392,28.35714286,633.45,36.60381775,706.6576355,560.2423645,1309604
ADBL,5/3/2016,640,644,635,640,0.00%,7259,4633403,0,0,640.6,632.55,635.0937966,633.9687557,44.55445545,1.125040839,-0.821517746,21.92857143,632.55,36.18734149,704.924683,560.175317,1309604
ADBL,5/4/2016,640,639,629,632,-1.25%,5406,3414300,-0.0125,-0.012578782,639.4,630.65,634.6178279,633.822922,49.5412844,0.794905892,-0.498233018,21.57142857,630.65,35.09877041,700.8475408,560.4524592,1304198
ADBL,5/5/2016,632,632,610,632,0.00%,6608,4139075,0,0,636.4,628.25,634.2150851,633.6878907,59.66386555,0.527194399,-0.293147535,20.92857143,628.25,33.13270764,694.5154153,561.9845847,1304198
ADBL,5/8/2016,632,644,617,634,0.32%,5668,3564553,0.003164557,0.00315956,635.6,625.75,634.1819951,633.7110099,60.33057851,0.470985174,-0.140320993,21.42857143,625.75,30.48532865,686.7206573,564.7793427,1309866
ADBL,5/9/2016,640,663,640,649,2.37%,20133,13029500,0.023659306,0.023383762,637.4,624.2,636.4616882,634.8435277,59.3495935,1.618160451,0.211375296,20.5,624.2,28.29096936,680.7819387,567.6180613,1329999
ADBL,5/10/2016,659,659,637,642,-1.08%,3444,2241680,-0.010785824,-0.010844413,637.8,622.75,637.3137361,635.3736368,65.17857143,1.940099367,0.55712011,20.5,622.75,26.44930603,675.6486121,569.8513879,1326555
ADBL,5/11/2016,642,655,640,655,2.02%,11538,7490374,0.020249221,0.020046932,642.4,626.7,640.0346998,636.8274415,65.17857143,3.207258354,1.087147759,20.78571429,626.7,24.95701568,676.6140314,576.7859686,1338093
ADBL,5/12/2016,655,667,655,656,0.15%,3940,2598440,0.001526718,0.001525553,647.2,631.5,642.4908998,638.247631,57.40740741,4.243268861,1.71837198,19.14285714,631.5,20.23935718,671.9787144,591.0212856,1342033
ADBL,5/15/2016,661,667,654,666,-1.04%,4754,3149710,0.015243902,0.015128882,653.6,635.25,646.1076845,640.303362,59.2920354,5.804322462,2.535562076,18.14285714,635.25,19.2651171,673.7802342,596.7197658,1346787
ADBL,5/16/2016,666,663,653,663,-0.45%,4406,2896216,-0.004504505,-0.00451468,656.4,638.65,648.7065023,641.9845945,68.75,6.721907791,3.372831219,17.42857143,638.65,17.726801,674.103602,603.196398,1342381
ADBL,5/17/2016,665,680,662,680,2.56%,16189,10889100,0.025641026,0.025317808,664,642.05,653.5208865,644.8005504,66.01941748,8.720336094,4.442332194,17.5,642.05,18.83299177,679.7159835,604.3840165,1358570
ADBL,5/18/2016,680,693,680,683,0.44%,7927,5423667,0.004411765,0.004402061,669.6,646.25,658.0561348,647.6301393,66.66666667,10.42599546,5.639064848,16.78571429,646.25,18.07841109,682.4068222,610.0931778,1366497
ADBL,5/19/2016,683,694,675,684,0.15%,14300,9713996,0.001464129,0.001463058,675.2,650.2,662.0474986,650.324203,72.34042553,11.72329559,6.855910997,17.21428571,650.2,17.20036719,684.6007344,615.7992656,1380797
ADBL,5/22/2016,684,686,670,680,-0.58%,2404,1636156,-0.005847953,-0.005865119,678,652.7,664.8094219,652.5224102,75,12.2870117,7.942131137,17.07142857,652.7,17.73518655,688.1703731,617.2296269,1378393
ADBL,5/23/2016,680,690,677,685,0.74%,14290,9764487,0.007352941,0.00732604,682.4,654.95,667.9156647,654.9281576,72.04301075,12.98750709,8.951206327,17.35714286,654.95,18.85812683,692.6662537,617.2337463,1392683
ADBL,5/24/2016,685,695,685,690,0.73%,7665,5286530,0.00729927,0.007272759,684.4,656.7,671.3132547,657.5260719,64.44444444,13.78718288,9.918401638,17.28571429,656.7,20.42212423,697.5442485,615.8557515,1400348
ADBL,5/25/2016,690,692,671,682,-1.16%,13438,9073302,-0.011594203,-0.01166194,684.2,658.9,672.9573694,659.3389554,60,13.61841397,10.6584041,17.21428571,658.9,20.67009027,700.2401805,617.5598195,1386910
ADBL,5/26/2016,682,689,657,679,-0.44%,5751,3902538,-0.004398827,-0.00440853,683.2,660.5,673.8870049,660.7953291,61.9047619,13.09167578,11.14505844,17.57142857,660.5,20.93724961,702.3744992,618.6255008,1381159
ADBL,5/29/2016,679,679,660,679,0.00%,10097,6749106,0,0,683,662.55,674.6736195,662.1438232,66.66666667,12.52979627,11.42200601,16.85714286,662.55,20.62312192,703.7962438,621.3037562,1381159
ADBL,5/30/2016,679,679,665,666,-1.91%,6432,4287041,-0.019145803,-0.019331457,679.2,663.85,673.3392165,662.429466,68.29268293,10.90975054,11.31955491,16.28571429,663.85,19.93482803,703.7196561,623.9803439,1374727
ADBL,5/31/2016,666,667,653,659,-1.05%,7732,5098912,-0.010510511,-0.010566136,673,664.8,671.1331832,662.1754315,68.6746988,8.957751751,10.84719428,16.21428571,664.8,19.1767403,703.1534806,626.4465194,1366995
ADBL,6/1/2016,659,665,648,656,-0.46%,10461,6845190,-0.004552352,-0.004562746,667.8,666,668.8050012,661.7179921,75.94936709,7.087009087,10.09515724,16.57142857,666,17.71113239,701.4222648,630.5777352,1356534
ADBL,6/2/2016,656,682,656,668,1.83%,14888,9934706,0.018292683,0.018127385,665.6,667.8,668.6811548,662.183326,72.46376812,6.497828833,9.37569156,17.5,667.8,15.80006662,699.4001332,636.1998668,1371422
ADBL,6/5/2016,668,674,650,668,0.00%,8658,5735256,0,0,663.4,669.5,668.5763618,662.6141907,67.79661017,5.962171041,8.692987456,18.28571429,669.5,13.65553676,696.8110735,642.1889265,1371422
ADBL,6/6/2016,668,670,647,670,0.30%,4113,2726752,0.002994012,0.002989539,664.2,670.55,668.795383,663.1612877,63.79310345,5.634095323,8.08120903,18.64285714,670.55,12.77528453,696.1005691,644.9994309,1375535
ADBL,6/7/2016,669,680,661,677,1.04%,9201,6186240,0.010447761,0.010393561,667.8,672.3,670.0576318,664.1863775,70.37037037,5.871254287,7.639218081,19.07142857,672.3,10.92124921,694.1424984,650.4575016,1384736
ADBL,6/8/2016,677,689,676,677,0.00%,11892,8086110,0,0,672,673.4,671.1256885,665.1355347,79.59183673,5.990153711,7.309405207,18.64285714,673.4,10.16909663,693.7381933,653.0618067,1384736
ADBL,6/9/2016,680,694,677,677,0.00%,7948,5422600,0,0,673.8,674.45,672.0294287,666.014384,78.72340426,6.01504467,7.0505331,18.71428571,674.45,9.327237985,693.104476,655.795524,1384736
ADBL,6/12/2016,677,689,668,675,-0.30%,4476,3027832,-0.00295421,-0.002958582,675.2,674.9,672.4864397,666.6799852,82.22222222,5.806454457,6.801717371,19.28571429,674.9,9.112744113,693.1254882,656.6745118,1380260
ADBL,6/13/2016,675,710,680,700,3.70%,40671,28383419,0.037037037,0.036367644,681.2,676.75,676.7192951,669.1481345,94.87179487,7.571160649,6.955606027,21.07142857,676.75,10.25401077,697.2580215,656.2419785,1420931
ADBL,6/14/2016,714,725,710,720,3.00%,35182,25298400,0.028571429,0.028170877,689.8,678.75,683.3778651,672.9149393,90.90909091,10.46292578,7.657069977,21.35714286,678.75,14.10067188,706.9513438,650.5486562,1456113
ADBL,6/15/2016,720,723,712,720,-0.14%,11057,7937370,0,0,698.4,680.6,689.0120397,676.4027216,70.96774194,12.60931811,8.647519603,19.85714286,680.6,16.84730183,714.2946037,646.9053963,1456113
ADBL,6/16/2016,720,722,697,713,-0.97%,14568,10267030,-0.009722222,-0.009769792,705.6,682.05,692.7024951,679.1136311,73.52941176,13.58886403,9.635788488,20.28571429,682.05,18.33740784,718.7248157,645.3751843,1441545
ADBL,6/19/2016,713,714,693,705,-1.12%,18341,12933260,-0.011220196,-0.011283618,711.6,683.3,694.5944189,681.0311399,75,13.56327905,10.4212866,20.78571429,683.3,19.02934023,721.3586805,645.2413195,1423204
ADBL,6/20/2016,705,710,697,700,-0.71%,10740,7545962,-0.007092199,-0.007117468,711.6,684.05,695.4260468,682.4362406,68.75,12.98980615,10.93499051,20.71428571,684.05,19.39200866,722.8340173,645.2659827,1412464
ADBL,6/21/2016,700,720,700,703,0.43%,9949,7022531,0.004285714,0.004276557,708.2,684.7,696.5912704,683.9594821,69.6969697,12.63178829,11.27435007,20.92857143,684.7,19.81519884,724.3303977,645.0696023,1422413
ADBL,6/22/2016,715,728,706,720,2.42%,11454,8181900,0.024182077,0.02389432,708.2,686.6,700.1926134,686.6291501,50,13.56346331,11.73217272,20.85714286,686.6,21.30826378,729.2165276,643.9834724,1433867
ADBL,6/23/2016,720,720,696,702,-2.50%,6052,4275171,-0.025,-0.025317808,706,687.75,700.4706729,687.7677316,39.53488372,12.70294132,11.92632644,20.85714286,687.75,21.49632772,730.7426554,644.7573446,1427815
ADBL,6/26/2016,702,712,703,710,1.14%,7223,5121182,0.011396011,0.011331566,707,689.3,701.9367232,689.4145663,40.47619048,12.52215695,12.04549254,19.92857143,689.3,21.94514693,733.1902939,645.4097061,1435038
ADBL,6/27/2016,710,739,713,739,4.08%,22093,15966204,0.04084507,0.040032951,714.8,692.95,707.6387658,693.0875613,38.0952381,14.55120444,12.54663492,20.64285714,692.95,23.85366572,740.6573314,645.2426686,1457131
ADBL,6/28/2016,739,735,721,735,-0.54%,12542,9154895,-0.00541272,-0.005427422,721.2,696.75,711.8481864,696.1921864,34.09090909,15.656,13.16850793,21,696.75,24.21151314,745.1730263,648.3269737,1444589
ADBL,6/29/2016,735,732,724,727,-1.09%,10899,7932804,-0.010884354,-0.010944022,722.6,700.3,714.1792347,698.4742467,26,15.70498798,13.67580394,20.57142857,700.3,23.10183406,746.5036681,654.0963319,1433690
ADBL,6/30/2016,727,729,716,722,-0.69%,19936,14451845,-0.006877579,-0.006901339,726.6,703,715.3824293,700.2168951,22.80701754,15.16553425,13.97375,20,703,22.2686941,747.5373882,658.4626118,1413754
ADBL,7/3/2016,722,720,713,719,-0.42%,11526,8282487,-0.004155125,-0.004163781,728.4,705.55,715.9389787,701.6082362,26.66666667,14.33074248,14.0451485,18.14285714,705.55,20.92964405,747.4092881,663.6907119,1402228
ADBL,7/4/2016,719,730,710,730,1.53%,5677,4087850,0.015299026,0.015183176,726.6,708.55,718.1022127,703.7113298,35.82089552,14.39088291,14.11429538,17.78571429,708.55,19.83743139,748.2248628,668.8751372,1407905
ADBL,7/5/2016,724,750,713,745,2.05%,20430,14750400,0.020547945,0.020339684,728.6,711.95,722.2403338,706.7697498,39.3442623,15.47058402,14.38555311,19.64285714,711.95,19.97228343,751.8945669,672.0054331,1428335
ADBL,7/6/2016,743,775,743,761,2.15%,24816,18965200,0.02147651,0.021249139,735.4,716.15,728.2033594,710.7868054,33.92857143,17.41655401,14.99175329,20.14285714,716.15,21.03949919,758.2289984,674.0710016,1453151
ADBL,7/10/2016,761,765,740,761,0.00%,4691,3548440,0,0,743.2,720.35,733.2489964,714.5063013,28.84615385,18.74269513,15.74194166,20.42857143,720.35,21.19651163,762.7430233,677.9569767,1453151
ADBL,7/11/2016,761,789,761,777,2.10%,27375,21279724,0.021024967,0.020806993,754.8,725.45,739.97992,719.1354642,29.41176471,20.84445589,16.76244451,21.5,725.45,21.96761971,769.3852394,681.5147606,1480526
ADBL,7/12/2016,777,784,720,766,-1.42%,8705,6641752,-0.014157014,-0.014258181,762,728.75,743.9830093,722.6069113,21.56862745,21.37609802,17.68517521,24.64285714,728.75,22.88156003,774.5131201,682.9868799,1471821
ADBL,7/13/2016,766,768,740,760,-0.78%,10620,8007271,-0.007832898,-0.007863736,765,730.75,746.4471617,725.3767697,28.26086957,21.07039201,18.36221857,24.85714286,730.75,23.80595901,778.361918,683.138082,1461201
ADBL,7/14/2016,755,775,755,768,1.05%,11763,8998420,0.010526316,0.0104713,766.4,733.15,749.762983,728.534046,30.23255814,21.22893697,18.93556225,24.57142857,733.15,25.0521036,783.2542072,683.0457928,1472964
ADBL,7/17/2016,768,844,765,844,9.90%,46553,38156850,0.098958333,0.094362761,783,739.7,764.2609856,737.0870796,50.84745763,27.17390596,20.58323099,29.5,739.7,34.7534171,809.2068342,670.1931658,1519517
ADBL,7/18/2016,844,865,814,833,-1.30%,28713,24282672,-0.013033175,-0.013118852,794.2,746.1,774.8362186,744.1917404,50.84745763,30.64447818,22.59548043,31.07142857,746.1,39.49003872,825.0800774,667.1199226,1490804
ADBL,7/19/2016,830,899,830,888,6.60%,53355,46055200,0.066026411,0.063938101,818.6,755.5,792.2460311,754.8442041,51.72413793,37.40182703,25.55674975,34.71428571,755.5,49.13622311,853.7724462,657.2275538,1544159
ADBL,7/20/2016,900,976,900,976,9.91%,73449,70610300,0.099099099,0.094490843,861.8,769.15,820.5158725,771.2261149,61.53846154,49.28975759,30.30335132,40.21428571,769.15,68.05978409,905.2695682,633.0304318,1617608
ADBL,7/21/2016,976,1010,954,984,0.82%,43680,42840235,0.008196721,0.008163311,905,782.35,845.6672767,786.9871434,72.34042553,58.6801333,35.97870771,43.28571429,782.35,82.16496564,946.6799313,618.0200687,1661288
ADBL,7/25/2016,984,1065,985,1065,8.23%,63729,64132381,0.082317073,0.079104181,949.2,800.5,879.4107726,807.5806883,67.39130435,71.83008426,43.14898302,48.42857143,800.5,101.3376326,1003.175265,597.8247347,1725017
ADBL,7/26/2016,1065,1113,1045,1082,1.60%,37909,40983128,0.015962441,0.015836381,999,819.1,910.578346,827.9080448,50,82.67030128,51.05324667,51.85714286,819.1,116.810643,1052.721286,585.478714,1762926
ADBL,7/27/2016,1082,1099,1035,1081,-0.09%,40667,43100183,-0.000924214,-0.000924642,1037.6,836.2,936.797062,846.655597,56.60377358,90.14146504,58.87089035,53.78571429,836.2,128.8771753,1093.954351,578.4456494,1722259
ADBL,7/28/2016,1081,1069,1029,1060,-1.94%,33191,34914371,-0.019426457,-0.019617631,1054.4,852.45,955.7513602,862.4588861,61.66666667,93.29247407,65.75520709,55.21428571,852.45,135.7515048,1123.95301,580.9469904,1689068
ADBL,7/31/2016,1060,1068,1020,1038,-2.08%,28865,29774506,-0.020754717,-0.020973123,1065.2,868,968.4049971,875.4619316,65.15151515,92.9430655,71.19277877,56.85714286,868,138.4112864,1144.822573,591.1774271,1660203
ADBL,8/1/2016,1038,1050,995,1030,-0.77%,33867,34223095,-0.007707129,-0.007736983,1058.2,883.4,977.8811514,886.9091959,65.15151515,90.97195546,75.14861411,58.78571429,883.4,138.4464175,1160.292835,606.5071649,1626336
ADBL,8/2/2016,1030,1015,1000,1000,-2.91%,58079,58488030,-0.029126214,-0.029558802,1041.8,897.45,981.2840512,895.2862925,68.25396825,85.99775865,77.31844302,56.35714286,897.45,135.1024855,1167.654971,627.2450291,1568257
ADBL,8/3/2016,1000,1019,982,1002,0.20%,23444,23497177,0.002,0.001998003,1026,911.05,984.4711202,903.1910116,59.42028986,81.28010863,78.11077614,57,911.05,130.9867309,1173.023462,649.0765381,1591701
ADBL,8/4/2016,1002,995,955,970,-3.19%,30904,30373426,-0.031936128,-0.03245721,1008,922.3,982.244794,908.1398255,65.07936508,74.10496849,77.30961461,58.92857143,922.3,125.5229482,1173.345896,671.2541036,1560797
ADBL,8/7/2016,970,1006,970,972,0.21%,25130,25039877,0.002061856,0.002059733,994.8,932.85,980.6686719,912.8702088,48,67.79846304,75.4073843,55.85714286,932.85,119.9979276,1172.845855,692.8541448,1585927
ADBL,8/8/2016,972,965,901,905,-6.89%,16460,15371467,-0.068930041,-0.071420861,969.8,940.05,969.0273377,912.2872304,45.28301887,56.74010733,71.6739289,57.28571429,940.05,113.275851,1166.601702,713.498298,1569467
ADBL,8/9/2016,923,995,923,995,9.94%,3567,3473350,0.099447514,0.094807793,968.8,950.95,973.0231319,918.4141022,52.63157895,54.60902971,68.26094906,58.78571429,950.95,107.0796433,1165.109287,736.7907135,1573034
ADBL,8/10/2016,1010,1020,936,1000,0.50%,50652,50525800,0.005025126,0.005012542,968.4,962.65,977.1734193,924.4575021,45.16129032,52.71591727,65.1519427,58.5,962.65,98.22545227,1159.100905,766.1990955,1623686
ADBL,8/11/2016,1005,1020,992,1020,0.99%,33089,33098300,0.02,0.019802627,978.4,975.65,983.762124,931.5347241,37.14285714,52.22739992,62.56703415,56.5,975.65,86.49872223,1148.647444,802.6525555,1656775
ADBL,8/14/2016,1001,1001,955,970,-5.10%,20056,19551700,-0.049019608,-0.050261835,978,985.75,981.6448742,934.3840038,41.66666667,47.26087037,59.50580139,55.35714286,985.75,71.46281698,1128.675634,842.824366,1636719
ADBL,8/15/2016,987,1006,946,970,0.21%,27993,27328400,0,0,991,992.05,979.8533551,937.0222258,38.46153846,42.83112932,56.17086698,54.78571429,992.05,63.40884464,1118.867689,865.2323107,1636719
ADBL,8/16/2016,970,1001,970,986,1.55%,30158,29962700,0.016494845,0.016360283,989.2,999.7,980.7989928,940.650209,30.66666667,40.14878373,52.96645033,52.42857143,999.7,51.27952295,1102.259046,897.1409541,1666877
ADBL,8/17/2016,972,1010,972,1000,1.52%,16569,16601500,0.014198783,0.014098924,989.2,1005.3,983.7529939,945.0464899,27.77777778,38.70650403,50.11446107,51.42857143,1005.3,44.04435563,1093.388711,917.2112887,1683446
ADBL,8/21/2016,985,1013,985,995,-0.50%,8813,8816940,-0.005,-0.005012542,984.2,1006.25,985.4833025,948.7467499,18.66666667,36.73655265,47.43887938,50,1006.25,43.58159317,1093.413186,919.0868137,1674633
ADBL,8/22/2016,1000,1000,962,964,-3.12%,6697,6511250,-0.031155779,-0.031651443,983,1005.25,982.178179,949.8766202,16.66666667,32.30155881,44.41141527,48.78571429,1005.25,44.34182414,1093.933648,916.5663517,1667936
ADBL,8/23/2016,960,983,948,970,0.62%,12823,12308200,0.006224066,0.006204777,983,1000.5,980.304613,951.367241,17.85714286,28.93737208,41.31660663,49.14285714,1000.5,42.66084116,1085.821682,915.1783177,1680759
ADBL,8/24/2016,984,984,951,970,0.00%,7338,7059280,0,0,979.8,994.9,978.719288,952.7474453,24.69135802,25.97184262,38.24765383,48.85714286,994.9,38.55262978,1072.00526,917.7947404,1680759
ADBL,8/28/2016,980,980,958,965,-0.51%,5090,4924410,-0.005154639,-0.00516797,972.8,989.1,976.6086283,953.655042,29.06976744,22.95358629,35.18884032,47.07142857,989.1,33.28331335,1055.666627,922.5333733,1675669
ADBL,8/29/2016,971,995,965,983,1.87%,14088,13759000,0.01865285,0.018481019,970.4,985.25,977.5919162,955.8287426,35.22727273,21.76317366,32.50370699,46.64285714,985.25,28.80218376,1042.854368,927.6456325,1689757
ADBL,8/30/2016,1000,1002,983,999,1.63%,16862,16755700,0.016276704,0.016145659,977.4,983.3,980.8854676,959.0266135,42.39130435,21.85885408,30.37473641,42.92857143,983.3,26.25001253,1035.800025,930.7999749,1706619
ADBL,8/31/2016,985,1005,985,999,0.00%,19708,19578400,0,0,983.2,981.75,983.6723187,961.9876051,37.07865169,21.68471363,28.63673185,37.92857143,981.75,24.18106044,1030.112121,933.3878791,1706619
ADBL,9/1/2016,990,1010,990,998,-0.10%,15887,15973700,-0.001001001,-0.001001502,988.8,981.65,985.8765774,964.6551899,37.5,21.22138748,27.15366298,33.35714286,981.65,24.10563376,1029.861268,933.4387325,1690732
ADBL,9/4/2016,991,1029,989,1020,2.20%,13611,13681300,0.022044088,0.02180463,999.8,982.55,991.1263347,968.7548055,42.30769231,22.37152925,26.19723623,34.21428571,982.55,25.21585758,1032.981715,932.1182848,1704343
ADBL,9/5/2016,1020,1056,1020,1043,2.25%,34803,36427600,0.02254902,0.022298549,1011.8,986.2,999.1068986,974.2544495,35.80246914,24.8524491,25.92827881,32.14285714,986.2,28.3875436,1042.975087,929.4249128,1739146
ADBL,9/6/2016,1040,1055,1011,1028,-1.44%,25608,26702200,-0.014381592,-0.014486009,1017.6,989,1003.551991,978.2356014,53.08641975,25.31638973,25.80590099,31,989,29.64704654,1048.294093,929.7059069,1713538
ADBL,9/7/2016,1035,1065,1011,1065,3.60%,62511,65481600,0.035992218,0.035359632,1030.8,997,1013.005531,984.6625939,55.12820513,28.34293707,26.31330821,32.64285714,997,27.28022226,1051.560445,942.4395555,1776049
ADBL,9/8/2016,1051,1058,1040,1054,-1.03%,15717,16504300,-0.010328638,-0.010382349,1042,999.95,1019.312372,989.798698,52.7027027,29.51367431,26.95338143,31.71428571,999.95,30.0971672,1060.144334,939.7556656,1760332
ADBL,9/11/2016,1055,1075,1042,1050,-0.38%,29449,30976300,-0.003795066,-0.003802286,1048,1002.45,1024.033546,994.2580537,62.31884058,29.77549209,27.51780356,32.07142857,1002.45,32.11078684,1066.671574,938.2284263,1730883
ADBL,9/12/2016,1050,1060,1048,1050,0.00%,29095,30665700,0,0,1049.4,1003.95,1028.028385,998.3870868,72.13114754,29.64129814,27.94250247,30.21428571,1003.95,33.63812843,1071.226257,936.6737431,1730883
ADBL,9/14/2016,1055,1059,1046,1050,0.00%,11695,12301200,0,0,1053.8,1007.95,1031.408633,1002.210266,72.13114754,29.19836785,28.19367555,28.64285714,1007.95,34.14130852,1076.232617,939.667383,1730883
ADBL,9/18/2016,1045,1052,1035,1040,0.00%,11307,11818000,-0.00952381,-0.009569451,1048.8,1011.45,1032.730382,1005.009505,55.71428571,27.72087697,28.09911583,27.5,1011.45,33.63030432,1078.710609,944.1893914,1719576
ADBL,9/20/2016,1071,1071,1040,1044,-0.57%,42584,44752100,0.003846154,0.003838776,1046.8,1014.35,1034.464169,1007.89769,44.73684211,26.56647954,27.79258858,28.14285714,1014.35,33.8203847,1081.990769,946.7092306,1762160
ADBL,9/21/2016,1037,1045,1020,1025,-1.82%,24012,24686700,-0.018199234,-0.018366877,1041.8,1015.6,1033.008143,1009.164528,33.33333333,23.84361568,27.002794,27.78571429,1015.6,33.72395681,1083.047914,948.1520864,1738148
ADBL,9/22/2016,1032,1032,997,1019,-0.59%,31362,31848800,-0.005853659,-0.005870858,1035.6,1016.8,1030.853044,1009.893081,44,20.95996319,25.79422784,28.92857143,1016.8,33.37758466,1083.555169,950.0448307,1706786
ADBL,9/25/2016,1032,1032,997,1019,-0.59%,31362,31848800,0,0,1029.4,1019.55,1029.029499,1010.567668,52.25225225,18.46183132,24.32774853,30,1019.55,30.97787835,1081.505757,957.5942433,1706786
ADBL,9/26/2016,697,690,659,675,-3.16%,10691,7175950,-0.337585868,-0.411864342,956.4,1004.8,974.5634223,985.7108035,56.07476636,-11.14738119,17.23272259,54.28571429,1004.8,82.7619287,1170.323857,839.2761426,1696095
ADBL,9/27/2016,677,684,672,672,-0.44%,4456,3015420,-0.004444444,-0.00445435,882,989.9,928.0152035,962.4729662,56.07476636,-34.45776271,6.89462553,52.28571429,989.9,111.2715502,1212.4431,767.3568995,1691639
ADBL,9/28/2016,672,677,670,672,0.00%,1414,952154,0,0,811.4,975.25,888.6282491,940.9564502,57.14285714,-52.32820108,-4.949939792,50.21428571,975.25,132.0673174,1239.384635,711.1153653,1691639
ADBL,9/29/2016,660,670,660,670,-0.30%,3261,2179260,-0.00297619,-0.002980628,741.6,959.6,854.9931339,920.885602,51.08695652,-65.89246817,-17.13844547,47.92857143,959.6,148.6098389,1256.819678,662.3803222,1688378
ADBL,10/2/2016,683,684,670,680,1.49%,4644,3147380,0.014925373,0.014815086,673.8,943.65,828.0711133,903.0422241,48.95833333,-74.97111083,-28.70497854,45.07142857,943.65,160.7791146,1265.208229,622.0917708,1693022
ADBL,10/3/2016,680,690,670,672,-1.18%,2351,1602080,-0.011764706,-0.011834458,673.2,927.3,804.0601728,885.9279853,50.50505051,-81.86781251,-39.33754533,44.71428571,927.3,171.1466284,1269.593257,585.0067432,1690671
ADBL,10/4/2016,670,680,667,668,-0.60%,7550,5062160,-0.005952381,-0.005970167,672.4,910.8,783.1278385,869.7851716,46.46464646,-86.65733306,-48.80150288,43.28571429,910.8,179.6671191,1270.134238,551.4657618,1683121
ADBL,10/5/2016,680,680,667,680,1.80%,1002,674106,0.017964072,0.017804625,674,893.8,767.2620172,855.7270107,47.52475248,-88.46499351,-56.73420101,43.35714286,893.8,184.8027683,1263.405537,524.1944635,1684123
ADBL,10/6/2016,685,690,670,683,0.44%,2238,1518930,0.004411765,0.004402061,676.6,875.8,754.2986299,842.9324173,47.52475248,-88.63378739,-63.11411828,43.85714286,875.8,187.0245129,1249.849026,501.7509742,1686361
ADBL,10/16/2016,683,703,679,683,0.00%,1795,1231300,0,0,677.2,858.55,743.3296099,831.0855716,60.60606061,-87.75596165,-68.04248696,44.35714286,858.55,188.1546047,1234.859209,482.2407906,1686361
ADBL,10/17/2016,683,683,660,669,-2.05%,3931,2631480,-0.020497804,-0.020710799,676.6,838.75,731.8942853,819.079233,68.18181818,-87.18494762,-71.87097909,43.78571429,838.75,186.1108541,1210.971708,466.5282919,1682430
ADBL,10/18/2016,661,675,661,670,0.15%,1206,804747,0.001494768,0.001493652,677,819.55,722.3720876,808.0363268,81.81818182,-85.66423922,-74.62963112,43,819.55,182.5086804,1184.567361,454.5326392,1683636
ADBL,10/19/2016,668,670,660,665,-0.75%,3950,2620050,-0.007462687,-0.007490672,674,800.3,713.5456126,797.4410433,68.42105263,-83.89543077,-76.48279105,41.21428571,800.3,177.1479013,1154.595803,446.0041973,1679686
ADBL,10/20/2016,677,677,661,669,0.60%,2944,1967200,0.006015038,0.005997019,671.2,781.25,706.6924414,787.926892,56.81818182,-81.23445057,-77.43312295,39.85714286,781.25,169.1896709,1119.629342,442.8706582,1682630
ADBL,10/23/2016,660,665,655,655,-2.09%,6226,4100590,-0.020926756,-0.021148824,665.6,761.5,698.7397581,778.0804555,66.66666667,-79.34069742,-77.81463785,15.14285714,761.5,158.9089445,1079.317889,443.6821111,1676404
ADBL,10/24/2016,660,661,649,653,-0.31%,7673,5004550,-0.003053435,-0.003058106,662.4,742.15,691.7028723,768.8152366,68.33333333,-77.11236436,-77.67418315,15.14285714,742.15,146.2712962,1034.692592,449.6074075,1668731
ADBL,10/25/2016,650,650,640,645,-1.23%,3856,2481780,-0.012251149,-0.012326812,657.4,722.2,684.517815,759.6437376,33.88429752,-75.12592262,-77.16453104,15.57142857,722.2,129.1419456,980.4838911,463.9161089,1664875
ADBL,10/26/2016,650,650,640,642,-0.47%,4364,2809910,-0.004651163,-0.004662013,652.8,703.05,677.9766127,750.9293867,32.25806452,-72.95277399,-76.32217963,15.42857143,703.05,108.6483827,920.3467653,485.7532347,1660511
ADBL,10/27/2016,630,645,630,638,-0.62%,2964,1899280,-0.00623053,-0.00625002,646.6,684,671.8263646,742.5642469,33.33333333,-70.73788234,-75.20532018,15.5,684,79.94537609,843.8907522,524.1092478,1657547
ADBL,11/3/2016,630,650,626,645,1.10%,906,577224,0.010971787,0.010912033,644.6,665.3,667.6992316,735.3372657,31.62393162,-67.6380341,-73.69186296,15.78571429,665.3,14.02291358,693.3458272,637.2541728,1658453
ADBL,11/7/2016,646,646,615,625,-3.10%,1784,1127020,-0.031007752,-0.031498667,639,662.8,661.130119,727.1641349,30.83333333,-66.03401586,-72.16029354,17.07142857,662.8,16.44960406,695.6992081,629.9007919,1656669
ADBL,11/8/2016,630,630,605,610,-2.40%,5340,3293820,-0.024,-0.024292693,632,659.7,653.2639469,718.4853101,28.33333333,-65.22136321,-70.77250747,17.92857143,659.7,20.06856668,699.8371334,619.5628666,1651329
ADBL,11/9/2016,613,613,594,600,-1.64%,5406,3247290,-0.016393443,-0.016529302,623.6,656.1,645.0694935,709.7086204,37.22627737,-64.63912694,-69.54583137,17.85714286,656.1,23.84798347,703.7959669,608.4040331,1645923
ADBL,11/10/2016,605,607,596,600,0.00%,4874,2927350,0,0,616,652.6,638.1357253,701.582056,29.54545455,-63.44633069,-68.32593123,16.92857143,652.6,26.67030677,705.9406135,599.2593865,1645923
ADBL,11/13/2016,610,610,598,600,0.00%,7038,4235380,0,0,607,648.6,632.2686906,694.0574592,24.6835443,-61.78876861,-67.01849871,16.14285714,648.6,28.29431782,705.1886356,592.0113644,1645923
ADBL,11/14/2016,609,609,595,600,0.00%,6752,4045870,0,0,602,645,627.3042767,687.09024,21.95121951,-59.78596335,-65.57199164,16.14285714,645,29.70557275,704.4111455,585.5888545,1645923
ADBL,11/15/2016,610,612,590,597,-0.67%,7995,4812880,-0.005,-0.005012542,599.4,641.45,622.6420803,680.4168889,22.36024845,-57.77480865,-64.01255504,17,641.45,31.02541403,703.5008281,579.3991719,1637928
ADBL,11/16/2016,595,600,588,595,-0.17%,4803,2861580,-0.003350084,-0.003355708,598.4,637.2,618.3894525,674.089712,21.55688623,-55.70025942,-62.35009592,16.71428571,637.2,31.28746176,699.7749235,574.6250765,1633125
ADBL,11/17/2016,595,595,580,580,-2.52%,5087,2979230,-0.025210084,-0.025533302,594.4,632.05,612.4833829,667.1201037,12.4260355,-54.63672075,-60.80742088,16.78571429,632.05,31.82431212,695.6986242,568.4013758,1628038
ADBL,11/20/2016,571,571,530,556,-4.14%,6046,3314280,-0.04137931,-0.042259809,585.6,625.7,603.7936317,658.8889849,19.12568306,-55.09535318,-59.66500734,19.5,625.7,33.73597174,693.1719435,558.2280565,1621992
ADBL,11/21/2016,562,565,541,555,-0.18%,6653,3669880,-0.001798561,-0.001800181,576.6,620,596.2869191,651.1935045,29.66101695,-54.90658538,-58.71332295,20.28571429,620,35.61342148,691.226843,548.773157,1615339
ADBL,11/22/2016,560,560,538,550,-0.90%,6174,3389710,-0.009009009,-0.009049836,567.2,614,589.1658546,643.6976894,28,-54.53183472,-57.8770253,21.14285714,614,36.83390886,687.6678177,540.3321823,1609165
ADBL,11/23/2016,540,540,520,525,-4.54%,9827,5206230,-0.045454545,-0.046520016,553.2,607,579.2941847,634.9052679,35.97122302,-55.61108323,-57.42383689,22.21428571,607,39.81404143,686.6280829,527.3719171,1599338
ADBL,11/24/2016,535,540,523,527,0.38%,10536,5553950,0.003809524,0.003802286,542.6,599.9,571.2489255,626.9122851,42.20779221,-55.6633596,-57.07174143,21.71428571,599.9,40.82427039,681.5485408,518.2514592,1609874
ADBL,11/27/2016,522,528,500,502,-4.74%,14556,7400230,-0.04743833,-0.048600429,531.8,592.25,560.5952447,617.6595233,40.12345679,-57.06427859,-57.07024886,21.5,592.25,44.15507958,680.5601592,503.9398408,1595318
ADBL,11/28/2016,495,535,480,525,4.58%,20030,9903600,0.045816733,0.044798143,525.8,585.85,555.1190532,610.7958549,40.12345679,-55.67680169,-56.79155943,23.64285714,585.85,44.16270754,674.1754151,497.5245849,1615348
ADBL,11/29/2016,515,560,505,555,5.71%,6827,3685040,0.057142857,0.055569851,526.8,581.35,555.1007373,606.6628286,34.89932886,-51.56209128,-55.7456658,26.21428571,581.35,42.36716082,666.0843216,496.6156784,1622175
ADBL,11/30/2016,560,589,550,576,3.78%,17082,9590590,0.037837838,0.037139547,537,578.05,558.3160085,604.3915079,33.9869281,-46.07549946,-53.81163253,28.21428571,578.05,39.89258604,657.8351721,498.2648279,1639257
ADBL,12/1/2016,580,590,556,575,-0.17%,12639,7301000,-0.001736111,-0.00173762,546.6,574.9,560.8827764,602.2143592,37.14285714,-41.33158279,-51.31562258,29.78571429,574.9,37.31360694,649.5272139,500.2727861,1626618
ADBL,12/4/2016,571,571,558,558,-2.96%,3739,2095270,-0.029565217,-0.030011078,557.8,570.55,560.4392723,598.9392215,50.625,-38.49994914,-48.75248789,30,570.55,33.59742315,637.7448463,503.3551537,1622879
ADBL,12/5/2016,556,558,530,545,-2.33%,3418,1858250,-0.023297491,-0.023573168,561.8,566.55,558.0639997,594.9437236,51.55279503,-36.87972392,-46.3779351,30.42857143,566.55,31.46840521,629.4868104,503.6131896,1619461
ADBL,12/6/2016,554,555,540,550,0.92%,3030,1658240,0.009174312,0.009132484,560.8,563.55,556.8233843,591.6145589,56.96969697,-34.79117454,-44.06058299,30.64285714,563.55,29.93057757,623.4111551,503.6888449,1622491
ADBL,12/7/2016,554,553,543,550,0.00%,1850,1014610,0,0,555.6,561.05,555.7736329,588.531999,63.51351351,-32.75836606,-41.8001396,30.28571429,561.05,28.7923144,618.6346288,503.4653712,1622491
ADBL,12/8/2016,546,550,540,540,-1.82%,4444,2408360,-0.018181818,-0.018349139,548.6,558.05,553.3469202,584.9370361,60.86956522,-31.59011593,-39.75813487,27.42857143,558.05,27.622407,613.294814,502.805186,1618047
ADBL,12/11/2016,540,541,529,530,-1.85%,3290,1755130,-0.018518519,-0.018692133,543,554.55,549.7550863,580.867626,64.90066225,-31.11253972,-38.02901584,26.57142857,554.55,26.43656758,607.4231352,501.6768648,1614757
ADBL,12/12/2016,530,530,515,525,-0.94%,1484,775586,-0.009433962,-0.009478744,539,550.8,545.9466115,576.7292833,70.83333333,-30.78267187,-36.57974705,26.07142857,550.8,24.92641803,600.6528361,500.9471639,1613273
ADBL,12/14/2016,535,535,525,530,0.95%,5246,2776290,0.00952381,0.009478744,535,547.45,543.4932866,573.2678549,68.18181818,-29.77456831,-35.2187113,24.64285714,547.45,22.80229674,593.0545935,501.8454065,1618519
ADBL,12/15/2016,535,542,530,542,2.26%,4365,2336920,0.022641509,0.022388995,533.4,544.8,543.2635502,570.9517175,65.57377049,-27.68816731,-33.7126025,24.28571429,544.8,19.8775197,584.5550394,505.0449606,1622884
ADBL,12/18/2016,540,540,525,540,-0.37%,6847,3651600,-0.003690037,-0.003696862,533.4,542.8,542.7614656,568.6589977,76.72413793,-25.89753215,-32.14958843,23.5,542.8,18.08052165,578.9610433,506.6389567,1616037
ADBL,12/19/2016,535,535,520,520,-3.70%,6963,3662720,-0.037037037,-0.037740328,531.4,541,539.2597016,565.0546275,77.39130435,-25.79492588,-30.87865592,21,541,18.48470207,577.9694041,504.0305959,1609074
ADBL,12/20/2016,520,530,505,520,0.00%,9974,5158260,0,0,530.4,539.25,536.2966706,561.7172477,76.57657658,-25.42057709,-29.78704015,18.85714286,539.25,18.74447287,576.7389457,501.7610543,1609074
ADBL,12/21/2016,511,525,500,511,-1.73%,6654,3429880,-0.017307692,-0.017459221,526.6,537.3,532.4048751,557.9604145,85.14851485,-25.5555394,-28.94074,17.85714286,537.3,19.57737685,576.4547537,498.1452463,1602420
ADBL,12/22/2016,510,513,506,513,0.39%,8026,4103400,0.003913894,0.003906255,520.8,536.7,529.4195097,554.6300135,97.87234043,-25.21050373,-28.19469275,15.92857143,536.7,20.14970288,576.9994058,496.4005942,1610446
ADBL,12/26/2016,503,510,497,497,-3.12%,7763,3894720,-0.031189084,-0.031685819,512.2,535.2,524.4318929,550.3611236,92.64705882,-25.92923073,-27.74160034,15.85714286,535.2,21.94634606,579.0926921,491.3073079,1602683
ADBL,12/27/2016,488,506,483,495,-0.40%,10568,5233620,-0.004024145,-0.004032264,507.2,534.85,519.9039093,546.2602996,89.70588235,-26.35639027,-27.46455833,15.5,534.85,22.55116988,579.9523398,489.7476602,1592115
ADBL,12/28/2016,500,505,495,498,0.61%,5725,2863190,0.006060606,0.006042314,502.8,533.5,516.5340771,542.6854626,76.92307692,-26.15138547,-27.20192376,15.14285714,533.5,23.93741841,581.3748368,485.6251632,1597840
ADBL,12/29/2016,502,526,502,526,5.62%,19494,10089200,0.0562249,0.054701136,505.8,532.05,517.990373,541.4495024,78.57142857,-23.45912945,-26.4533649,16.42857143,532.05,23.43967621,578.9293524,485.1706476,1617334
ADBL,1/1/2017,535,555,535,545,3.61%,18373,10076900,0.036121673,0.035484582,512.2,530.5,522.1457002,541.7125022,75,-19.56680204,-25.07605232,17.78571429,530.5,21.30851078,573.1170216,487.8829784,1635707
ADBL,1/2/2017,550,560,545,546,0.00%,19457,10709700,0.001834862,0.001833181,522,529.05,525.8155925,542.0300947,76.8115942,-16.21450219,-23.3037423,18,529.05,18.98053019,567.0110604,491.0889396,1655164
ADBL,1/3/2017,550,550,530,530,-2.75%,8202,4415200,-0.029304029,-0.029741969,529,527.65,526.4593475,541.1389765,76.8115942,-14.67962906,-21.57891965,18.35714286,527.65,17.72383171,563.0976634,492.2023366,1646962
ADBL,1/4/2017,535,535,510,530,0.00%,6130,3225780,0,0,535.4,526.9,527.0040632,540.3138672,78.37837838,-13.30980391,-19.9250965,19.42857143,526.9,17.26237161,561.4247432,492.3752568,1646962
ADBL,1/5/2017,520,533,520,528,-0.38%,8287,4378950,-0.003773585,-0.003780723,535.8,525.8,527.1572843,539.4017289,77.46478873,-12.24444457,-18.38896611,19.5,525.8,16.39191071,558.5838214,493.0161786,1638675
ADBL,1/8/2017,525,529,520,524,-0.76%,5593,2926080,-0.007575758,-0.007604599,531.6,524.5,526.6715482,538.26086,74.6031746,-11.58931181,-17.02903525,18.92857143,524.5,15.37085417,555.2417083,493.7582917,1633082
ADBL,1/9/2017,525,540,521,540,3.05%,5545,2947040,0.030534351,0.030077455,530.4,524.5,528.7220793,538.3896852,73.4375,-9.667605948,-15.55674939,18.85714286,524.5,15.37085417,555.2417083,493.7582917,1638627
ADBL,1/10/2017,540,550,540,540,0.00%,4148,2249680,0,0,532.4,525,530.457144,538.5089678,74.24242424,-8.051823798,-14.05576427,17.78571429,525,15.71790799,556.435816,493.564184,1638627
ADBL,1/11/2017,550,550,540,540,0.00%,8359,4558610,0,0,534.4,525.75,531.9252757,538.6194146,73.84615385,-6.694138936,-12.58343921,16.71428571,525.75,16.07179615,557.8935923,493.6064077,1638627
ADBL,1/12/2017,540,546,531,542,0.37%,5428,2925150,0.003703704,0.003696862,537.2,526.35,533.4752333,538.8698284,70,-5.394595082,-11.14567038,17.28571429,526.35,16.45816067,559.2663213,493.4336787,1644055
ADBL,1/15/2017,535,542,530,534,-1.48%,2339,1253890,-0.014760148,-0.014870162,539.2,525.95,533.5559666,538.5091003,74.13793103,-4.953133714,-9.907163047,17,525.95,16.15215482,558.2543096,493.6456904,1641716
ADBL,1/16/2017,534,536,527,530,-1.31%,2058,1091490,-0.007490637,-0.007518832,537.2,525.45,533.0088948,537.8787966,71.66666667,-4.869901773,-8.899710793,16,525.45,15.84621821,557.1424364,493.7575636,1639658
ADBL,1/17/2017,527,529,523,523,-0.76%,3270,1719020,-0.013207547,-0.013295542,533.8,525.6,531.4690649,536.7766635,75.43859649,-5.307598666,-8.181288367,15.78571429,525.6,15.80606146,557.2121229,493.9878771,1636388
ADBL,1/18/2017,528,530,520,520,-0.57%,3386,1783070,-0.005736138,-0.005752652,529.8,525.6,529.7045933,535.5339477,70.37037037,-5.829354366,-7.710901567,14.5,525.6,15.80606146,557.2121229,493.9878771,1633002
ADBL,1/19/2017,525,529,521,528,1.54%,1913,1002020,0.015384615,0.015267472,527,526.45,529.4423482,534.9758775,76.5625,-5.533529296,-7.275427113,13.07142857,526.45,15.43227991,557.3145598,495.5854402,1634915
ADBL,1/22/2017,531,531,526,526,-0.38%,2773,1466140,-0.003787879,-0.003795071,525.4,527.1,528.9127562,534.3109977,65.2173913,-5.398241513,-6.899989993,12.35714286,527.1,15.10629008,557.3125802,496.8874198,1632142
ADBL,1/23/2017,524,524,520,520,-1.14%,2679,1395360,-0.011406844,-0.011472401,523.4,528.25,527.5415629,533.2509238,62.79069767,-5.709360868,-6.661864168,11.35714286,528.25,13.48244473,555.2148895,501.2851105,1629463
ADBL,1/24/2017,530,530,500,508,-2.31%,7839,4008780,-0.023076923,-0.023347364,520.4,528.9,524.5351686,531.380485,57.89473684,-6.845316365,-6.698554607,11.71428571,528.9,12.03022509,552.9604502,504.8395498,1621624
ADBL,1/25/2017,505,505,480,490,-3.54%,25727,12653100,-0.035433071,-0.036076056,514.4,528.5,519.2220658,528.3152639,52.63157895,-9.09319812,-7.17748331,12.78571429,528.5,13.18891081,554.8778216,502.1221784,1595897
ADBL,1/26/2017,490,490,455,460,-6.12%,33136,15482300,-0.06122449,-0.063178902,500.8,525.2,510.1109787,523.254874,47.5,-13.14389524,-8.370765697,14.64285714,525.2,20.22661092,565.6532218,484.7467782,1562761
ADBL,1/30/2017,451,465,442,442,-3.91%,12799,5774560,-0.039130435,-0.039916607,484,520.05,499.6323666,517.2359944,52.63157895,-17.6036278,-10.21733812,14.92857143,520.05,26.92382041,573.8976408,466.2023592,1549962
ADBL,1/31/2017,435,464,435,458,3.62%,11409,5152830,0.036199095,0.035559302,471.6,515.65,493.2273871,512.848143,55,-19.62075584,-12.09802166,16.28571429,515.65,29.52478887,574.6995777,456.6004223,1561371
ADBL,2/1/2017,466,485,465,483,5.46%,9886,4711200,0.054585153,0.05314747,466.6,513.3,491.653943,510.6371694,53.65853659,-18.98322646,-13.47506262,17.5,513.3,30.18556644,573.6711329,452.9288671,1571257
ADBL,2/2/2017,492,500,480,483,0.00%,15620,7632900,0,0,465.2,510.95,490.3225671,508.5899717,57.14285714,-18.26740457,-14.43353101,17.85714286,510.95,30.64306395,572.2361279,449.6638721,1571257
ADBL,2/5/2017,492,492,470,470,-2.69%,3121,1489850,-0.026915114,-0.027283959,467.2,508.05,487.1960183,505.7314553,53.48837209,-18.53543693,-15.2539122,18.57142857,508.05,31.67179552,571.393591,444.706409,1568136
ADBL,2/6/2017,465,468,455,455,-3.19%,5122,2362050,-0.031914894,-0.032435276,469.8,504.6,482.2427847,501.9735697,53.48837209,-19.73078495,-16.14928675,19,504.6,33.54556995,571.6911399,437.5088601,1563014
ADBL,2/7/2017,456,463,451,455,0.00%,4245,1938380,0,0,469.2,500.35,478.0515871,498.494046,63.41463415,-20.44245892,-17.00792118,19.35714286,500.35,34.2026084,568.7552168,431.9447832,1563014
ADBL,2/8/2017,457,460,448,450,-1.10%,9700,4386160,-0.010989011,-0.011049836,462.6,495.85,473.7359583,494.9018945,71.73913043,-21.16593615,-17.83952417,19.5,495.85,34.62927724,565.1085545,426.5914455,1553314
ADBL,2/9/2017,443,453,440,445,-1.11%,12428,5537810,-0.011111111,-0.011173301,455,491.1,469.3150416,491.2054578,57.89473684,-21.89041618,-18.64970258,19.78571429,491.1,34.76976908,560.6395382,421.5604618,1540886
ADBL,2/12/2017,453,453,416,429,-3.59%,11551,4886510,-0.035955056,-0.036617363,446.8,485.45,463.1127275,486.5976461,56.41025641,-23.48491859,-19.61674578,22.07142857,485.45,35.24123631,555.9324726,414.9675274,1529335
ADBL,2/13/2017,422,443,413,440,2.56%,11039,4662840,0.025641026,0.025317808,443.8,480.75,459.5569233,483.1459686,61.36363636,-23.58904534,-20.41120569,23.78571429,480.75,34.6894114,550.1288228,411.3711772,1540374
ADBL,2/14/2017,447,447,424,437,-0.68%,13085,5708470,-0.006818182,-0.006841532,440.2,476.1,456.0866274,479.7277487,62.22222222,-23.64112133,-21.05718882,23.28571429,476.1,33.96577225,544.0315445,408.1684555,1527289
ADBL,2/15/2017,445,456,442,453,3.66%,12899,5819820,0.036613272,0.03595893,440.8,472.6,455.6117617,477.7479155,66.66666667,-22.13615385,-21.27298182,22.64285714,472.6,32.45142118,537.5028424,407.6971576,1540188
ADBL,2/16/2017,455,460,450,453,0.00%,15709,7107380,0,0,442.4,469.25,455.2099522,475.9147366,72.09302326,-20.70478441,-21.15934234,20.85714286,469.25,30.71237536,530.6747507,407.8252493,1540188
ADBL,2/19/2017,452,452,441,445,-1.77%,23260,10365700,-0.017660044,-0.017817843,445.6,465.1,453.6391903,473.6247561,68.18181818,-19.98556579,-20.92458703,20.07142857,465.1,27.82823254,520.7564651,409.4435349,1516928
ADBL,2/20/2017,453,455,440,440,-1.12%,17150,7643190,-0.011235955,-0.011299555,445.6,460.8,451.5408533,471.1340334,56.81818182,-19.59318009,-20.65830564,19.07142857,460.8,24.34964606,509.4992921,412.1007079,1499778
ADBL,2/21/2017,448,465,437,439,-0.23%,18863,8376470,-0.002272727,-0.002275314,446,456.75,449.6114913,468.7537346,54.34782609,-19.14224337,-20.35509319,19.14285714,456.75,20.40091587,497.5518317,415.9481683,1480915
ADBL,2/22/2017,442,442,430,434,-1.14%,22813,9908820,-0.011389522,-0.011454879,442.2,453.05,447.2097234,466.1793839,47.91666667,-18.96966054,-20.07800666,18.57142857,453.05,17.0524732,487.1549464,418.9450536,1458102
ADBL,2/23/2017,429,442,427,440,1.38%,14367,6260780,0.013824885,0.013730193,439.6,450.55,446.1005352,464.2401703,56.60377358,-18.13963513,-19.69033235,18.07142857,450.55,14.87659766,480.3031953,420.7968047,1472469
ADBL,2/26/2017,445,445,430,434,-1.36%,6391,2788330,-0.013636364,-0.013730193,437.4,449.25,444.2389144,462.0001577,64.81481481,-17.76124331,-19.30451454,18.07142857,449.25,15.14100393,479.5320079,418.9679921,1466078
ADBL,2/28/2017,426,426,417,421,-3.00%,16732,7032220,-0.029953917,-0.0304117,433.6,448.2,440.6636968,458.963109,61.53846154,-18.29941219,-19.10349407,18.42857143,448.2,16.35011669,480.9002334,415.4997666,1449346
ADBL,3/1/2017,421,430,421,430,2.14%,5008,2135040,0.021377672,0.021152375,431.8,446.8,439.023128,456.8176935,54.34782609,-17.79456545,-18.84170835,18.21428571,446.8,16.66259599,480.125192,413.474808,1454354
ADBL,3/2/2017,435,435,425,435,1.16%,5828,2521300,0.011627907,0.011560822,432,444.4,438.4041853,455.201568,62.5,-16.79738278,-18.43284323,18,444.4,14.48919743,473.3783949,415.4216051,1460182
ADBL,3/5/2017,432,448,432,443,1.84%,12347,5458930,0.018390805,0.018223739,432.6,442.4,439.1112337,454.2977482,65.95744681,-15.1865145,-17.78357749,16.5,442.4,11.28762713,464.9752543,419.8247457,1472529
ADBL,3/6/2017,448,456,446,449,1.35%,9615,4316180,0.013544018,0.013453118,435.6,441.35,440.6325824,453.9053224,65.95744681,-13.27274005,-16.88141,15.28571429,441.35,9.404786016,460.159572,422.540428,1482144
ADBL,3/7/2017,442,443,439,440,-2.23%,5596,2467240,-0.020044543,-0.020248161,439.4,440.6,440.535262,452.8752985,64.44444444,-12.34003653,-15.97313531,14.35714286,440.6,8.840100023,458.2802,422.9198,1476548
ADBL,3/9/2017,444,452,444,445,1.37%,3547,1583560,0.011363636,0.011299555,442.4,440.1,441.2221448,452.2919431,65.2173913,-11.06979831,-14.99246791,13.85714286,440.1,8.245572975,456.5911459,423.6088541,1480095
ADBL,3/13/2017,445,450,440,440,-1.12%,5870,2600360,-0.011235955,-0.011299555,443.4,439.6,441.0341225,451.3814288,54.71698113,-10.34730628,-14.06343558,13.85714286,439.6,7.910020294,455.4200406,423.7799594,1474225
ADBL,3/14/2017,447,450,440,441,0.23%,9273,4113210,0.002272727,0.002270149,443,439.4,441.0288729,450.612434,58.49056604,-9.583561172,-13.1674607,13.71428571,439.4,7.816312228,455.0326245,423.7673755,1483498
ADBL,3/15/2017,449,449,443,448,1.59%,3091,1376750,0.015873016,0.015748357,442.8,440.35,442.101354,450.4189204,67.9245283,-8.317566443,-12.19748185,13.21428571,440.35,7.638372657,455.6267453,425.0732547,1486589
ADBL,3/16/2017,452,452,441,445,-0.67%,9046,4012640,-0.006696429,-0.00671895,443.8,440.6,442.5472995,450.0175189,65.45454545,-7.470219388,-11.25202936,12,440.6,7.707822411,456.0156448,425.1843552,1477543
ADBL,3/19/2017,445,454,445,451,1.35%,10196,4592620,0.013483146,0.013393057,445,441.3,443.847715,450.0902953,65.45454545,-6.242580306,-10.25013955,11.78571429,441.3,7.994076755,457.2881535,425.3118465,1487739
ADBL,3/20/2017,455,465,455,461,2.22%,16216,7455760,0.022172949,0.021930703,449.2,441.7,446.4865281,450.8984216,60.41666667,-4.411893501,-9.082490337,11.71428571,441.7,8.772564889,459.2451298,424.1548702,1503955
ADBL,3/21/2017,462,484,460,484,4.99%,26819,12587300,0.04989154,0.048686864,457.8,443.25,452.2578314,453.3503903,48.97959184,-1.092558898,-7.484504049,12.35714286,443.25,12.72326919,468.6965384,417.8034616,1530774
ADBL,3/22/2017,493,515,485,490,1.65%,45578,22839000,0.012396694,0.012320484,466.2,445.5,458.0643189,456.0651762,60.6557377,1.999142672,-5.587774705,13.35714286,445.5,16.47486123,478.4497225,412.5502775,1576352
ADBL,3/23/2017,501,514,493,511,3.86%,42052,21317000,0.042857143,0.041964199,479.4,449.05,466.2082698,460.1344224,65.15151515,6.073847405,-3.255450283,14.42857143,449.05,21.96282745,492.9756549,405.1243451,1618404
ADBL,3/26/2017,513,562,512,562,9.98%,86224,47708800,0.099804305,0.09513226,501.6,455.2,480.9454591,467.6800208,61.29032258,13.26543832,0.048727438,17.35714286,455.2,33.29706799,521.794136,388.605864,1704628
ADBL,3/28/2017,562,606,573,595,5.87%,63335,37423649,0.058718861,0.057059556,528.4,463.25,498.4923115,477.1111303,56.92307692,21.3811812,4.31521819,19.35714286,463.25,45.22676781,553.7035356,372.7964644,1767963
ADBL,3/29/2017,595,615,550,565,-5.88%,122754,70858145,-0.050420168,-0.051735674,544.6,469.5,508.7242636,483.621417,56.25,25.10284663,8.472743877,23.07142857,469.5,50.20746432,569.9149286,369.0850714,1645209
ADBL,3/30/2017,565,577,555,574,1.59%,151987,86067068,0.015929204,0.015803665,561.4,476.5,518.7666846,490.3161268,40.96385542,28.45055776,12.46830665,23.92857143,476.5,54.56767889,585.6353578,367.3646422,1797196
ADBL,4/3/2017,478,525,487,504,5.44%,86048,43752600,-0.12195122,-0.130053128,560,480.65,516.494887,491.3297471,42.35294118,25.16513989,15.0076733,29.28571429,480.65,53.26524985,587.1804997,374.1195003,1711148
ADBL,4/4/2017,504,508,480,495,-1.79%,38622,19049500,-0.017857143,-0.018018506,546.6,483.9,513.1879813,491.6016177,41.37931034,21.58636362,16.32341136,30.57142857,483.9,51.97965189,587.8593038,379.9406962,1672526
ADBL,4/6/2017,495,495,474,482,-2.63%,42085,20121788,-0.026262626,-0.026613649,524,486.25,508.3898303,490.8903867,39.53488372,17.49944359,16.55861781,31.35714286,486.25,50.69919028,587.6483806,384.8516194,1630441
ADBL,4/9/2017,484,485,470,472,-2.07%,26361,12443900,-0.020746888,-0.020965128,505.4,487.7,502.7913949,489.4910988,35.36585366,13.30029606,15.90695346,31.85714286,487.7,49.80393136,587.3078627,388.0921373,1604080
ADBL,4/10/2017,473,485,467,471,-0.21%,24705,11622500,-0.002118644,-0.002120892,484.8,488.8,497.9004111,488.1213878,42.1686747,9.779023258,14.68136742,32.35714286,488.8,49.1427566,587.0855132,390.5144868,1579375
ADBL,4/11/2017,470,494,470,489,3.82%,29427,14275700,0.038216561,0.037504395,481.8,491.25,496.531117,488.1864702,45.67901235,8.344646864,13.41402331,33.42857143,491.25,47.78446676,586.8189335,395.6810665,1608802
ADBL,4/12/2017,492,500,480,480,-1.84%,43976,21570000,-0.018404908,-0.018576386,478.8,493,493.9878683,487.580065,43.02325581,6.407803287,12.0127793,33.85714286,493,46.62843045,586.2568609,399.7431391,1564826
ADBL,4/13/2017,475,482,468,472,-1.67%,25576,12157700,-0.016666667,-0.016807118,476.8,494.6,490.6051193,486.4259861,40.65934066,4.17913321,10.44605008,33.14285714,494.6,45.24250447,585.0850089,404.1149911,1539250
ADBL,4/16/2017,474,481,457,460,-2.54%,14433,6817340,-0.025423729,-0.025752496,474.4,495.55,485.8966394,484.4685056,38.63636364,1.428133768,8.642466822,32.64285714,495.55,44.24629036,584.0425807,407.0574193,1524817
ADBL,4/18/2017,452,460,443,450,-2.17%,26897,12146100,-0.02173913,-0.021978907,470.2,495.65,480.3740795,481.915283,52.63157895,-1.541203501,6.605732757,32.14285714,495.65,44.13528842,583.9205768,407.3794232,1497920
ADBL,4/19/2017,450,469,453,463,2.89%,15551,7173984,0.028888889,0.028479471,465,496.55,477.7011442,480.5141509,58.59375,-2.813006735,4.721984859,29.85714286,496.55,43.22216171,582.9943234,410.1056766,1513471
ADBL,4/20/2017,464,483,463,465,0.43%,32994,15564800,0.004319654,0.004310352,462,497.25,475.747122,479.3649546,63.43283582,-3.617832553,3.054021376,28.14285714,497.25,42.55383587,582.3576717,412.1423283,1546465
ADBL,4/23/2017,474,511,474,476,1.93%,42569,20441000,0.023655914,0.023380449,462.8,498,475.7860263,479.1156987,62.01550388,-3.329672353,1.77728263,26.78571429,498,42.01002387,582.0200477,413.9799523,1589034
ADBL,4/24/2017,472,474,466,469,-0.64%,23133,10859200,-0.014705882,-0.014815086,464.6,497.25,474.7420223,478.3663877,74.07407407,-3.62436539,0.696953026,25.92857143,497.25,42.40515733,582.0603147,412.4396853,1565901
ADBL,4/25/2017,465,472,464,469,0.00%,17195,8041380,0,0,468.4,496.2,473.8586342,477.6725812,74.54545455,-3.813946938,-0.205226966,20.28571429,496.2,42.85176407,581.9035281,410.4964719,1565901
ADBL,4/26/2017,470,472,465,467,-0.43%,9098,4257990,-0.004264392,-0.004273511,469.2,494,472.8034597,476.8820196,82,-4.078559866,-0.979893546,18.78571429,494,43.18016114,580.3603223,407.6396777,1556803
ADBL,4/27/2017,463,475,463,466,-0.21%,15743,7381180,-0.002141328,-0.002143624,469.4,489.2,471.7567736,476.0759441,78.0952381,-4.319170453,-1.647748928,18.14285714,489.2,40.47429334,570.1485867,408.2514133,1541060
ADBL,4/30/2017,460,470,454,459,-1.50%,18728,8571260,-0.015021459,-0.015135424,466,482.4,469.7941931,474.8110593,80.53097345,-5.016866264,-2.321572395,18.21428571,482.4,32.37835534,547.1567107,417.6432893,1522332
ADBL,5/2/2017,455,468,445,460,0.44%,22562,10244600,0.002178649,0.002176279,464.2,477.15,468.2873941,473.7139438,81.03448276,-5.42654969,-2.942567854,18.57142857,477.15,26.20420818,529.5584164,424.7415836,1544894
ADBL,5/3/2017,470,478,457,461,0.00%,13689,6359860,0.002173913,0.002171554,462.6,471.5,467.1662566,472.7721702,82.4,-5.605913632,-3.47523701,18.35714286,471.5,13.15694733,497.8138947,445.1861053,1558583
ADBL,5/4/2017,461,478,454,460,-0.22%,10579,4862370,-0.002169197,-0.002171554,461.2,469.3,466.0637556,471.8260835,66.4516129,-5.762327962,-3.9326552,18.64285714,469.3,10.92606733,491.1521347,447.4478653,1548004
ADBL,5/7/2017,461,464,453,454,-1.30%,5619,2567370,-0.013043478,-0.013129291,458.8,467.25,464.2077932,470.5056329,76.43678161,-6.297839724,-4.405692105,18.42857143,467.25,9.618376053,486.4867521,448.0132479,1542385
ADBL,5/8/2017,446,465,446,460,1.32%,16791,7593540,0.013215859,0.013129291,459,466.15,463.5604404,469.7274379,77.83783784,-6.16699749,-4.757953182,18.07142857,466.15,9.08599269,484.3219854,447.9780146,1559176
ADBL,5/9/2017,460,461,452,457,-0.65%,21081,9605186,-0.006521739,-0.006543099,458.4,465.4,462.5511419,468.7846647,65.49707602,-6.233522834,-5.053067112,17.5,465.4,9.196109017,483.792218,447.007782,1538095
ADBL,5/11/2017,465,466,461,464,1.53%,12423,5755860,0.015317287,0.015201161,459,465.05,462.7740431,468.4302451,58.43373494,-5.656201974,-5.173694085,16.78571429,465.05,9.104510161,483.2590203,446.8409797,1550518
ADBL,5/15/2017,470,471,460,465,0.21%,10542,4873560,0.002155172,0.002152853,460,463.85,463.116498,468.1761529,52.09580838,-5.059654839,-5.150886235,16.14285714,463.85,7.154498033,478.1589961,449.5410039,1561060
ADBL,5/16/2017,461,465,455,456,-1.93%,7225,3308820,-0.019354839,-0.019544596,460.4,462.65,462.0216522,467.2742156,49.71428571,-5.252563439,-5.171221676,13.57142857,462.65,6.259939465,475.1698789,450.1301211,1553835
ADBL,5/17/2017,455,460,454,455,-0.22%,4811,2194660,-0.002192982,-0.002195391,459.4,461.8,460.941398,466.3650144,51.38121547,-5.423616462,-5.221700633,13.28571429,461.8,6.074970219,473.9499404,449.6500596,1549024
ADBL,5/18/2017,455,458,450,451,-0.88%,6117,2771963,-0.008791209,-0.008830079,458.2,461.35,459.4119521,465.2268652,47.25274725,-5.814913088,-5.340343124,13.28571429,461.35,6.531502608,474.4130052,448.2869948,1542907
ADBL,5/21/2017,460,460,444,450,-0.22%,10460,4687100,-0.002217295,-0.002219757,455.4,461.35,457.9639595,464.0989493,46.23655914,-6.134989782,-5.499272456,13.92857143,461.35,6.531502608,474.4130052,448.2869948,1532447
ADBL,5/22/2017,441,450,441,447,-0.44%,3174,1418900,-0.006666667,-0.006688988,451.8,460.55,456.2771965,462.8323605,47.77777778,-6.555163947,-5.710450754,13.71428571,460.55,7.258207695,475.0664154,446.0335846,1529273
ADBL,5/23/2017,445,455,443,450,0.45%,6912,3118400,0.006711409,0.006688988,450.6,459.8,455.311474,461.8818152,41.39784946,-6.570341267,-5.882428857,13.42857143,459.8,7.543557725,474.8871155,444.7128845,1536185
ADBL,5/24/2017,450,456,448,455,1.11%,11662,5282774,0.011111111,0.011049836,450.6,458.75,455.2635549,461.3720511,36.55913978,-6.108496247,-5.927642335,12.35714286,458.75,6.568465334,471.8869307,445.6130693,1547847
ADBL,5/28/2017,454,455,445,451,-1.10%,9086,4093680,-0.008791209,-0.008830079,450.6,457.85,454.6076234,460.6037511,41.29353234,-5.996127685,-5.941339405,11.57142857,457.85,6.318519147,470.4870383,445.2129617,1538761
ADBL,5/30/2017,450,450,441,444,-1.33%,7182,3193640,-0.015521064,-0.015642777,449.4,456.6,452.9756813,459.3738436,43.45549738,-6.398162256,-6.032703975,10.57142857,456.6,6.467733679,469.5354674,443.6645326,1531579
ADBL,5/31/2017,444,455,439,450,1.35%,8727,3874255,0.013513514,0.01342302,450,455.75,452.5178842,458.6794848,30.81395349,-6.161600599,-6.0584833,10.92857143,455.75,6.137674855,468.0253497,443.4746503,1540306
ADBL,6/1/2017,455,459,444,446,-0.89%,14518,6514330,-0.008888889,-0.008928631,449.2,454.75,451.5151328,457.7402637,20,-6.225130917,-6.091812823,10.64285714,454.75,6.007670535,466.7653411,442.7346589,1525788
ADBL,6/4/2017,450,450,440,445,-0.22%,10779,4796060,-0.002242152,-0.00224467,447.2,454.05,450.5128047,456.7965405,25.17006803,-6.2837358,-6.130197419,10.71428571,454.05,6.295152688,466.6403054,441.4596946,1515009
ADBL,6/5/2017,446,450,443,443,-0.45%,12176,5438370,-0.004494382,-0.004504512,445.6,453.2,449.3569886,455.7745745,21.89349112,-6.417585941,-6.187675123,10.57142857,453.2,6.590263951,466.3805279,440.0194721,1502833
ADBL,6/6/2017,450,458,448,454,2.48%,10899,4918320,0.0248307,0.024527428,447.6,452.85,450.071298,455.6431245,21.38728324,-5.571826525,-6.064505403,10.85714286,452.85,6.335156709,465.5203134,440.1796866,1513732
ADBL,6/7/2017,463,463,450,453,-0.22%,14334,6502550,-0.002202643,-0.002205073,448.2,452.5,450.5218675,455.4473375,28.49162011,-4.925469986,-5.83669832,11.07142857,452.5,6.108665114,464.7173302,440.2826698,1499398
ADBL,6/8/2017,444,452,444,449,-0.88%,6842,3058880,-0.008830022,-0.008869238,448.8,452.25,450.2877341,454.969757,32.98429319,-4.682022896,-5.605763235,11.28571429,452.25,6.146244039,464.5424881,439.9575119,1492556
ADBL,6/11/2017,442,448,440,443,-1.11%,7886,3493480,-0.013363029,-0.013453118,448.4,451.4,449.1665442,454.0831083,35.48387097,-4.916564089,-5.467923406,11.35714286,451.4,6.193375068,463.7867501,439.0132499,1484670
ADBL,6/12/2017,445,446,434,445,0.23%,9184,4039320,0.004514673,0.004504512,448.8,450.8,448.5255374,453.4102855,36.61202186,-4.884748055,-5.351288336,11.07142857,450.8,6.20356434,463.2071287,438.3928713,1493854
ADBL,6/13/2017,438,444,435,435,-2.25%,13963,6114370,-0.02247191,-0.022728251,445,449.35,446.4446855,452.0465606,46.2962963,-5.601875115,-5.401405692,11.14285714,449.35,6.343459126,462.0369183,436.6630817,1479891
ADBL,6/14/2017,435,440,434,435,0.00%,8869,3869750,0,0,441.4,447.85,444.6839647,450.7838524,50,-6.099887768,-5.541102107,10.71428571,447.85,5.984849292,459.8196986,435.8803014,1479891
ADBL,6/15/2017,436,442,432,440,1.15%,15064,6569560,0.011494253,0.011428696,439.6,447.05,443.9633547,449.9850485,52.33160622,-6.021693832,-5.637220452,10.85714286,447.05,5.906953975,458.863908,435.236092,1494955
ADBL,6/18/2017,440,440,428,431,-2.05%,19261,8290076,-0.020454545,-0.020666637,437.2,445.85,441.9689924,448.5787487,45.23809524,-6.609756203,-5.831727602,11,445.85,6.603627392,459.0572548,432.6427452,1475694
ADBL,6/19/2017,431,431,417,427,-0.93%,21359,9040690,-0.009280742,-0.009324077,433.6,444.65,439.6660705,446.9803228,55.03355705,-7.314252292,-6.12823254,11.28571429,444.65,7.706968822,460.0639376,429.2360624,1454335
ADBL,6/20/2017,429,429,415,423,-0.94%,12740,5380470,-0.009367681,-0.009411834,431.2,443.3,437.1020597,445.2040026,61.11111111,-8.101942934,-6.522974619,11.14285714,443.3,8.980094947,461.2601899,425.3398101,1441595
ADBL,6/21/2017,417,425,417,422,-0.47%,6334,2673680,-0.002364066,-0.002366865,428.6,442.05,434.7786659,443.4851876,63.30935252,-8.706521723,-6.95968404,10.64285714,442.05,10.10718869,462.2643774,421.8356226,1435261
ADBL,6/22/2017,422,429,420,421,0.00%,16465,6949120,-0.002369668,-0.00237248,424.8,440.6,432.6588711,441.8196182,62.77372263,-9.160747022,-7.399896636,10.57142857,440.6,10.95156802,462.503136,418.696864,1418796
ADBL,6/25/2017,425,426,419,423,0.48%,10516,4451700,0.004750594,0.004739345,423.2,439,431.172891,440.4255724,82.72727273,-9.252681407,-7.77045359,10.57142857,439,11.07391435,461.1478287,416.8521713,1429312
ADBL,6/27/2017,424,425,420,423,-0.24%,11352,4795480,0,0,422.4,437.6,429.9155231,439.1347892,94.79166667,-9.219266109,-8.060216094,9.857142857,437.6,11.24558393,460.0911679,415.1088321,1429312
ADBL,6/28/2017,415,428,415,428,1.42%,10162,4287790,0.011820331,0.011751017,423.4,436.8,429.6208273,438.30999,89.53488372,-8.689162771,-8.186005429,9.857142857,436.8,11.33508758,459.4701752,414.1298248,1439474
ADBL,7/2/2017,428,430,419,428,0.00%,14946,6315360,0,0,424.6,435.7,429.3714692,437.5462871,86.76470588,-8.174817845,-8.183767913,10,435.7,11.05060132,457.8012026,413.5987974,1439474
ADBL,7/3/2017,420,430,420,423,-1.17%,7794,3311500,-0.011682243,-0.011751017,425,434.55,428.3912432,436.4687843,84.84848485,-8.077541133,-8.162522557,10.07142857,434.55,11.11885549,456.787711,412.312289,1431680
ADBL,7/4/2017,423,426,419,420,-0.71%,13712,5768670,-0.007092199,-0.007117468,424.4,433.3,427.1002827,435.2488744,82.08955224,-8.148591673,-8.15973638,9.714285714,433.3,11.28622822,455.8724564,410.7275436,1417968
ADBL,7/5/2017,422,425,419,425,1.19%,11348,4786380,0.011904762,0.011834458,424.8,432.4,426.7771623,434.4896985,61.11111111,-7.712536209,-8.070296346,9.428571429,432.4,11.18928058,454.7785612,410.0214388,1429316
ADBL,7/6/2017,430,437,425,430,2.82%,18660,7970360,0.011764706,0.01169604,425.2,431.2,427.2729835,434.1571282,65.85365854,-6.884144763,-7.833066029,9.857142857,431.2,9.971538444,451.1430769,411.2569231,1447976
ADBL,7/9/2017,437,446,430,441,0.92%,20091,8794058,0.025581395,0.025259667,427.8,430.6,429.3848322,434.6640076,65.85365854,-5.279175455,-7.322287914,10.28571429,430.6,8.893522184,448.3870444,412.8129556,1468067
ADBL,7/10/2017,440,440,430,433,-1.81%,12785,5585370,-0.01814059,-0.018307147,429.8,429.8,429.9410118,434.5407478,61.9047619,-4.599735965,-6.777777524,10.21428571,429.8,7.804182414,445.4083648,414.1916352,1455282
ADBL,7/11/2017,433,440,430,435,0.46%,9864,4318390,0.004618938,0.004608303,432.8,429.4,430.7193177,434.5747665,54.05405405,-3.855448774,-6.193311774,9.928571429,429.4,7.279386903,443.9587738,414.8412262,1465146
ADBL,7/12/2017,435,440,432,433,-0.69%,8794,3825060,-0.004597701,-0.004608303,434.4,428.8,431.0701919,434.4581171,63.04347826,-3.387925206,-5.632234461,9.5,428.8,6.362720372,441.5254407,416.0745593,1456352
ADBL,7/13/2017,436,437,430,431,0.69%,12875,5549590,-0.004618938,-0.004629638,434.6,428.6,431.0593931,434.2019603,55.76923077,-3.142567138,-5.134300996,9.428571429,428.6,6.218816946,441.0376339,416.1623661,1443477
ADBL,7/16/2017,432,435,430,433,-0.46%,4465,1927020,0.004640371,0.004629638,433,428.5,431.357948,434.1129262,49.05660377,-2.754978142,-4.658436425,9.142857143,428.5,6.125872655,440.7517453,416.2482547,1447942
ADBL,7/17/2017,433,448,433,447,3.46%,16129,7096070,0.032332564,0.031820867,435.8,428.85,433.7644176,435.0675243,41.17647059,-1.303106671,-3.987370474,9.714285714,428.85,6.960603422,442.7712068,414.9287932,1464071
ADBL,7/18/2017,449,472,449,472,5.36%,27796,12739700,0.055928412,0.054420391,443.2,430.9,439.6468149,437.8032632,42,1.84355168,-2.821186044,11.14285714,430.9,11.90709651,454.714193,407.085807,1491867
ADBL,7/19/2017,470,470,460,460,-2.54%,21239,9884870,-0.025423729,-0.025752496,448.6,432.55,442.7780741,439.4474659,39.62264151,3.330608204,-1.590827194,11.07142857,432.55,13.51597495,459.5819499,405.5180501,1470628
ADBL,7/20/2017,460,465,454,463,0.22%,10954,5040010,0.006521739,0.006500565,455,434.55,445.8891396,441.1920981,44.82758621,4.697041569,-0.333253441,11.07142857,434.55,14.91546354,464.3809271,404.7190729,1481582
ADBL,7/23/2017,465,465,455,459,-0.43%,16709,7668930,-0.008639309,-0.008676844,460.2,436.4,447.9061951,442.5112019,50,5.394993162,0.812395879,11.07142857,436.4,15.55770244,467.5154049,405.2845951,1464873
ADBL,7/24/2017,460,460,454,455,-0.87%,13393,6112030,-0.008714597,-0.008752791,461.8,438.1,448.9975497,443.4362981,57.35294118,5.561251611,1.762167026,11,438.1,15.64373088,469.3874618,406.8125382,1451480
ADBL,7/25/2017,455,461,454,458,0.66%,16138,7380110,0.006593407,0.006571765,459,439.85,450.382542,444.5150908,58.20895522,5.867451231,2.583223867,11.07142857,439.85,15.82228608,471.4945722,408.2054278,1467618
ADBL,7/26/2017,449,460,448,450,-1.75%,22953,10401100,-0.017467249,-0.017621601,457,441.2,450.3236894,444.9213804,59.42028986,5.40230904,3.147040901,11.07142857,441.2,15.45656052,472.113121,410.286879,1444665
ADBL,7/27/2017,450,460,450,460,2.22%,11335,5133610,0.022222222,0.021978907,456.4,442.8,451.8123526,446.0383152,62.66666667,5.774037419,3.672440205,10.64285714,442.8,15.67297372,474.1459474,411.4540526,1456000
ADBL,7/30/2017,454,461,445,451,-1.96%,9537,4331120,-0.019565217,-0.01975915,454.8,443.95,451.6873753,446.4058474,61.03896104,5.281527889,3.994257742,11,443.95,15.37076857,474.6915371,413.2084629,1446463
ADBL,7/31/2017,450,459,450,454,0.44%,12315,5598250,0.006651885,0.006629859,454.6,445.5,452.0431637,446.9683772,58.75,5.074786485,4.21036349,10.92857143,445.5,14.69514778,474.8902956,416.1097044,1458778
ADBL,8/1/2017,451,469,450,454,0.22%,9280,4235330,0,0,453.8,447.2,452.3442154,447.4892381,50.74626866,4.854977278,4.339286248,11.71428571,447.2,13.50867168,474.2173434,420.1826566,1458778
ADBL,8/2/2017,455,456,453,454,0.00%,12168,5532200,0,0,454.6,448.65,452.5989515,447.9715168,64.61538462,4.62743471,4.39691594,11.42857143,448.65,12.52061458,473.6912292,423.6087708,1458778
ADBL,8/3/2017,454,459,450,453,-0.22%,14097,6379143,-0.002202643,-0.002205073,453.2,449.8,452.6606513,448.343997,70.76923077,4.316654241,4.380863601,11.71428571,449.8,11.750028,473.300056,426.299944,1444681
ADBL,8/6/2017,450,456,450,454,0.22%,18930,8598440,0.002207506,0.002205073,453.8,450.45,452.8667049,448.7629602,65.71428571,4.103744708,4.325439822,11.07142857,450.45,11.59616543,473.6423309,427.2576691,1463611
ADBL,8/7/2017,463,463,452,453,-0.22%,11926,5419900,-0.002202643,-0.002205073,453.6,451.45,452.8872119,449.076815,66.1971831,3.810396843,4.222431226,10.07142857,451.45,10.85053964,473.1510793,429.7489207,1451685
ADBL,8/9/2017,444,460,444,450,-0.66%,17516,7934360,-0.006622517,-0.006644543,452.8,452.2,452.4430254,449.1451991,73.84615385,3.29782633,4.037510247,10.35714286,452.2,10.14941015,472.4988203,431.9011797,1434169
ADBL,8/10/2017,450,454,443,448,0.00%,21245,9497820,-0.004444444,-0.00445435,451.6,452.95,451.7594831,449.0603695,66.15384615,2.699113519,3.769830901,10.35714286,452.95,9.162136041,471.2742721,434.6257279,1412924
ADBL,8/13/2017,445,449,440,445,-1.11%,14415,6423460,-0.006696429,-0.00671895,450,453.65,450.7195626,448.7596014,35.51401869,1.959961163,3.407856954,10.28571429,453.65,7.835647288,469.3212946,437.9787054,1398509
ADBL,8/15/2017,445,446,441,441,-0.90%,15104,6699560,-0.008988764,-0.009029407,447.4,454.05,449.2242453,448.1848161,32.35294118,1.039429133,2.93417139,10.21428571,454.05,6.870800153,467.7916003,440.3083997,1383405
ADBL,8/16/2017,442,448,442,444,0.68%,11304,5021860,0.006802721,0.006779687,445.6,453.9,448.4205152,447.8748297,33.33333333,0.545685473,2.456474206,10.21428571,453.9,7.062875514,468.025751,439.774249,1394709
ADBL,8/17/2017,449,449,438,443,-0.23%,23326,10279600,-0.002252252,-0.002254792,444.2,452.45,447.5865898,447.5137312,28.42105263,0.072858554,1.979751076,10.14285714,452.45,6.056531924,464.5630638,440.3369362,1371383
ADBL,8/20/2017,435,444,435,440,-0.68%,16054,7075870,-0.006772009,-0.006795043,442.6,451.45,446.4194221,446.9571586,23.59550562,-0.537736423,1.476253576,10.07142857,451.45,6.386457712,464.2229154,438.6770846,1355329
ADBL,8/21/2017,440,442,432,438,-0.45%,5674,2474780,-0.004545455,-0.004555817,441.2,450.2,445.1241264,446.2936653,31.1827957,-1.16953891,0.947095079,9.642857143,450.2,6.453069445,463.1061389,437.2938611,1349655
ADBL,8/22/2017,436,442,436,441,0.68%,12396,5447830,0.006849315,0.006825965,441.2,449.3,444.4896454,445.901542,31.86813187,-1.41189654,0.475296755,9.428571429,449.3,6.416262234,462.1325245,436.4674755,1362051
ADBL,8/23/2017,440,442,438,441,0.00%,7718,3396670,0,0,440.6,448.6,443.9527769,445.5384648,30,-1.585687885,0.063099827,8.357142857,448.6,6.52444795,461.6488959,435.5511041,1362051
ADBL,8/24/2017,441,453,434,443,0.45%,11438,5093781,0.004535147,0.004524895,440.6,447.85,443.8061958,445.3504304,24.09638554,-1.544234519,-0.258367042,9.5,447.85,6.243101456,460.3362029,435.3637971,1373489
ADBL,8/27/2017,443,451,443,446,0.68%,3889,1732805,0.006772009,0.006749182,441.8,447.65,444.1437042,445.3985466,18.60465116,-1.254842457,-0.457662125,9.428571429,447.65,6.234665398,460.1193308,435.1806692,1377378
ADBL,8/28/2017,444,452,444,446,0.00%,7897,3519690,0,0,443.4,446.95,444.4292882,445.4430987,21.51898734,-1.013810585,-0.568891817,9.571428571,446.95,5.520059115,457.9901182,435.9098818,1377378
ADBL,8/30/2017,440,443,435,438,-1.79%,14820,6508340,-0.01793722,-0.018100042,442.8,446.3,443.4401669,444.8917581,20,-1.451591192,-0.745431692,9.571428571,446.3,5.777451633,457.8549033,434.7450967,1362558
ADBL,8/31/2017,438,438,432,437,-0.23%,15528,6769346,-0.002283105,-0.002285715,442,445.45,442.449372,444.3071834,18.75,-1.857811426,-0.967907639,8.857142857,445.45,5.835237784,457.1204756,433.7795244,1347030
ADBL,9/4/2017,437,439,426,430,-1.60%,33009,14133500,-0.016018307,-0.016147986,439.4,444.25,440.534084,443.2473921,24.05063291,-2.71330806,-1.316987723,9,444.25,6.422616289,457.0952326,431.4047674,1314021
ADBL,9/6/2017,430,440,425,438,1.86%,11603,4994220,0.018604651,0.018433702,437.8,443.45,440.1442249,442.8586963,61.76470588,-2.714471428,-1.596484464,9.428571429,443.45,6.13424383,455.7184877,431.1815123,1325624
ADBL,9/7/2017,435,438,426,428,-2.28%,34082,14711400,-0.02283105,-0.023095715,434.2,442.2,438.2758826,441.7580522,62.85714286,-3.482169549,-1.973621481,9.928571429,442.2,6.614179346,455.4283587,428.9716413,1291542
ADBL,9/10/2017,425,431,423,426,-0.70%,37704,16076700,-0.004672897,-0.004683849,431.8,440.8,436.3872853,440.590789,61.76470588,-4.203503752,-2.419597935,10,440.8,6.940347329,454.6806947,426.9193053,1253838
ADBL,9/11/2017,425,430,420,424,-0.24%,17950,7592940,-0.004694836,-0.004705891,429.2,439.35,434.4815491,439.3618417,64.86486486,-4.880292614,-2.911736871,9.928571429,439.35,7.278483069,453.9069661,424.7930339,1235888
ADBL,9/12/2017,423,426,420,421,-0.71%,27903,11782800,-0.007075472,-0.007100622,427.4,437.9,432.4074646,438.0017053,61.53846154,-5.594240668,-3.44823763,9.714285714,437.9,7.906692701,453.7133854,422.0866146,1207985
ADBL,9/13/2017,420,423,418,420,-0.24%,32249,13538900,-0.002375297,-0.002378122,423.8,436.5,430.4986239,436.6682456,50,-6.169621727,-3.99251445,9.357142857,436.5,8.482179462,453.4643589,419.5356411,1175736
ADBL,9/14/2017,420,447,419,447,6.43%,42524,18361200,0.064285714,0.062303883,427.6,436.6,433.0372972,437.4335608,53.33333333,-4.396263621,-4.073264284,10.92857143,436.6,8.598653505,453.797307,419.402693,1218260
ADBL,9/17/2017,448,459,438,447,0.00%,49764,22001400,0,0,431.8,436.9,435.1854053,438.1421859,47.05882353,-2.956780618,-3.849967551,12.14285714,436.9,8.86091358,454.6218272,419.1781728,1218260
ADBL,9/18/2017,450,452,443,443,-0.89%,33400,14877400,-0.008948546,-0.008988825,435.6,436.85,436.3876506,438.502024,51.35135135,-2.114373359,-3.502848712,11.42857143,436.85,8.821474993,454.49295,419.20705,1184860
ADBL,9/20/2017,441,443,435,440,-0.90%,10450,4599400,-0.006772009,-0.006795043,439.4,436.7,436.9433967,438.6129852,55.88235294,-1.669588487,-3.136196667,11.42857143,436.7,8.736493335,454.1729867,419.2270133,1174410
ADBL,9/24/2017,440,443,439,441,0.46%,3718,1638800,0.002272727,0.002270149,443.6,436.75,437.5674895,438.7898011,60.52631579,-1.222311582,-2.75341965,11.14285714,436.75,8.759205684,454.2684114,419.2315886,1178128
ADBL,9/25/2017,441,448,440,448,1.59%,2882,1272840,0.015873016,0.015748357,443.8,437.25,439.1724911,439.472038,52.27272727,-0.299546924,-2.262645105,10.92857143,437.25,9.112599721,455.4751994,419.0248006,1181010
ADBL,9/26/2017,446,449,443,445,0.00%,5132,2286880,-0.006696429,-0.00671895,443.4,437.45,440.0690309,439.8815167,48.93617021,0.187514241,-1.772613236,10.92857143,437.45,9.242208667,455.9344173,418.9655827,1175878
ADBL,10/3/2017,446,453,446,453,1.12%,3164,1415630,0.017977528,0.017817843,445.4,438.05,442.0584108,440.8532562,44.18604651,1.205154592,-1.17705967,10.57142857,438.05,9.854066753,457.7581335,418.3418665,1179042
ADBL,10/4/2017,450,450,437,440,-2.87%,6475,2854120,-0.028697572,-0.029117399,445.4,437.9,441.7417322,440.790052,39.53488372,0.951680171,-0.751311702,10.64285714,437.9,9.797421788,457.4948436,418.3051564,1172567
ADBL,10/8/2017,432,432,420,431,-1.82%,15759,6712530,-0.020454545,-0.020666637,443.4,437.15,440.089158,440.064863,38.0952381,0.024295024,-0.596190357,11.21428571,437.15,9.718538985,456.587078,417.712922,1156808
ADBL,10/9/2017,433,433,425,429,-0.23%,17649,7561100,-0.004640371,-0.004651171,439.6,436.3,438.3831337,439.2452435,36.36363636,-0.862109806,-0.649374247,11.21428571,436.3,9.64692479,455.5938496,417.0061504,1139159
ADBL,10/10/2017,427,438,423,427,-0.93%,19003,8118040,-0.004662005,-0.004672906,436,435.75,436.6318824,438.3381884,31.70731707,-1.706306071,-0.860760611,11.57142857,435.75,9.856202963,455.4624059,416.0375941,1120156
ADBL,10/11/2017,427,431,425,428,0.23%,11993,5132940,0.00234192,0.002339182,431,435.3,435.3039005,437.5723967,32.5,-2.268496238,-1.142307737,11.57142857,435.3,10.0005263,455.3010526,415.2989474,1132149
ADBL,10/12/2017,428,435,428,430,0.47%,4974,2143240,0.004672897,0.004662013,429,435.3,434.4879158,437.0114784,30.23255814,-2.523562651,-1.41855872,11.71428571,435.3,10.0005263,455.3010526,415.2989474,1137123
ADBL,10/15/2017,432,433,427,433,0.93%,5553,2393190,0.006976744,0.006952519,429.4,435.05,434.2590057,436.7143319,33.33333333,-2.455326221,-1.62591222,10.14285714,435.05,9.991970461,455.0339409,415.0660591,1142676
ADBL,10/16/2017,435,451,434,442,2.08%,18696,8294490,0.020785219,0.020572154,432,435.75,435.4499279,437.1058629,43.18181818,-1.655934987,-1.631916773,9.928571429,435.75,9.962429423,455.6748588,415.8251412,1161372
ADBL,10/17/2017,440,450,436,449,1.58%,12124,5388920,0.015837104,0.015713006,436.4,436.9,437.5345544,437.9869101,37.5,-0.452355701,-1.396004559,10.28571429,436.9,10.10419402,457.108388,416.691612,1173496
ADBL,10/18/2017,446,450,438,444,-1.11%,12688,5628710,-0.011135857,-0.011198325,439.6,437.9,438.5292383,438.4323241,40.54054054,0.096914175,-1.097420812,10.57142857,437.9,9.743553874,457.3871077,418.4128923,1160808
ADBL,10/22/2017,436,458,436,450,1.35%,11183,5051660,0.013513514,0.01342302,443.6,439.35,440.2939709,439.289189,37.14285714,1.004781865,-0.676980277,11.85714286,439.35,9.241069658,457.8321393,420.8678607,1171991
ADBL,10/23/2017,450,455,445,449,-0.22%,12644,5695162,-0.002222222,-0.002224695,446.8,440.8,441.63336,440.0085083,50,1.624851629,-0.216613896,12,440.8,8.269156388,457.3383128,424.2616872,1159347
ADBL,10/24/2017,449,452,445,448,-0.22%,9549,4278475,-0.002227171,-0.002229655,448,440.85,442.612843,440.6004707,56,2.012372366,0.229183357,12.07142857,440.85,8.311532888,457.4730658,424.2269342,1149798
ADBL,10/25/2017,444,451,444,449,0.22%,17137,7675860,0.002232143,0.002229655,448,440.95,443.5954826,441.222658,53.84615385,2.37282454,0.657911593,12,440.95,8.400971122,457.7519422,424.1480578,1166935
ADBL,10/29/2017,441,447,440,442,-1.56%,7203,3185820,-0.0155902,-0.015713006,447.6,440.9,443.3500237,441.2802389,60,2.069784796,0.940286234,11.5,440.9,8.39109804,457.6821961,424.1178039,1159732
ADBL,10/30/2017,441,443,437,437,-1.13%,13723,6029800,-0.011312217,-0.011376687,445,440.75,442.373097,440.9631842,58.33333333,1.409912805,1.034211548,10.5,440.75,8.434733952,457.6194679,423.8805321,1146009
ADBL,10/31/2017,433,440,433,437,0.00%,8889,3866220,0,0,442.6,440.55,441.5464667,440.669615,60.86956522,0.876851698,1.002739578,10.42857143,440.55,8.475816992,457.501634,423.598366,1146009
ADBL,11/1/2017,429,437,429,434,-0.69%,6291,2725030,-0.006864989,-0.006888661,439.8,439.85,440.3854718,440.1755694,56.52173913,0.209902377,0.844172138,9.928571429,439.85,8.40598158,456.6619632,423.0380368,1139718
ADBL,11/2/2017,434,442,430,440,1.38%,8331,3632380,0.013824885,0.013730193,438,439.6,440.3261685,440.1625643,56.52173913,0.163604165,0.708058543,10.35714286,439.6,8.318653737,456.2373075,422.9626925,1148049
ADBL,11/5/2017,440,440,424,430,-2.27%,16936,7255080,-0.022727273,-0.022989518,435.6,438.45,438.7375272,439.4097818,68.42105263,-0.672254596,0.431995916,11,438.45,7.950339284,454.3506786,422.5493214,1131113
ADBL,11/6/2017,430,430,420,429,-0.23%,29796,12642926,-0.002325581,-0.00232829,434,437.9,437.2394461,438.6386868,66.66666667,-1.399240752,0.065748582,11.28571429,437.9,8.213595917,454.3271918,421.4728082,1101317
ADBL,11/7/2017,436,436,420,422,-1.63%,26141,11088700,-0.016317016,-0.016451605,431,437.45,434.8949159,437.4061915,64.70588235,-2.511275595,-0.449656253,11.14285714,437.45,8.834591105,455.1191822,419.7808178,1075176
ADBL,11/8/2017,414,422,414,416,-1.42%,17305,7217970,-0.014218009,-0.014320054,427.4,436.8,431.9880058,435.8205477,50,-3.832541919,-1.126233386,10.71428571,436.8,9.902684378,456.6053688,416.9946312,1057871
ADBL,11/9/2017,416,427,412,415,-0.24%,9434,3918030,-0.002403846,-0.00240674,422.4,436.2,429.3744664,434.2782849,50,-4.903818475,-1.881750404,10.92857143,436.2,10.84629454,457.8925891,414.5074109,1048437
ADBL,11/12/2017,415,425,415,423,1.93%,9098,3815462,0.019277108,0.019093659,421,435.95,428.3937793,433.4428564,54.16666667,-5.049077105,-2.515215744,10.07142857,435.95,11.09990517,458.1498103,413.7501897,1057535
ADBL,11/13/2017,426,428,420,428,1.18%,14684,6245010,0.011820331,0.011751017,420.8,435.85,428.3331978,433.0396818,41.37931034,-4.706483985,-2.953469392,9.928571429,435.85,11.16514784,458.1802957,413.5197043,1072219
ADBL,11/14/2017,430,434,424,432,0.93%,14580,6256960,0.009345794,0.009302393,422.8,435.8,428.8973213,432.9626684,46.66666667,-4.065347107,-3.175844935,10.14285714,435.8,11.18081063,458.1616213,413.4383787,1086799
ADBL,11/15/2017,430,432,426,428,-0.93%,3596,1544400,-0.009259259,-0.009302393,425.2,435.1,428.7592718,432.5950633,43.75,-3.835791467,-3.307834242,10.07142857,435.1,11.21042748,457.520855,412.679145,1083203
ADBL,11/16/2017,435,435,420,420,-1.87%,13740,5797380,-0.018691589,-0.018868484,426.2,433.65,427.4116915,431.6620956,53.84615385,-4.250404096,-3.496348213,10.5,433.65,11.19339561,456.0367912,411.2632088,1069463
ADBL,11/19/2017,420,422,412,420,0.00%,13373,5575148,0,0,425.6,432.45,426.2714313,430.7982367,48.71794872,-4.526805398,-3.70243965,10.78571429,432.45,11.31126593,455.0725319,409.8274681,1069463
ADBL,11/20/2017,418,422,418,421,0.24%,4579,1923520,0.002380952,0.002378122,424.2,431,425.4604419,430.0724414,47.5,-4.611999518,-3.884351623,10.57142857,431,10.78985879,452.5797176,409.4202824,1074042
ADBL,11/21/2017,421,425,421,423,0.48%,4762,2015100,0.004750594,0.004739345,422.4,429.7,425.0819124,429.5485568,48.71794872,-4.46664449,-4.000810197,10.28571429,429.7,10.04778059,449.7955612,409.6044388,1078804
ADBL,11/22/2017,423,429,421,425,0.47%,5998,2539740,0.004728132,0.00471699,421.8,428.55,425.0693105,429.2116267,51.28205128,-4.142316254,-4.029111408,10,428.55,9.116064479,446.782129,410.317871,1084802
ADBL,11/23/2017,425,430,425,425,0.00%,7260,3103718,0,0,422.8,427.35,425.0586473,428.8996544,40.81632653,-3.841007053,-3.991490537,9.214285714,427.35,7.761409259,442.8728185,411.8271815,1084802
ADBL,11/26/2017,425,441,425,432,1.65%,10953,4710293,0.016470588,0.016336419,425.2,426.85,426.1265477,429.1293096,45.28301887,-3.002761871,-3.793744804,9.642857143,426.85,7.058216563,440.9664331,412.7335669,1095755
ADBL,11/27/2017,435,435,430,430,-0.46%,6918,2983040,-0.00462963,-0.00464038,427,426.5,426.7224635,429.1938052,51.66666667,-2.471341722,-3.529264187,8.857142857,426.5,6.692493831,439.8849877,413.1150123,1088837
ADBL,11/28/2017,430,432,425,431,0.23%,12551,5401050,0.002325581,0.002322881,428.6,426.2,427.380546,429.3275974,51.66666667,-1.947051386,-3.212821627,8.785714286,426.2,6.321225731,438.8424515,413.5575485,1101388
ADBL,11/29/2017,430,439,430,436,1.16%,19013,8283530,0.011600928,0.011534153,430.8,426.3,428.7066158,429.8218494,50,-1.115233585,-2.793304019,8.357142857,426.3,6.46529195,439.2305839,413.3694161,1120401
ADBL,11/30/2017,436,438,431,437,0.23%,10518,4566990,0.002293578,0.002290952,433.2,426.15,429.9825211,430.3535643,44.06779661,-0.371043188,-2.308851853,8.142857143,426.15,6.158220864,438.4664417,413.8335583,1130919
ADBL,12/4/2017,437,437,430,435,-0.46%,10306,4465820,-0.004576659,-0.004587164,433.8,426.4,430.7544409,430.6977447,49.05660377,0.056696219,-1.835742238,8.071428571,426.4,6.418722614,439.2374452,413.5625548,1120613
ADBL,12/5/2017,442,442,430,431,-0.92%,6588,2837520,-0.009195402,-0.009237941,434,426.5,430.7922193,430.720134,47.05882353,0.072085257,-1.454176739,8.214285714,426.5,6.476678811,439.4533576,413.5466424,1114025
ADBL,12/6/2017,426,437,426,435,0.93%,9725,4204610,0.009280742,0.009237941,434.8,427.15,431.4395701,431.0371611,46.15384615,0.40240903,-1.082859585,8.571428571,427.15,6.651276094,440.4525522,413.8474478,1123750
ADBL,12/10/2017,443,451,428,430,-1.15%,11646,5072150,-0.011494253,-0.011560822,433.6,427.85,431.2180978,430.9603344,34.04255319,0.25776345,-0.814734978,9.142857143,427.85,6.132527598,440.1150552,415.5849448,1112104
ADBL,12/11/2017,429,433,424,431,0.23%,12873,5506810,0.002325581,0.002322881,432.4,428.65,431.1845443,430.9632726,34.7826087,0.221271745,-0.607533634,9.071428571,428.65,5.363374821,439.3767496,417.9232504,1124977
ADBL,12/12/2017,431,431,426,427,-0.93%,15642,6693620,-0.009280742,-0.009324077,430.8,428.85,430.5407683,430.6696968,39.13043478,-0.128928556,-0.511812618,9.142857143,428.85,5.214100316,439.2782006,418.4217994,1109335
ADBL,12/13/2017,425,431,421,428,0.23%,4262,1812380,0.00234192,0.002339182,430.2,428.85,430.1498808,430.4719415,47.16981132,-0.32206066,-0.473862226,9.571428571,428.85,5.214100316,439.2782006,418.4217994,1113597
ADBL,12/14/2017,433,433,425,425,-0.70%,3701,1577650,-0.007009346,-0.007034027,428.2,428.5,429.3575915,430.0666125,42.85714286,-0.709021019,-0.520893985,9.571428571,428.5,5.226450944,438.9529019,418.0470981,1109896
ADBL,12/17/2017,430,430,423,423,-0.47%,6121,2599500,-0.004705882,-0.00471699,426.8,428.25,428.3795005,429.5431597,47.05882353,-1.163659238,-0.649447036,9.714285714,428.25,5.36925948,438.988519,417.511481,1103775
ADBL,12/18/2017,422,426,422,425,0.71%,4333,1839010,0.004728132,0.00471699,425.6,428.5,427.8595773,429.2066294,42.55319149,-1.347052039,-0.788968036,8.857142857,428.5,5.073149131,438.6462983,418.3537017,1108108
ADBL,12/19/2017,424,426,421,424,-0.47%,8052,3410220,-0.002352941,-0.002355714,425,428.7,427.2657962,428.8209531,26.31578947,-1.555156916,-0.942205812,8.857142857,428.7,4.791439735,438.2828795,419.1171205,1100056
ADBL,12/20/2017,421,426,419,423,-0.47%,3192,1350380,-0.002358491,-0.002361276,424,428.8,426.6095199,428.3897714,32.35294118,-1.780251542,-1.109814958,8.857142857,428.8,4.640780334,438.0815607,419.5184393,1096864
ADBL,12/21/2017,417,423,417,420,-0.47%,7557,3178270,-0.007092199,-0.007117468,423,428.65,425.5926707,427.7683069,33.33333333,-2.175636203,-1.322979207,8.642857143,428.65,4.880411976,438.410824,418.889176,1089307
ADBL,12/24/2017,420,428,420,421,0.24%,7917,3341180,0.002380952,0.002378122,422.6,428.45,424.8861059,427.2669508,34.375,-2.380844856,-1.534552337,8.714285714,428.45,5.114221657,438.6784433,418.2215567,1097224
ADBL,12/26/2017,426,426,411,420,-0.24%,7244,3040980,-0.002375297,-0.002378122,421.6,428.2,424.1343973,426.7286581,33.33333333,-2.59426081,-1.746494031,9.285714286,428.2,5.405650066,439.0113001,417.3886999,1089980
ADBL,12/27/2017,413,418,408,415,-1.19%,11368,4701950,-0.011904762,-0.011976191,419.8,427.35,422.7291054,425.8598686,37.14285714,-3.130763215,-2.023347868,9.285714286,427.35,6.072153871,439.4943077,415.2056923,1078612
ADBL,12/28/2017,408,417,400,410,-1.20%,9917,4064960,-0.012048193,-0.012121361,417.2,426.35,420.7707815,424.6850636,37.14285714,-3.914282043,-2.401534703,9.714285714,426.35,7.161850687,440.6737014,412.0262986,1068695
ADBL,12/31/2017,409,409,400,402,-1.95%,27546,11089100,-0.019512195,-0.019705071,413.6,424.9,417.882969,423.0046885,42.42424242,-5.121719505,-2.945571664,8.785714286,424.9,8.896480676,442.6929614,407.1070386,1041149
ADBL,1/1/2018,410,414,405,414,2.99%,6665,2726960,0.029850746,0.029413885,412.2,423.8,417.2855891,422.3376745,43.75,-5.052085387,-3.366874408,9,423.8,8.811475771,441.4229515,406.1770485,1047814
ADBL,1/2/2018,422,430,416,425,2.66%,55870,23639600,0.026570048,0.026223195,413.2,423.2,418.4724216,422.5348838,41.93548387,-4.062462241,-3.505991975,9.785714286,423.2,8.256416962,439.7128339,406.6871661,1103684
ADBL,1/3/2018,419,428,419,422,-0.71%,15373,6515990,-0.007058824,-0.007083855,414.6,422.55,419.0151259,422.4952628,28,-3.480136844,-3.500820949,9.714285714,422.55,7.776313563,438.1026271,406.9973729,1088311
ADBL,1/4/2018,420,421,416,421,-0.24%,5788,2425840,-0.002369668,-0.00237248,416.8,422.05,419.3204912,422.3845026,29.16666667,-3.064011399,-3.413459039,9.571428571,422.05,7.521722927,437.0934459,407.0065541,1082523
ADBL,1/7/2018,418,429,416,423,0.48%,18051,7598570,0.004750594,0.004739345,421,421.45,419.8865695,422.430095,40,-2.543525521,-3.239472335,10,421.45,6.886103474,435.2222069,407.6777931,1100574
ADBL,1/8/2018,424,430,420,425,0.47%,8389,3558020,0.004728132,0.00471699,423.2,421.2,420.6732511,422.6204583,35,-1.947207235,-2.981019315,10.42857143,421.2,6.64593267,434.4918653,407.9081347,1108963
ADBL,1/9/2018,425,427,422,425,0.00%,7302,3105363,0,0,423.2,420.9,421.3389048,422.7967207,30.43478261,-1.457815902,-2.676378632,10.42857143,420.9,6.307055364,433.5141107,408.2858893,1108963
ADBL,1/10/2018,421,427,421,418,0.00%,7277,3089550,-0.016470588,-0.016607736,422.4,420.45,420.8252271,422.441408,36,-1.616180916,-2.464339089,10.35714286,420.45,6.168468205,432.7869364,408.1130636,1101686
ADBL,1/14/2018,427,427,417,420,-1.18%,10523,4415230,0.004784689,0.004773279,422.2,420.05,420.6982691,422.260563,37.5,-1.562293894,-2.28393005,10.64285714,420.05,5.906953975,431.863908,408.236092,1112209
ADBL,1/16/2018,421,421,415,417,-0.71%,4270,1778360,-0.007142857,-0.007168489,421,419.65,420.1293046,421.8708917,33.33333333,-1.741587038,-2.175461448,10.5,419.65,5.824404194,431.2988084,408.0011916,1107939
ADBL,1/17/2018,412,417,409,413,-0.96%,6401,2647100,-0.009592326,-0.009638629,418.6,419.15,419.0324885,421.2137886,48.48484848,-2.181300047,-2.176629168,10,419.15,5.949568759,431.0491375,407.2508625,1101538
ADBL,1/21/2018,415,420,413,419,1.45%,21733,9065800,0.014527845,0.014423327,417.4,418.85,419.0274903,421.0498042,43.75,-2.022313943,-2.145766123,9.642857143,418.85,5.788145781,430.4262916,407.2737084,1123271
ADBL,1/22/2018,420,422,418,420,0.24%,18056,7571320,0.002386635,0.002383791,417.8,418.65,419.1771072,420.972041,53.33333333,-1.794933788,-2.075599656,8.714285714,418.65,5.668704484,429.987409,407.312591,1141327
ADBL,1/23/2018,421,421,415,416,-0.95%,15725,6564120,-0.00952381,-0.009569451,417,418.3,418.6883214,420.6037416,54.83870968,-1.915420176,-2.04356376,8.428571429,418.3,5.601691474,429.5033829,407.0966171,1125602
ADBL,1/24/2018,412,420,412,419,0.72%,14131,5896930,0.007211538,0.00718566,417.4,418.25,418.736272,420.4849459,57.57575758,-1.748673954,-1.984585798,8.142857143,418.25,5.590169944,429.4303399,407.0696601,1139733
ADBL,1/25/2018,418,420,417,420,0.24%,13110,5476670,0.002386635,0.002383791,418.8,418.2,418.9306917,420.449024,48.64864865,-1.518332338,-1.891335106,7.214285714,418.2,5.568709574,429.3374191,407.0625809,1152843
ADBL,1/28/2018,420,423,415,416,-1.19%,49337,20640200,-0.00952381,-0.009569451,418.2,418,418.479816,420.1194667,43.58974359,-1.639650647,-1.840998215,7.142857143,418,5.572488814,429.1449776,406.8550224,1103506
ADBL,1/29/2018,346,347,340,341,-1.73%,8266,2828720,-0.180288462,-0.198802783,402.4,414.3,406.5598443,414.2587655,44.73684211,-7.69892111,-3.012582794,12.14285714,414.3,18.11687204,450.5337441,378.0662559,1095240
ADBL,1/31/2018,344,344,340,344,1.18%,4790,1636890,0.008797654,0.00875918,388,411,396.9352529,409.0544125,62.5,-12.11915955,-4.833898145,11.5,411,23.99780692,458.9956138,363.0043862,1100030
ADBL,2/1/2018,344,345,343,344,0.00%,6191,2133740,0,0,373,408.1,388.7913678,404.2355671,64.9122807,-15.44419925,-6.955958365,10.92857143,408.1,28.26733283,464.6346657,351.5653343,1100030
ADBL,2/4/2018,345,350,342,350,1.74%,8959,3116420,0.01744186,0.017291497,359,404.9,382.8234651,400.2181177,64.9122807,-17.39465258,-9.043697208,11.14285714,404.9,31.04987499,466.99975,342.80025,1108989
ADBL,2/5/2018,350,350,342,342,-2.29%,8109,2793340,-0.022857143,-0.023122417,344.2,400.75,376.542932,395.9056645,63.63636364,-19.36273251,-11.10750427,11.28571429,400.75,33.65908808,468.0681762,333.4318238,1100880
ADBL,2/6/2018,344,347,340,347,1.46%,5214,1780330,0.014619883,0.014514043,345.4,397,371.9978655,392.2830227,69.35483871,-20.28515716,-12.94303485,11.07142857,397,35.30468882,467.6093776,326.3906224,1106094
ADBL,2/7/2018,345,346,341,342,-1.44%,5012,1715420,-0.014409222,-0.014514043,345,393.05,367.3828093,388.5583544,75.40983607,-21.17554504,-14.58953689,11.07142857,393.05,36.86315376,466.7763075,319.3236925,1101082
ADBL,2/8/2018,336,345,336,342,0.00%,3523,1208070,0,0,344.6,389,363.4777617,385.1095874,72.22222222,-21.63182564,-15.99799464,11.14285714,389,37.83621212,464.6724242,313.3275758,1101082
ADBL,2/11/2018,342,343,341,342,0.00%,1760,601865,0,0,343,384.85,360.1734907,381.9162846,74.07407407,-21.74279391,-17.14695449,10.78571429,384.85,38.22960413,461.3092083,308.3907917,1101082
ADBL,2/12/2018,342,342,340,340,-0.58%,3785,1289920,-0.005847953,-0.005865119,342.6,380.6,357.0698767,378.8113746,70.37037037,-21.74149789,-18.06586317,10.64285714,380.6,38.25592489,457.1118498,304.0881502,1097297
ADBL,2/14/2018,342,342,335,340,0.00%,4167,1408440,0,0,341.2,376.7,354.4437419,375.936458,70.37037037,-21.49271613,-18.75123376,10.71428571,376.7,38.21834776,453.1366955,300.2633045,1097297
ADBL,2/15/2018,341,350,341,350,2.94%,7548,2607160,0.029411765,0.028987537,342.8,373.2,353.7600893,374.0152389,67.9245283,-20.25514962,-19.05201693,10.85714286,373.2,37.23693695,447.6738739,298.7261261,1104845
ADBL,2/18/2018,350,359,348,350,0.00%,11904,4191852,0,0,344.4,369.85,353.181614,372.2363323,72,-19.0547183,-19.05255721,11.42857143,369.85,36.08509679,442.0201936,297.6798064,1104845
ADBL,2/20/2018,350,351,340,343,-2.86%,6728,2317040,-0.02,-0.020202707,344.6,366.35,351.6152118,370.070678,72,-18.45546621,-18.93313901,11.64285714,366.35,35.05976101,436.469522,296.230478,1098117
ADBL,2/21/2018,341,341,339,340,0.00%,2461,836966,-0.008746356,-0.00878483,344.6,362.4,349.8282562,367.8432204,70.58823529,-18.01496425,-18.74950406,6.5,362.4,33.21762373,428.8352475,295.9647525,1095656
ADBL,2/22/2018,341,342,338,340,0.00%,4099,1394160,0,0,344.6,358.4,348.3162168,365.7807596,58.33333333,-17.46454288,-18.49251182,6.5,358.4,30.63262794,419.6652559,297.1347441,1095656
ADBL,2/25/2018,342,342,335,338,-0.59%,3932,1323560,-0.005882353,-0.005899722,342.2,354.5,346.7291065,363.7229256,61.53846154,-16.99381911,-18.19277328,6.857142857,354.5,27.74223457,409.9844691,299.0155309,1091724
ADBL,2/26/2018,337,337,335,335,-0.89%,4951,1661670,-0.00887574,-0.008915364,339.2,350.3,344.9246286,361.5953015,64.86486486,-16.67067291,-17.88835321,6.5,350.3,23.49714428,397.2942886,303.3057114,1086773
ADBL,2/27/2018,334,342,332,338,0.89%,4409,1484880,0.008955224,0.008915364,338.2,346.2,343.8593011,359.8475014,54.76190476,-15.98820027,-17.50832262,6.642857143,346.2,16.93206239,380.0641248,312.3358752,1091182
ADBL,2/28/2018,338,339,334,334,-1.18%,13018,4369740,-0.01183432,-0.011904903,337,342.1,342.3424855,357.9328716,44.11764706,-15.5903861,-17.12473531,6.5,342.1,4.517801049,351.1356021,333.0643979,1078164
ADBL,3/4/2018,328,330,325,328,-1.80%,16726,5461800,-0.017964072,-0.018127385,334.6,341.45,340.1359493,355.7156219,35.29411765,-15.57967258,-16.81572277,6.714285714,341.45,5.510516262,352.4710325,330.4289675,1061438
ADBL,3/6/2018,320,328,320,327,0.93%,5748,1861620,-0.00304878,-0.003053437,332.4,340.6,338.115034,353.5885388,43.58974359,-15.47350476,-16.54727917,6.642857143,340.6,6.344496164,353.2889923,327.9110077,1055690
ADBL,3/7/2018,327,333,327,330,0.92%,6817,2256340,0.009174312,0.009132484,331.4,339.9,336.8665673,351.8412396,50,-14.97467236,-16.2327578,6.928571429,339.9,6.71134154,353.3226831,326.4773169,1062507
ADBL,3/11/2018,330,331,326,326,-1.21%,6491,2131371,-0.012121212,-0.012195273,329,338.7,335.1947877,349.9270737,51.1627907,-14.73228604,-15.93266345,7.142857143,338.7,6.951713155,352.6034263,324.7965737,1056016
ADBL,3/12/2018,326,331,326,328,0.61%,10231,3365920,0.006134969,0.006116227,327.8,338,334.0878973,348.302846,51.1627907,-14.21494877,-15.58912052,7,338,7.298161268,352.5963225,323.4036775,1066247
ADBL,3/13/2018,328,333,327,333,1.52%,8561,2828510,0.015243902,0.015128882,328.8,337.3,333.9205285,347.1693019,54.54545455,-13.24877343,-15.1210511,6.714285714,337.3,7.056911506,351.413823,323.186177,1074808
ADBL,3/14/2018,330,335,328,335,0.60%,8410,2787210,0.006006006,0.005988042,330.4,336.95,334.086601,346.2678721,55.81395349,-12.18127111,-14.5330951,6.428571429,336.95,6.984757842,350.9195157,322.9804843,1083218
ADBL,3/15/2018,330,337,330,335,0.00%,10440,3496620,0,0,331.4,336.6,334.2271239,345.4332149,58.53658537,-11.206091,-13.86769428,6.142857143,336.6,6.89316977,350.3863395,322.8136605,1083218
ADBL,3/18/2018,339,339,333,334,-0.30%,5791,1934030,-0.002985075,-0.002989539,333,336.2,334.1921818,344.5863101,53.33333333,-10.39412833,-13.17298109,6.285714286,336.2,6.794734804,349.7894696,322.6105304,1077427
ADBL,3/19/2018,335,335,325,325,-2.69%,5937,1939750,-0.026946108,-0.027315811,332.4,335.45,332.778,343.1354723,44.44444444,-10.35747236,-12.60987934,6.714285714,335.45,7.17066392,349.7913278,321.1086722,1071490
ADBL,3/20/2018,321,327,321,323,-0.62%,2133,689613,-0.006153846,-0.006172859,330.4,334.6,331.2736923,341.6439559,36.58536585,-10.37026358,-12.16195619,6.642857143,334.6,7.59778361,349.7955672,319.4044328,1069357
ADBL,3/21/2018,317,321,314,316,-2.17%,11081,3509630,-0.021671827,-0.02191011,326.6,332.9,328.9238935,339.7444036,44.18604651,-10.8205101,-11.89366697,7.071428571,332.9,7.772420879,348.4448418,317.3551582,1058276
ADBL,3/22/2018,319,320,310,316,0.00%,6600,2077890,0,0,322.8,331.2,326.9356022,337.9855589,50,-11.0499567,-11.72492492,7.071428571,331.2,7.550531525,346.3010631,316.0989369,1058276
ADBL,3/26/2018,310,313,299,300,-5.06%,10390,3161310,-0.050632911,-0.051959739,316,329.05,322.7916634,335.1718138,46.34146341,-12.38015039,-11.85597001,7.928571429,329.05,9.800510191,348.6510204,309.4489796,1047886
ADBL,3/27/2018,306,326,283,316,5.33%,16469,4927110,0.053333333,0.051959739,314.2,327.85,321.7467921,333.7516794,52.5,-12.00488733,-11.88575348,10.35714286,327.85,9.858338709,347.5666774,308.1333226,1064355
ADBL,3/28/2018,316,317,307,311,-1.58%,12154,3801930,-0.015822785,-0.015949301,311.8,326.4,320.0934395,332.0663698,37.20930233,-11.97293037,-11.90318885,10.5,326.4,10.10679813,346.6135963,306.1864037,1052201
ADBL,3/29/2018,311,320,311,318,2.25%,8252,2610650,0.022508039,0.022258471,312.2,325.4,319.7713718,331.0244165,23.25581395,-11.25304466,-11.77316001,10.71428571,325.4,9.885662132,345.1713243,305.6286757,1060453
ADBL,4/1/2018,320,320,308,314,-1.57%,6979,2181410,-0.012578616,-0.012658397,311.8,324.35,318.8834685,329.7633486,30.43478261,-10.87988013,-11.59450404,11.21428571,324.35,9.927500348,344.2050007,304.4949993,1053474
ADBL,4/2/2018,314,318,310,314,0.32%,6267,1957520,0,0,314.6,323.15,318.1321656,328.5956932,31.91489362,-10.46352752,-11.36830873,11.42857143,323.15,9.636962832,342.4239257,303.8760743,1053474
ADBL,4/3/2018,310,318,310,315,0.32%,3431,1080950,0.003184713,0.003179653,314.4,322.2,317.650294,327.5886048,28.26086957,-9.938310774,-11.08230914,11.57142857,322.2,9.445689632,341.0913793,303.3086207,1056905
ADBL,4/4/2018,316,326,315,325,3.17%,12813,4139090,0.031746032,0.031252544,317.2,322.05,318.781018,327.3968563,27.08333333,-8.615838273,-10.58901497,11.85714286,322.05,9.372271533,340.7945431,303.3054569,1069718
ADBL,4/5/2018,330,335,321,331,1.85%,22167,7296730,0.018461538,0.018293193,319.8,322.25,320.6608614,327.6637558,24.52830189,-7.002894424,-9.871790859,12.35714286,322.25,9.524898121,341.2997962,303.2002038,1091885
ADBL,4/8/2018,333,348,331,340,2.72%,17000,5765360,0.027190332,0.026827242,325,322.75,323.6361135,328.5775517,37.73584906,-4.941438195,-8.885720326,13.14285714,322.75,10.1922313,343.1344626,302.3655374,1108885
ADBL,4/9/2018,341,346,334,335,-1.47%,13810,4682890,-0.014705882,-0.014815086,329.2,323.2,325.3844037,329.0532886,47.27272727,-3.668884875,-7.842353236,13.28571429,323.2,10.5361533,344.2723066,302.1276934,1095075
ADBL,4/10/2018,330,337,325,334,-0.30%,6099,2023470,-0.002985075,-0.002989539,333,323.5,326.7098801,329.4197117,48.14814815,-2.709831591,-6.815848907,13.71428571,323.5,10.76299704,345.0259941,301.9740059,1088976
ADBL,4/11/2018,332,335,328,335,0.30%,5135,1702720,0.002994012,0.002989539,335,323.6,327.9852831,329.8330663,40.74074074,-1.847783216,-5.822235769,13.57142857,323.6,10.86471837,345.3294367,301.8705633,1094111
ADBL,4/12/2018,336,340,332,337,0.60%,9067,3064630,0.005970149,0.005952399,336.2,323.7,329.3721627,330.3639503,42.59259259,-0.991787672,-4.856146149,13.42857143,323.7,10.98372001,345.66744,301.73256,1103178
ADBL,4/15/2018,337,340,326,340,0.89%,7648,2538264,0.008902077,0.008862687,336.2,323.95,331.0072146,331.0777318,33.82352941,-0.07051723,-3.899020366,13.21428571,323.95,11.30661195,346.5632239,301.3367761,1110826
ADBL,4/16/2018,340,341,335,338,-0.59%,5765,1952450,-0.005882353,-0.005899722,336.8,324.15,332.0830277,331.5904924,48.86363636,0.492535307,-3.020709231,10.57142857,324.15,11.52697066,347.2039413,301.0960587,1105061
ADBL,4/17/2018,338,343,336,337,-0.30%,17345,5875128,-0.00295858,-0.002962965,337.4,324.75,332.839485,331.9911967,66.36363636,0.848288317,-2.246909721,10.35714286,324.75,11.88043504,348.5108701,300.9891299,1087716
ADBL,4/18/2018,340,354,337,345,2.37%,17497,6018810,0.023738872,0.023461487,339.4,325.85,334.7103334,332.9548117,67.59259259,1.75552172,-1.446423433,10.92857143,325.85,12.70008288,351.2501658,300.4498342,1105213
ADBL,4/19/2018,351,353,347,351,1.74%,24467,8591260,0.017391304,0.017241806,342.2,327.6,337.216436,334.2914923,66.98113208,2.924943655,-0.572150016,10.64285714,327.6,13.64744048,354.894881,300.305119,1129680
ADBL,4/22/2018,351,370,352,369,5.13%,36790,13381295,0.051282051,0.050010421,348,330.25,342.1062151,336.8624929,65.38461538,5.243722165,0.591024421,11.42857143,330.25,16.1860076,362.6220152,297.8779848,1166470
ADBL,4/23/2018,376,382,360,360,-2.44%,39505,14550800,-0.024390244,-0.024692613,352.4,333.25,344.8591051,338.5763823,66.34615385,6.28272274,1.729364085,12.42857143,333.25,15.84090308,364.9318062,301.5681938,1126965
ADBL,4/24/2018,355,365,345,359,-0.28%,16417,5863410,-0.002777778,-0.002781643,356.8,335.4,347.0346274,340.0892429,70.90909091,6.94538447,2.772568162,13.07142857,335.4,16.28819398,367.976388,302.823612,1110548
ADBL,4/25/2018,360,360,351,352,-1.95%,10118,3576540,-0.019498607,-0.019691213,358.2,337.45,347.7985308,340.9715212,70.90909091,6.827009649,3.583456459,12.71428571,337.45,15.62209973,368.6941995,306.2058005,1100430
ADBL,4/26/2018,353,354,345,348,-1.14%,10047,3496940,-0.011363636,-0.011428696,357.6,338.95,347.8295261,341.4921492,65.74074074,6.337376845,4.134240536,12.14285714,338.95,15.08737709,369.1247542,308.7752458,1090383
ADBL,4/29/2018,342,348,337,344,-1.15%,10608,3637410,-0.011494253,-0.011560822,352.6,340.45,347.2403682,341.677916,64.0776699,5.562452262,4.419882881,12.07142857,340.45,13.92262453,368.2952491,312.6047509,1079775
ADBL,5/2/2018,344,342,338,341,-0.87%,5447,1851294,-0.00872093,-0.00875918,348.8,341.8,346.2803116,341.6277,60.55045872,4.652611608,4.466428627,11.64285714,341.8,12.45454895,366.7090979,316.8909021,1074328
ADBL,5/3/2018,343,352,343,346,1.47%,9858,3429600,0.014662757,0.014556298,346.2,343.35,346.2371867,341.9515741,65.17857143,4.285612674,4.430265436,11.92857143,343.35,10.75700506,364.8640101,321.8359899,1084186
ADBL,5/6/2018,346,346,343,344,-0.87%,9671,3330660,-0.005780347,-0.005797118,344.6,344.3,345.8930042,342.1033093,73.10344828,3.789694845,4.302151318,11.57142857,344.3,9.852063636,364.0041273,324.5958727,1074515
ADBL,5/7/2018,340,345,339,343,0.00%,6251,2139150,-0.002906977,-0.00291121,343.6,344.9,345.4479266,342.1697308,83.82352941,3.278195751,4.097360205,11,344.9,9.352173966,363.6043479,326.1956521,1068264
ADBL,5/8/2018,343,343,340,343,0.00%,5181,1766630,0,0,343.4,345.05,345.0713225,342.2312323,81.3559322,2.840090241,3.845906212,10.78571429,345.05,9.293319615,363.6366392,326.4633608,1068264
ADBL,5/9/2018,343,347,344,344,0.29%,6849,2366426,0.002915452,0.00291121,344,345.5,344.9065037,342.3622521,70.21276596,2.544251562,3.585575282,10.57142857,345.5,8.994150146,363.4883003,327.5116997,1075113
ADBL,5/10/2018,344,346,337,343,-0.29%,11575,3945761,-0.002906977,-0.00291121,343.4,345.95,344.6131954,342.4094927,71.73913043,2.203702722,3.30920077,10,345.95,8.605230967,363.1604619,328.7395381,1063538
ADBL,5/14/2018,339,344,338,341,-0.58%,4201,1434610,-0.005830904,-0.00584797,342.8,346.25,344.0573192,342.3050858,74.50980392,1.752233372,2.99780729,9.857142857,346.25,8.302662858,362.8553257,329.6446743,1059337
ADBL,5/15/2018,341,342,337,339,-0.59%,2916,987956,-0.005865103,-0.00588237,342,346.35,343.2792701,342.0602646,77.87610619,1.219005438,2.64204692,8.857142857,346.35,8.196758024,362.743516,329.956484,1056421
ADBL,5/16/2018,338,344,337,341,0.59%,3039,1034750,0.005899705,0.00588237,341.6,346.4,342.9286131,341.9817265,79.16666667,0.946886624,2.303014861,7.785714286,346.4,8.1589473,362.7178946,330.0821054,1059460
ADBL,5/17/2018,342,343,339,339,-0.59%,6983,2384710,-0.005865103,-0.00588237,340.6,346.45,342.3242111,341.7608579,78.07017544,0.563353233,1.955082535,6.642857143,346.45,8.107663691,362.6653274,330.2346726,1052477
ADBL,5/20/2018,342,344,338,340,0.29%,9261,3153250,0.002949853,0.00294551,340,346.6,341.9666402,341.630424,82.88288288,0.336216209,1.63130927,6.428571429,346.6,7.949842766,362.4996855,330.7003145,1061738
ADBL,5/21/2018,335,340,335,340,0.00%,10925,3694070,0,0,339.8,346.35,341.6640802,341.5096518,86.91588785,0.154428327,1.335933081,6.142857143,346.35,8.080353041,362.5107061,330.1892939,1061738
ADBL,5/22/2018,335,340,335,337,-0.88%,6973,2356130,-0.008823529,-0.008862687,339.4,345.65,340.9465294,341.1756035,82.88288288,-0.229074182,1.022931629,5.714285714,345.65,8.260718715,362.1714374,329.1285626,1054765
ADBL,5/23/2018,340,340,334,334,-0.89%,8116,2724350,-0.008902077,-0.008941937,338,343.9,339.8778325,340.6440774,88.39285714,-0.766244818,0.665096339,5.714285714,343.9,6.592659395,357.0853188,330.7146812,1046649
ADBL,5/24/2018,334,338,335,335,0.30%,5963,2000585,0.002994012,0.002989539,337.2,342.65,339.1273968,340.2259975,88.18181818,-1.098600789,0.312356914,5.214285714,342.65,5.687243343,354.0244867,331.2755133,1052612
ADBL,5/27/2018,335,335,330,332,-0.89%,6118,2031970,-0.008955224,-0.008995563,335.6,341.3,338.0308742,339.6166644,81.81818182,-1.585790215,-0.067272512,5.357142857,341.3,4.725073099,350.7501462,331.8498538,1046494
ADBL,5/28/2018,332,347,328,340,2.41%,5764,1932420,0.024096386,0.023810649,335.6,340.7,338.3338166,339.6450596,80.55555556,-1.311243012,-0.316066612,6.285714286,340.7,4.001315573,348.7026311,332.6973689,1052258
ADBL,5/29/2018,340,342,334,337,-0.88%,9698,3277170,-0.008823529,-0.008862687,335.6,340.15,338.1286141,339.4491293,80.82191781,-1.320515225,-0.516956335,6.642857143,340.15,3.688888008,347.527776,332.772224,1042560
ADBL,5/30/2018,337,340,335,339,0.89%,10982,3715650,0.005934718,0.005917177,336.6,339.9,338.2626734,339.4158604,88.4057971,-1.153187014,-0.64420247,6.714285714,339.9,3.582119337,347.0642387,332.7357613,1053542
ADBL,5/31/2018,340,340,337,338,-0.29%,8381,2838510,-0.002949853,-0.002954212,337.2,339.75,338.2222621,339.3109819,91.17647059,-1.08871976,-0.733105928,6.285714286,339.75,3.596416345,346.9428327,332.5571673,1045161
ADBL,6/3/2018,335,336,326,330,-2.65%,14980,4957980,-0.023668639,-0.023953241,336.8,338.95,336.9572987,338.6212795,89.28571429,-1.663980803,-0.919280903,6.714285714,338.95,3.899730085,346.7494602,331.1505398,1030181
ADBL,6/4/2018,326,331,324,329,-0.30%,6154,2011610,-0.003030303,-0.003034904,334.6,338.2,335.7330989,337.9085922,86.36363636,-2.175493235,-1.170523369,6.857142857,338.2,4.299326753,346.7986535,329.6013465,1024027
ADBL,6/6/2018,332,340,332,336,2.13%,3379,1135010,0.021276596,0.021053409,334.4,337.85,335.7741606,337.767215,83.33333333,-1.993054334,-1.335029562,7.142857143,337.85,4.171015275,346.1920305,329.5079695,1027406
ADBL,6/7/2018,336,336,325,327,-2.68%,3481,1144590,-0.026785714,-0.027150989,332,337.05,334.4242898,336.9696435,82.35294118,-2.545353721,-1.577094394,7.642857143,337.05,4.639362479,346.328725,327.771275,1023925
ADBL,6/10/2018,327,327,314,317,-3.06%,9920,3149850,-0.03058104,-0.031058397,327.8,335.7,331.7436298,335.4904106,73.52941176,-3.746780834,-2.011031682,8.142857143,335.7,6.182317739,348.0646355,323.3353645,1014005
ADBL,6/11/2018,317,326,316,323,1.89%,5594,1785270,0.018927445,0.018750549,326.4,334.7,330.398456,334.565195,68.57142857,-4.166739047,-2.442173155,8.5,334.7,6.546192143,347.7923843,321.6076157,1019599
ADBL,6/12/2018,319,323,317,321,-0.93%,3235,1035930,-0.00619195,-0.0062112,324.8,333.7,328.9525397,333.5603658,72.72727273,-4.607826091,-2.875303742,8.571428571,333.7,7.041979387,347.7839588,319.6160412,1016364
ADBL,6/13/2018,320,322,316,318,-0.62%,3924,1252220,-0.009345794,-0.00938974,321.2,332.65,327.2675336,332.4077461,62.96296296,-5.140212509,-3.328285495,8.571428571,332.65,7.741038962,348.1320779,317.1679221,1012440
ADBL,6/14/2018,319,324,319,321,0.94%,3956,1273860,0.009433962,0.00938974,320,331.65,326.3032976,331.5627279,54.54545455,-5.259430215,-3.714514439,8.714285714,331.65,7.89586834,347.4417367,315.8582633,1016396
ADBL,6/17/2018,320,320,314,320,-0.31%,1083,342522,-0.003115265,-0.003120127,320.6,330.7,325.3335595,330.7062295,54.54545455,-5.372669954,-4.046145542,8.857142857,330.7,8.105228981,346.910458,314.489542,1015313
ADBL,6/18/2018,320,320,310,314,0.00%,6878,2154550,-0.01875,-0.01892801,318.8,329.4,323.589935,329.468731,42.85714286,-5.878796017,-4.412675637,8.214285714,329.4,8.604772238,346.6095445,312.1904555,1008435
ADBL,6/19/2018,322,322,316,316,-1.25%,3309,1049130,0.006369427,0.006349228,317.8,328.2,322.4222527,328.4710472,47.82608696,-6.048794546,-4.739899419,8.214285714,328.2,8.721419488,345.642839,310.757161,1011744
ADBL,6/20/2018,314,314,309,312,-1.27%,5309,1648950,-0.012658228,-0.012739026,316.6,326.95,320.8188292,327.2509697,55.55555556,-6.432140464,-5.078347628,8.357142857,326.95,9.173617779,345.2972356,308.6027644,1006435
ADBL,6/21/2018,310,316,310,310,-0.64%,9336,2916900,-0.006410256,-0.00643089,314.4,325.75,319.1543939,325.9731201,53.84615385,-6.81872612,-5.426423326,8.571428571,325.75,9.754216362,345.2584327,306.2415673,997099
ADBL,6/24/2018,306,317,306,314,1.29%,3045,952280,0.012903226,0.012820688,313.2,324.7,318.3614103,325.0862223,50,-6.724812021,-5.686101065,8.5,324.7,9.836024015,344.372048,305.027952,1000144
ADBL,6/25/2018,316,316,311,313,-0.32%,3561,1112510,-0.003184713,-0.003189795,313,323.75,317.5365779,324.1909466,53.33333333,-6.654368644,-5.879754581,8.357142857,323.75,10.00986356,343.7697271,303.7302729,996583
ADBL,6/26/2018,311,313,307,311,-0.64%,7623,2363210,-0.006389776,-0.006410278,312,322.3,316.5309505,323.2138394,53.33333333,-6.682888862,-6.040381437,8,322.3,9.625076896,341.5501538,303.0498462,988960
ADBL,6/27/2018,310,312,308,311,0.00%,1402,434695,0,0,311.8,321,315.6800351,322.3091106,48.38709677,-6.629075485,-6.158120247,7.5,321,9.284962376,339.5699248,302.4300752,988960
ADBL,6/28/2018,310,312,308,312,0.32%,10595,3294320,0.003215434,0.003210276,312.2,319.65,315.1138758,321.5454727,22.3880597,-6.431596908,-6.212815579,6.857142857,319.65,8.45592287,336.5618457,302.7381543,999555
ADBL,7/1/2018,311,311,305,305,-2.24%,5338,1635940,-0.022435897,-0.022691411,310.4,318,313.5578949,320.3198822,24.24242424,-6.761987231,-6.322649909,6.642857143,318,7.887364979,333.77473,302.22527,994217
ADBL,7/2/2018,300,308,299,306,0.00%,4610,1399850,0.003278689,0.003273325,309,316.8,312.3951419,319.2591502,26.5625,-6.864008286,-6.430921585,6.857142857,316.8,7.790682694,332.3813654,301.2186346,998827
ADBL,7/3/2018,302,308,302,305,0.00%,3991,1216910,-0.003267974,-0.003273325,307.8,315.6,311.2574277,318.2029168,28.125,-6.945489074,-6.533835083,6.857142857,315.6,7.659874947,330.9197499,300.2802501,994836
ADBL,7/4/2018,305,310,300,309,1.31%,8901,2722260,0.013114754,0.0130295,307.4,314.25,310.9101312,317.5212193,26.86567164,-6.611088107,-6.549285688,7.142857143,314.25,6.094648213,326.4392964,302.0607036,1003737
ADBL,7/5/2018,312,318,311,317,2.91%,2638,831225,0.025889968,0.025560497,308.4,313.75,311.8470341,317.4826104,31.42857143,-5.635576374,-6.366543825,7.285714286,313.75,5.359448126,324.4688963,303.0311037,1006375
ADBL,7/8/2018,317,321,316,317,-0.63%,9349,2977040,0,0,310.8,313.75,312.639798,317.4468615,30.55555556,-4.807063462,-6.054647752,6.928571429,313.75,5.359448126,324.4688963,303.0311037,1006375
ADBL,7/9/2018,316,316,308,310,-1.90%,4364,1359100,-0.022082019,-0.022329476,311.6,313.1,312.2336753,316.8952421,27.53623188,-4.661566868,-5.776031575,7,313.1,4.951342189,323.0026844,303.1973156,1002011
ADBL,7/10/2018,311,314,310,313,0.97%,47740,14801300,0.009677419,0.009630893,313.2,312.7,312.3515714,316.6067057,20.3125,-4.255134301,-5.47185212,6.785714286,312.7,4.589461613,321.8789232,303.5210768,1049751
ADBL,7/11/2018,315,317,310,312,-0.32%,40507,12590800,-0.003194888,-0.003200003,313.8,312.4,312.2974835,316.2654682,20.3125,-3.967984748,-5.171078646,6.857142857,312.4,4.417667877,321.2353358,303.5646642,1009244
ADBL,7/12/2018,313,315,310,310,-0.64%,12730,3959540,-0.006410256,-0.00643089,312.4,311.85,311.9440245,315.8013595,22.22222222,-3.857334987,-4.908329914,6.428571429,311.85,3.950682819,319.7513656,303.9486344,996514
ADBL,7/15/2018,309,314,309,311,0.32%,2890,900469,0.003225806,0.003220615,311.2,311.4,311.7987899,315.4457032,18.75,-3.646913266,-4.656046584,6.428571429,311.4,3.454973532,318.3099471,304.4900529,999404
ADBL,7/16/2018,311,315,311,314,0.96%,32979,10349000,0.009646302,0.009600074,312,311.4,312.1374376,315.3386141,18.75,-3.201176438,-4.365072555,6.285714286,311.4,3.454973532,318.3099471,304.4900529,1032383
ADBL,7/17/2018,316,317,315,315,0.32%,1983,625393,0.003184713,0.003179653,312.4,311.35,312.5778319,315.3135316,19.35483871,-2.735699705,-4.039197985,6.214285714,311.35,3.391552974,318.1331059,304.5668941,1034366
ADBL,7/18/2018,315,317,313,317,0.63%,3133,986121,0.006349206,0.006329135,313.4,311.6,313.2581654,315.4384551,48,-2.180289733,-3.667416335,6.214285714,311.6,3.618665063,318.8373301,304.3626699,1037499
ADBL,7/19/2018,316,317,311,315,-0.63%,6170,1941530,-0.006309148,-0.006329135,314.4,311.85,313.52614,315.405977,44,-1.879837022,-3.309900472,6.142857143,311.85,3.674592709,319.1991854,304.5008146,1031329
ADBL,7/22/2018,314,316,313,314,-0.32%,8337,2621320,-0.003174603,-0.003179653,315,311.85,313.5990415,315.3018305,37.03703704,-1.702789035,-2.988478185,5.714285714,311.85,3.674592709,319.1991854,304.5008146,1022992
ADBL,7/23/2018,314,317,313,313,-0.32%,3905,1228030,-0.003184713,-0.003189795,314.8,311.85,313.5068813,315.1313246,33.33333333,-1.624443301,-2.715671208,5.571428571,311.85,3.674592709,319.1991854,304.5008146,1019087
ADBL,7/24/2018,313,318,313,313,0.00%,7297,2301640,0,0,314.4,311.95,313.4288995,314.9734487,40,-1.544549141,-2.481446795,5.214285714,311.95,3.677456215,319.3049124,304.5950876,1019087
ADBL,7/25/2018,315,315,311,314,0.32%,6281,1964550,0.003194888,0.003189795,313.8,312.1,313.5167612,314.9013414,27.27272727,-1.384580223,-2.26207348,4.857142857,312.1,3.697794506,319.495589,304.704411,1025368
ADBL,7/26/2018,314,315,313,315,0.32%,5608,1760550,0.003184713,0.003179653,313.8,312.25,313.7449517,314.9086494,33.33333333,-1.163697677,-2.04239832,4.642857143,312.25,3.753945293,319.7578906,304.7421094,1030976
ADBL,7/29/2018,318,319,315,318,0.95%,9058,2864570,0.00952381,0.009478744,314.6,312.9,314.3995746,315.1376384,12.5,-0.7380638,-1.781531416,4.285714286,312.9,3.552612086,320.0052242,305.7947758,1040034
ADBL,7/30/2018,316,319,315,319,0.31%,5984,1893380,0.003144654,0.00313972,315.8,313.55,315.1073323,315.4237392,12.5,-0.316406902,-1.488506513,4.285714286,313.55,3.410124245,320.3702485,306.7297515,1046018
ADBL,7/31/2018,319,321,318,321,0.63%,7541,2409040,0.006269592,0.00625002,317.4,314.35,316.0138966,315.8367956,26.31578947,0.177101003,-1.15538501,4,314.35,3.166851333,320.6837027,308.0162973,1053559
ADBL,8/1/2018,319,323,319,322,0.31%,9526,3068020,0.003115265,0.003110422,319,315,316.9348356,316.2933292,19.04761905,0.641506331,-0.796006742,3.928571429,315,3.340343506,321.680687,308.319313,1063085
ADBL,8/2/2018,322,327,321,327,1.55%,5188,1679860,0.01552795,0.015408625,321.4,315.5,318.4833224,317.086416,21.05263158,1.396906444,-0.357424105,4,315.5,4.27354161,324.0470832,306.9529168,1068273
ADBL,8/5/2018,327,328,325,328,0.31%,3712,1212820,0.003058104,0.003053437,323.4,316.05,319.9474266,317.8948296,21.05263158,2.052597057,0.124580128,3.928571429,316.05,5.103920062,326.2578401,305.8421599,1071985
ADBL,8/6/2018,328,328,325,326,-0.61%,9520,3097930,-0.006097561,-0.006116227,324.8,316.85,320.8785918,318.4952126,25,2.383379195,0.576339941,3.928571429,316.85,5.353552682,327.5571054,306.1428946,1062465
ADBL,8/7/2018,325,326,324,326,0.00%,4342,1408590,0,0,325.8,317.5,321.6665007,319.0511228,23.80952381,2.615377973,0.984147548,3.785714286,317.5,5.642880936,328.7857619,306.2142381,1062465
ADBL,8/8/2018,325,327,322,325,-0.31%,1567,507941,-0.003067485,-0.003072199,326.4,318.15,322.1793468,319.4917803,25,2.687566441,1.324831326,3.714285714,318.15,5.724140938,329.5982819,306.7017181,1060898
ADBL,8/9/2018,322,325,319,323,0.00%,5748,1845500,-0.006153846,-0.006172859,325.6,318.8,322.3056011,319.7516485,22.72727273,2.55395266,1.570655593,3.928571429,318.8,5.482988044,329.7659761,307.8340239,1055150
ADBL,8/12/2018,322,322,313,318,-1.54%,3439,1089860,-0.015479876,-0.01560094,323.6,319.15,321.6432009,319.6218967,23.80952381,2.021304226,1.66078532,4.357142857,319.15,5.173566417,329.4971328,308.8028672,1051711
ADBL,8/13/2018,315,319,315,317,-0.94%,2778,880111,-0.003144654,-0.003149609,321.8,319.3,320.9288623,319.4276821,20,1.501180191,1.628864294,4.285714286,319.3,5.058603926,329.4172079,309.1827921,1048933
ADBL,8/14/2018,317,324,317,322,2.21%,6036,1929290,0.015772871,0.015649772,321,319.65,321.0936527,319.6182242,25,1.475428537,1.598177142,4.5,319.65,4.987088593,329.6241772,309.6758228,1054969
ADBL,8/15/2018,326,343,326,337,4.63%,37824,12610400,0.046583851,0.045531385,323.4,320.65,323.5407831,320.9057632,23.80952381,2.635019936,1.805545701,5.857142857,320.65,6.268341508,333.186683,308.113317,1092793
ADBL,8/16/2018,344,345,335,340,0.29%,25581,8716340,0.008902077,0.008862687,326.8,321.9,326.0729703,322.3201511,30,3.752819238,2.195000409,6.285714286,321.9,7.461480028,336.8229601,306.9770399,1118374
ADBL,8/19/2018,344,344,338,338,-0.59%,21370,7262350,-0.005882353,-0.005899722,330.8,323.1,327.907898,323.4816214,31.57894737,4.426276592,2.641255645,6.428571429,323.1,8.032172152,339.1643443,307.0356557,1097004
ADBL,8/20/2018,340,340,332,335,-0.89%,14359,4793040,-0.00887574,-0.008915364,334.4,324.2,328.9989906,324.3348346,38.0952381,4.664155982,3.045835712,6.785714286,324.2,8.082469659,340.3649393,308.0350607,1082645
ADBL,8/21/2018,335,335,331,333,-0.60%,8787,2926570,-0.005970149,-0.005988042,336.6,325.2,329.6145305,324.9766987,42.10526316,4.637831789,3.364234928,6.785714286,325.2,7.857949378,340.9158988,309.4841012,1073858
ADBL,8/22/2018,335,344,331,344,3.30%,3613,1202040,0.033033033,0.032499167,338,326.7,331.8276796,326.3858321,44.44444444,5.441847515,3.779757445,7.285714286,326.7,8.448606238,343.5972125,309.8027875,1077471
ADBL,8/23/2018,338,338,333,335,-2.62%,7504,2509990,-0.026162791,-0.026511126,337,327.7,332.3157289,327.0239186,42.10526316,5.291810291,4.082168014,7.857142857,327.7,8.169906268,344.0398125,311.3601875,1069967
ADBL,8/26/2018,335,337,330,333,-0.60%,3588,1191500,-0.005970149,-0.005988042,336,328.45,332.4210014,327.4665913,35,4.95441007,4.256616426,8.142857143,328.45,7.917169882,344.2843398,312.6156602,1066379
ADBL,8/28/2018,333,335,330,333,0.00%,7354,2441000,0,0,335.6,329.15,332.5100781,327.8764735,35,4.633604654,4.332014071,8.357142857,329.15,7.652141083,344.4542822,313.8457178,1066379
ADBL,8/29/2018,334,334,330,331,-0.60%,6392,2115840,-0.006006006,-0.006024115,335.2,329.65,332.2777584,328.1078458,25,4.169912608,4.299593779,8.285714286,329.65,7.414601526,344.4792031,314.8207969,1059987
ADBL,8/30/2018,331,335,331,334,0.91%,9985,3324680,0.009063444,0.009022618,333.2,330.25,332.5427186,328.5443017,26.92307692,3.998416987,4.23935842,8.142857143,330.25,7.246596297,344.7431926,315.7568074,1069972
ADBL,9/2/2018,333,340,333,339,1.80%,9661,3250840,0.01497006,0.014859114,334,330.85,333.5361465,329.3187978,45.71428571,4.217348714,4.234956479,7.928571429,330.85,7.457070117,345.7641402,315.9358598,1079633
ADBL,9/3/2018,336,347,336,343,0.59%,15425,5299790,0.01179941,0.01173034,336,331.6,334.992124,330.3322202,41.02564103,4.659903786,4.31994594,8.428571429,331.6,7.89670151,347.393403,315.806597,1095058
ADBL,9/4/2018,340,347,340,345,0.58%,17187,5922670,0.005830904,0.00581397,338.4,332.55,336.5317972,331.4187224,39.47368421,5.11307481,4.478571714,8.428571429,332.55,8.319128244,349.1882565,315.9117435,1112245
ADBL,9/5/2018,341,362,341,356,3.49%,29704,10487600,0.031884058,0.031386314,343.4,334.05,339.5269054,333.2395578,51.11111111,6.287347552,4.840326882,8.428571429,334.05,9.670764407,353.3915288,314.7084712,1141949
ADBL,9/6/2018,360,368,350,352,-1.12%,33936,12121000,-0.011235955,-0.011299555,347,335.4,341.445843,334.6292202,56,6.816622805,5.235586067,9,335.4,10.2104178,355.8208356,314.9791644,1108013
ADBL,9/9/2018,353,353,346,346,-1.70%,7740,2699030,-0.017045455,-0.017192401,348.4,336.55,342.1464825,335.4715002,54.90196078,6.674982359,5.523465325,9.071428571,336.55,10.03402108,356.6180422,316.4819578,1100273
ADBL,9/10/2018,346,346,340,342,-1.16%,4112,1413270,-0.011560694,-0.011628038,348.2,337.75,342.1239468,335.9550927,40.35087719,6.168854005,5.652543061,8.928571429,337.75,9.089467589,355.9289352,319.5710648,1096161
ADBL,9/11/2018,340,350,340,345,0.88%,4778,1658010,0.00877193,0.00873368,348.2,339.15,342.5664165,336.6250859,50.74626866,5.941330606,5.71030057,9.357142857,339.15,7.78848678,354.7269736,323.5730264,1100939
ADBL,9/12/2018,345,355,345,351,2.03%,12667,4433730,0.017391304,0.017241806,347.2,340.6,343.8638909,337.6898943,54.79452055,6.173996539,5.803039764,9.142857143,340.6,7.096329667,354.7926593,326.4073407,1113606
ADBL,9/13/2018,352,359,351,352,1.99%,20006,7079800,0.002849003,0.002844952,347.2,341.35,345.1156,338.7499022,56.16438356,6.365697809,5.915571373,8.928571429,341.35,7.478213972,356.3064279,326.3935721,1133612
ADBL,9/16/2018,360,377,356,367,2.23%,53133,19495800,0.042613636,0.041730672,351.4,342.7,348.4824307,340.842502,58.33333333,7.639928743,6.260442847,10.21428571,342.7,9.409401793,361.5188036,323.8811964,1186745
ADBL,9/17/2018,367,370,359,360,-1.91%,21307,7702270,-0.019073569,-0.019257817,355,343.8,350.2543645,342.2615759,61.42857143,7.992788549,6.606911987,10.64285714,343.8,10.09220648,363.984413,323.615587,1165438
ADBL,9/18/2018,358,362,357,359,-0.28%,9249,3326120,-0.002777778,-0.002781643,357.8,345,351.5998469,343.5014592,69.35483871,8.098387672,6.905207124,10.71428571,345,10.41254304,365.8250861,324.1749139,1156189
ADBL,9/20/2018,352,364,352,359,0.00%,9880,3560230,0,0,359.4,346.3,352.738332,344.6494993,76.11940299,8.088832711,7.141932242,11.28571429,346.3,10.45843905,367.2168781,325.3831219,1156189
ADBL,9/23/2018,364,364,357,361,0.56%,19281,6965780,0.005571031,0.00555557,361.2,347.15,354.0093578,345.8606475,64.61538462,8.148710359,7.343287865,11.28571429,347.15,10.94135083,369.0327017,325.2672983,1175470
ADBL,9/25/2018,361,373,361,370,2.49%,44925,16546100,0.024930748,0.024625047,361.8,348.9,356.4694566,347.6487476,70.76923077,8.820708968,7.638772086,11.35714286,348.9,11.67047557,372.2409511,325.5590489,1220395
ADBL,9/26/2018,372,375,364,365,-1.62%,18655,6883800,-0.013513514,-0.013605652,362.8,350.5,357.7818479,348.9340256,67.64705882,8.847822307,7.88058213,11.64285714,350.5,11.56901488,373.6380298,327.3619702,1201740
ADBL,9/27/2018,365,370,365,365,0.00%,14911,5477300,0,0,364,352.1,358.8923328,350.1240978,58.46153846,8.768235067,8.058112717,10.5,352.1,11.22919128,374.5583826,329.6416174,1201740
ADBL,9/30/2018,362,366,361,361,-1.10%,11183,4056020,-0.010958904,-0.011019395,364.4,353.6,359.2165893,350.9297202,52.45901639,8.286869166,8.103864007,9.571428571,353.6,10.22072198,374.041444,333.158556,1190557
ADBL,10/1/2018,358,362,352,352,-2.49%,21976,7847500,-0.024930748,-0.025246783,362.6,354.5,358.1063448,351.0090001,53.33333333,7.097344666,7.902560139,9.785714286,354.5,9.139273264,372.7785465,336.2214535,1168581
ADBL,10/2/2018,352,358,352,353,0.28%,12983,4605480,0.002840909,0.002836881,359.2,355.2,357.3207533,351.1564816,66,6.164271685,7.554902448,9.785714286,355.2,8.39548751,371.990975,338.409025,1181564
ADBL,10/3/2018,352,354,347,347,-1.70%,28516,9964260,-0.016997167,-0.017143277,355.6,355.4,355.7329451,350.8485941,53.65853659,4.884351012,7.020792161,9.571428571,355.4,8.133103247,371.6662065,339.1337935,1153048
ADBL,10/4/2018,350,350,345,348,0.29%,15025,5220910,0.002881844,0.0028777,352.2,355.55,354.5432612,350.6375871,42.10526316,3.90567412,6.397768553,9.214285714,355.55,7.956956572,371.4639131,339.6360869,1168073
ADBL,10/7/2018,345,348,344,344,-1.15%,10164,3510500,-0.011494253,-0.011560822,348.8,354.95,352.9212211,350.145914,42.10526316,2.775307049,5.673276252,8.928571429,354.95,8.363297008,371.676594,338.223406,1157909
ADBL,10/8/2018,344,357,344,349,1.45%,9581,3332670,0.014534884,0.014430265,348.2,354.8,352.3179563,350.0610315,36.58536585,2.25692479,4.99000596,8.071428571,354.8,8.445490855,371.6909817,337.9090183,1167490
ADBL,10/9/2018,350,350,347,347,-0.57%,9551,3329450,-0.005730659,-0.005747142,347,354.85,351.4998092,349.8342884,36.58536585,1.665520744,4.325108917,7.5,354.85,8.393449827,371.6368997,338.0631003,1157939
ADBL,10/10/2018,347,348,345,347,0.00%,6502,2251600,0,0,347,355.1,350.8075308,349.6243411,38.0952381,1.183189702,3.696725074,7.357142857,355.1,8.05833991,371.2166798,338.9833202,1157939
ADBL,10/11/2018,349,352,346,350,0.86%,10534,3684790,0.008645533,0.008608375,347.4,355.35,350.6832953,349.6521677,21.05263158,1.031127608,3.16360558,6.928571429,355.35,7.801990299,370.9539806,339.7460194,1168473
ADBL,10/14/2018,352,358,350,357,2.00%,12769,4518300,0.02,0.019802627,350,355.65,351.655096,350.1964516,25,1.458644455,2.822613355,7,355.65,7.741038962,371.1320779,340.1679221,1181242
ADBL,10/15/2018,364,364,354,354,-0.84%,11617,4142310,-0.008403361,-0.008438869,351,355.75,352.0158505,350.4781959,17.24137931,1.537654584,2.565621601,6.857142857,355.75,7.704236702,371.1584734,340.3415266,1169625
ADBL,10/21/2018,361,361,355,355,0.28%,3483,1241370,0.002824859,0.002820876,352.6,355.15,352.4749504,350.8131444,22.22222222,1.661806057,2.384858492,6.571428571,355.15,7.234966264,369.6199325,340.6800675,1173108
ADBL,10/22/2018,355,355,352,355,0.00%,3196,1132140,0,0,354.2,354.9,352.8634196,351.1232818,23.07692308,1.740137769,2.255914348,6.428571429,354.9,7.144375778,369.1887516,340.6112484,1173108
ADBL,10/23/2018,355,358,354,358,0.85%,6474,2298040,0.008450704,0.008415197,355.8,354.85,353.6536627,351.6326683,25,2.020994378,2.208930354,6.357142857,354.85,7.117620833,369.0852417,340.6147583,1179582
ADBL,10/24/2018,355,358,353,358,0.00%,3065,1090910,0,0,356,354.8,354.32233,352.1043225,25,2.218007455,2.210745774,6,354.8,7.090393798,368.9807876,340.6192124,1179582
ADBL,10/25/2018,358,358,355,357,-0.28%,5436,1935650,-0.002793296,-0.002797205,356.6,354.6,354.7342792,352.4669653,28,2.267313911,2.222059401,5.785714286,354.6,6.961548527,368.5230971,340.6769029,1174146
ADBL,10/28/2018,355,355,350,353,-1.12%,11851,4169350,-0.011204482,-0.011267725,356.2,353.75,354.467467,352.5064494,26.92307692,1.961017672,2.169851056,5.785714286,353.75,5.946029192,365.6420584,341.8579416,1162295
ADBL,10/29/2018,350,351,348,350,-0.85%,8152,2848360,-0.008498584,-0.008534902,355.2,353,353.7801644,352.3207865,25.92592593,1.459377967,2.027756438,5.785714286,353,5.370484639,363.7409693,342.2590307,1154143
ADBL,10/30/2018,349,354,348,352,0.57%,11760,4125180,0.005714286,0.005698021,354,352.35,353.506293,352.2970245,22.22222222,1.209268477,1.864058846,5.928571429,352.35,4.568484719,361.4869694,343.2130306,1165903
ADBL,10/31/2018,359,355,350,352,0.00%,9391,3301580,0,0,352.8,351.9,353.2745556,352.2750227,26.08695652,0.999532912,1.691153659,5.357142857,351.9,4.089781875,360.0795638,343.7204362,1165903
ADBL,11/1/2018,350,352,350,352,0.00%,6758,2373720,0,0,351.8,351.9,353.0784701,352.2546506,32,0.823819487,1.517686824,5.285714286,351.9,4.089781875,360.0795638,343.7204362,1165903
ADBL,11/4/2018,350,353,348,348,-1.14%,15056,5270630,-0.011363636,-0.011428696,350.8,351.65,352.297167,351.9394913,29.16666667,0.357675698,1.285684599,5.428571429,351.65,4.171015275,359.9920305,343.3079695,1150847
ADBL,11/5/2018,348,352,348,349,0.29%,10438,3650890,0.002873563,0.002869442,350.6,351.75,351.7899106,351.7217512,38.0952381,0.068159331,1.042179546,5.285714286,351.75,4.076569765,359.9031395,343.5968605,1161285
ADBL,11/14/2018,349,352,349,350,0.29%,1763,617198,0.00286533,0.002861232,350.2,351.85,351.5145397,351.5942141,34.7826087,-0.079674396,0.817808757,4.928571429,351.85,4.003616786,359.8572336,343.8427664,1163048
ADBL,11/15/2018,350,351,348,349,-0.29%,5701,14658,-0.002857143,-0.002861232,349.6,352.1,351.1276874,351.4020501,48.27586207,-0.27436265,0.599374476,4.428571429,352.1,3.625930008,359.35186,344.84814,1157347
ADBL,11/18/2018,349,349,343,345,-1.15%,6006,20760,-0.011461318,-0.011527505,348.2,351.9,350.1849663,350.9278242,51.61290323,-0.742857862,0.330928008,4.357142857,351.9,3.905461763,359.7109235,344.0890765,1151341
ADBL,11/19/2018,345,347,344,346,0.29%,5455,19722,0.002898551,0.002894358,347.8,351.85,349.5411253,350.5628001,59.25925926,-1.021674819,0.060407443,4.357142857,351.85,3.977237867,359.8044757,343.8955243,1156796
ADBL,11/20/2018,346,349,342,347,0.29%,2001,34700,0.002890173,0.002886005,347.4,351.85,349.150183,350.298889,55.17241379,-1.148706055,-0.181415257,4.571428571,351.85,3.977237867,359.8044757,343.8955243,1158797
ADBL,11/21/2018,347,353,342,343,-1.15%,6780,15092,-0.011527378,-0.011594333,346,351.5,348.204001,349.7582306,61.76470588,-1.554229604,-0.455978126,5,351.5,4.430753767,360.3615075,342.6384925,1152017
ADBL,11/22/2018,343,345,340,344,0.29%,6445,6880,0.002915452,0.00291121,345,350.85,347.5572316,349.331695,52.77777778,-1.774463386,-0.719675178,5.142857143,350.85,4.533791256,359.9175825,341.7824175,1158462
ADBL,11/25/2018,344,345,341,341,-0.87%,8678,34200,-0.00872093,-0.00875918,344.2,350.2,346.5484267,348.7145324,58.82352941,-2.166105655,-1.008961273,4.928571429,350.2,4.969379925,360.1387599,340.2612401,1149784
ADBL,11/26/2018,341.05,341.05,335,339,-0.60%,5374,16950,-0.005865103,-0.00588237,342.8,349.4,345.3871303,347.9949374,55.55555556,-2.607807084,-1.328730436,5.003571429,349.4,5.42314727,360.2462945,338.5537055,1144410
ADBL,11/27/2018,339,346,338,340,0.29%,5914,6120,0.002949853,0.00294551,341.4,348.65,344.558341,347.4027198,58.33333333,-2.844378778,-1.631860104,5.146428571,348.65,5.640781954,359.9315639,337.3684361,1150324
ADBL,11/28/2018,340,340,339,340,0.00%,2677,16320,0,0,340.8,347.75,343.8570578,346.8543702,46.66666667,-2.997312398,-1.904950563,4.860714286,347.75,5.50478261,358.7595652,336.7404348,1150324
ADBL,11/29/2018,340,340,336,338,-0.59%,6964,33800,-0.005882353,-0.005899722,339.6,346.75,342.955972,346.1984909,39.13043478,-3.242518939,-2.172464238,5.003571429,346.75,5.359448126,357.4688963,336.0311037,1143360
ADBL,12/2/2018,338,338,329,333,-1.48%,9756,9990,-0.014792899,-0.014903406,338,345.55,341.424284,345.2208249,39.13043478,-3.796540942,-2.497279579,5.289285714,345.55,5.623961892,356.7979238,334.3020762,1133604
ADBL,12/3/2018,333,335,329,330,-0.90%,9202,6600,-0.009009009,-0.009049836,336.2,344.4,339.6667018,344.0933564,34,-4.426654581,-2.883154579,5.432142857,344.4,6.327883158,357.0557663,331.7442337,1124402
ADBL,12/4/2018,330,335,326,334,1.21%,2973,34402,0.012121212,0.012048339,335,343.6,338.7949016,343.3457004,46.42857143,-4.550798832,-3.21668343,5.860714286,343.6,6.588666505,356.777333,330.422667,1127375
ADBL,12/6/2018,329,331,320,327,-0.61%,8394,6540,-0.020958084,-0.021180822,332.4,342.35,336.9803013,342.1349078,41.17647059,-5.15460645,-3.604268034,6.646428571,342.35,7.24950089,356.8490018,327.8509982,1118981
ADBL,12/9/2018,327,335,327,335,2.45%,2982,10050,0.024464832,0.024170361,331.8,341.5,336.6756396,341.6063961,37.5,-4.930756504,-3.869565728,6.789285714,341.5,7.05243519,355.6048704,327.3951296,1121963
ADBL,12/10/2018,335,340,330,335,0.00%,5830,16750,0,0,332.2,340.65,336.4178489,341.1170334,36.73469388,-4.699184535,-4.035489489,7.289285714,340.65,6.737756928,354.1255139,327.1744861,1121963
ADBL,12/11/2018,335,339,333,336,0.30%,3705,153888,0.002985075,0.002980628,333.4,340.05,336.3535644,340.7379939,33.33333333,-4.384429465,-4.105277485,7.217857143,340.05,6.581273273,353.2125465,326.8874535,1125668
ADBL,12/12/2018,336,341,336,337,0.30%,990,6740,0.00297619,0.00297177,334,339.45,336.4530161,340.4611055,43.75,-4.008089402,-4.085839868,6.789285714,339.45,6.261620776,351.9732416,326.9267584,1126658
ADBL,12/13/2018,337,345,335,338,0.30%,5226,17238,0.002967359,0.002962965,336.2,338.85,336.6910136,340.2788013,47.54098361,-3.587787764,-3.986229447,7.146428571,338.85,5.7516588,350.3533176,327.3466824,1131884
ADBL,12/16/2018,338,344,338,344,1.78%,18570,68800,0.017751479,0.017595762,338,338.6,337.815473,340.5544457,51.51515152,-2.73897266,-3.73677809,7.289285714,338.6,5.384187375,349.3683747,327.8316253,1150454
ADBL,12/17/2018,344,355,340,355,3.20%,5225,31595,0.031976744,0.031476132,342,339.1,340.4592464,341.6244868,58.73015873,-1.16524034,-3.22247054,7.928571429,339.1,6.381717307,351.8634346,326.3365654,1155679
ADBL,12/18/2018,355,355,343,344,-3.10%,10127,383560,-0.030985915,-0.031476132,343.6,339,341.0039777,341.8004507,54.54545455,-0.796472963,-2.737271025,8.214285714,339,6.282808624,351.5656172,326.4343828,1145552
ADBL,12/19/2018,344,345,342,343,-0.29%,3717,34300,-0.002906977,-0.00291121,344.8,338.8,341.3110581,341.8893062,57.14285714,-0.578248119,-2.305466443,8.357142857,338.8,6.074970219,350.9499404,326.6500596,1141835
ADBL,12/20/2018,343,351,343,349,1.75%,14032,349000,0.017492711,0.017341475,347,339.1,342.4939722,342.4160243,57.14285714,0.077947963,-1.828783562,8.642857143,339.1,6.431010398,351.9620208,326.2379792,1155867
ADBL,12/23/2018,349,362,349,357,2.29%,16974,35700,0.022922636,0.02266386,349.6,339.75,344.7256688,343.4963188,63.51351351,1.229350045,-1.217156841,8.928571429,339.75,7.517523388,354.7850468,324.7149532,1172841
ADBL,12/24/2018,357,362,352,357,0.00%,14350,3570,0,0,350,340.55,346.6140274,344.4965914,69.01408451,2.117436006,-0.550238271,9.214285714,340.55,8.450942022,357.451884,323.648116,1172841
ADBL,12/25/2018,357,357,351,353,-1.12%,8383,52800,-0.011204482,-0.011267725,351.8,341.25,347.5964848,345.1264736,66.66666667,2.470011206,0.053811624,9,341.25,8.884492699,359.0189854,323.4810146,1164458
ADBL,12/26/2018,353,362,352,362,2.55%,22157,102446,0.025495751,0.025176155,355.6,342.35,349.8124102,346.3763644,68.11594203,3.436045779,0.730258455,8.714285714,342.35,10.01196652,362.373933,322.326067,1186615
ADBL,12/27/2018,362,365,358,359,-0.83%,36773,17950,-0.008287293,-0.008321823,357.6,343.3,351.2258855,347.3114485,69.44444444,3.914437017,1.367094168,8.642857143,343.3,10.65783626,364.6156725,321.9843275,1149842
ADBL,12/30/2018,359,359,351,351,-2.23%,11317,35100,-0.022284123,-0.022536165,356.4,343.95,351.1911339,347.5846746,68.49315068,3.60645936,1.814967206,8.5,343.95,10.71386215,365.3777243,322.5222757,1138525
ADBL,12/31/2018,351,352,347,348,-0.85%,16215,34800,-0.008547009,-0.008583744,354.6,344.7,350.7001902,347.6154394,75.75757576,3.084750833,2.068923932,8.428571429,344.7,10.42820063,365.5564013,323.8435987,1122310
ADBL,1/1/2019,348,350,344,346,-0.57%,22211,29064,-0.005747126,-0.005763705,353.2,345.5,349.977084,347.4957772,66.03773585,2.48130682,2.151400509,8.5,345.5,9.838164142,365.1763283,325.8236717,1100099
ADBL,1/2/2019,346,347,345,345,-0.29%,7467,21390,-0.002890173,-0.002894358,349.8,346.05,349.2113788,347.3109048,55.73770492,1.900473969,2.101215201,7.928571429,346.05,9.461695631,364.9733913,327.1266087,1092632
ADBL,1/3/2019,345,348,340,345,0.00%,7294,117645,0,0,347,346.95,348.5634744,347.1397267,59.09090909,1.423747673,1.965721696,8.071428571,346.95,8.344396166,363.6387923,330.2612077,1092632
ADBL,1/6/2019,345,352,344,344,-0.29%,9776,103800,-0.002898551,-0.00290276,345.6,347.4,347.8614014,346.9071544,55.38461538,0.954247041,1.763426765,7.571428571,347.4,7.89670151,363.193403,331.606597,1082856
ADBL,1/8/2019,346,349,346,349,0.87%,8069,183574,0.014534884,0.014430265,345.8,348.1,348.0365704,347.06218,56.25,0.974390453,1.605619502,7.071428571,348.1,7.340586525,362.781173,333.418827,1090925
ADBL,1/9/2019,349,351,348,349,0.00%,8426,10440,0,0,346.4,348.75,348.1847903,347.2057222,60,0.979068164,1.480309235,7.071428571,348.75,6.765819669,362.2816393,335.2183607,1090925
ADBL,1/10/2019,348,354,348,350,0.57%,4955,175000,0.00286533,0.002861232,347.4,349.4,348.4640534,347.4127057,66.10169492,1.051347646,1.394516917,6.928571429,349.4,6.176355594,361.7527112,337.0472888,1095880
ADBL,1/13/2019,357,357,346,349,-0.29%,22250,17748,-0.002857143,-0.002861232,348.2,349.95,348.5465067,347.5302831,68.25396825,1.016223619,1.318858258,6.785714286,349.95,5.567528035,361.0850561,338.8149439,1073630
ADBL,1/14/2019,349,351,348,350,0.29%,20430,35000,0.00286533,0.002861232,349.4,350.25,348.7701211,347.7132251,69.6969697,1.056895979,1.266465802,6.285714286,350.25,5.3888286,361.0276572,339.4723428,1094060
ADBL,1/15/2019,350,350,348,350,0.00%,7663,35000,0,0,349.6,350,348.9593332,347.8826158,66.66666667,1.07671739,1.228516119,6,350,5.271572221,360.5431444,339.4568556,1094060
ADBL,1/16/2019,350,351,348,350,0.00%,9525,175000,0,0,349.8,350.3,349.1194358,348.0394591,58.73015873,1.079976701,1.198808236,5.5,350.3,5.07937004,360.4587401,340.1412599,1094060
ADBL,1/17/2019,350,350,345,345,-1.43%,3486,36225,-0.014285714,-0.014388737,348.8,350.4,348.4856764,347.814314,54.83870968,0.671362467,1.093319082,5.357142857,350.4,4.946024453,360.2920489,340.5079511,1090574
ADBL,1/20/2019,345,345,341,345,0.00%,3502,69000,0,0,348,350.2,347.9494185,347.6058463,55.73770492,0.343572255,0.943369717,5.071428571,350.2,5.084548316,360.3690966,340.0309034,1090574
ADBL,1/21/2019,345,346,340,342,-0.87%,6616,10260,-0.008695652,-0.00873368,346.4,349.45,347.0341234,347.1905984,55.73770492,-0.15647503,0.723400767,5.142857143,349.45,5.134762845,359.7195257,339.1804743,1083958
ADBL,1/22/2019,342,343,337,343,0.29%,5188,20580,0.002923977,0.00291971,345,348.75,346.413489,346.8801837,55.73770492,-0.466694698,0.485381674,5.142857143,348.75,5.003945811,358.7578916,338.7421084,1089146
ADBL,1/23/2019,343,344,342,343,0.00%,2273,34300,0,0,343.6,348.25,345.8883368,346.5927627,66.03773585,-0.704425837,0.247420172,5.142857143,348.25,5.056262402,358.3625248,338.1374752,1089146
ADBL,1/24/2019,343,344,342,342,-0.29%,16140,5534274,-0.002915452,-0.00291971,343,347.25,345.2901312,346.252558,61.70212766,-0.962426862,0.005450765,4.714285714,347.25,4.076569765,355.4031395,339.0968605,1073006
ADBL,1/27/2019,342,342,339,339,-0.88%,4235,19662,-0.00877193,-0.00881063,341.8,346.25,344.3224187,345.7153315,65.2173913,-1.39291283,-0.274221954,4.357142857,346.25,3.44696663,353.1439333,339.3560667,1068771
ADBL,1/28/2019,339,345,338,342,0.88%,8647,26257,0.008849558,0.00881063,341.8,345.8,343.9651235,345.4401218,71.11111111,-1.474998271,-0.514377217,4.5,345.8,3.381061808,352.5621236,339.0378764,1077418
ADBL,1/29/2019,342,342,340,341,-0.29%,2612,102300,-0.002923977,-0.00292826,341.4,345.45,343.5089507,345.1112239,75,-1.602273208,-0.731956415,4.428571429,345.45,3.501503436,352.4530069,338.4469931,1074806
ADBL,1/30/2019,341,341,339,339,-0.59%,3892,94920,-0.005865103,-0.00588237,340.6,345.1,342.8152659,344.6585406,75,-1.843274676,-0.954220067,4.142857143,345.1,3.782229919,352.6644598,337.5355402,1070914
ADBL,1/31/2019,339,342,339,339,0.00%,5850,101700,0,0,340,344.8,342.228302,344.2393895,63.33333333,-2.01108751,-1.165593556,3.571428571,344.8,4.02099752,352.841995,336.758005,1070914
ADBL,2/3/2019,337,340,337,338,-0.29%,12977,169000,-0.002949853,-0.002954212,339.8,344.45,341.577794,343.7772125,57.69230769,-2.199418505,-1.372358546,3.571428571,344.45,4.297796253,353.0455925,335.8544075,1057937
ADBL,2/4/2019,338,340,335,339,0.30%,13265,10170,0.00295858,0.002954212,339.2,344.2,341.1812103,343.4233449,60,-2.242134601,-1.546313757,3.785714286,344.2,4.467425963,353.1348519,335.2651481,1071202
ADBL,2/5/2019,340,340,338,338,-0.29%,5648,35490,-0.002949853,-0.002954212,338.6,343.65,340.6917933,343.0216156,71.42857143,-2.329822316,-1.703015469,3.714285714,343.65,4.522167622,352.6943352,334.6056648,1065554
ADBL,2/6/2019,352,352,335,335,-0.89%,6099,100500,-0.00887574,-0.008915364,337.8,342.95,339.8161328,342.4274219,75,-2.611289075,-1.88467019,4.571428571,342.95,4.729248299,352.4084966,333.4915034,1059455
ADBL,2/7/2019,330,337,330,334,-0.30%,5500,27054,-0.002985075,-0.002989539,336.8,342.15,338.9213431,341.8031684,71.42857143,-2.881825264,-2.084101205,4.785714286,342.15,4.826189518,351.802379,332.497621,1053955
ADBL,2/10/2019,335,335,330,332,-0.60%,6098,23240,-0.005988024,-0.006006024,335.6,341.3,337.8565211,341.0770078,73.91304348,-3.220486663,-2.311378296,4.714285714,341.3,5.048188836,351.3963777,331.2036223,1047857
ADBL,2/11/2019,328,335,328,332,0.00%,5268,332000,0,0,334.2,340.4,336.9555179,340.4046368,81.81818182,-3.449118965,-2.53892643,4.785714286,340.4,5.019960159,350.4399203,330.3600797,1047857
ADBL,2/12/2019,330,333,330,332,0.00%,5722,23240,0,0,333,339.5,336.1931305,339.7820711,83.33333333,-3.588940638,-2.748929272,4.857142857,339.5,4.817730411,349.1354608,329.8645392,1047857
ADBL,2/13/2019,330,332,329,329,-0.90%,13830,22043,-0.009036145,-0.009077218,331.8,338.45,335.086495,338.9833992,80,-3.896904164,-2.97852425,4.928571429,338.45,4.695742753,347.8414855,329.0585145,1034027
ADBL,2/14/2019,331,331,327,330,0.30%,13107,33000,0.003039514,0.003034904,331,337.7,334.3039573,338.3179622,71.42857143,-4.014004884,-3.185620377,5,337.7,4.791439735,347.2828795,328.1171205,1047134
ADBL,2/17/2019,330,336,328,330,0.00%,18875,330000,0,0,330.6,336.95,333.6418101,337.7018169,65,-4.060006818,-3.360497665,5.071428571,336.95,4.762518131,346.4750363,327.4249637,1047134
ADBL,2/18/2019,328,330,325,329,-0.30%,9327,164500,-0.003030303,-0.003034904,330,336.3,332.9276854,337.0572378,68.18181818,-4.129552414,-3.514308615,5.285714286,336.3,4.921488863,346.1429777,326.4570223,1037807
ADBL,2/19/2019,324,333,324,333,1.22%,3150,26307,0.012158055,0.012084739,330.2,335.8,332.9388108,336.7567017,46.15384615,-3.817890959,-3.575025084,5.785714286,335.8,4.708335274,345.2166705,326.3833295,1040957
ADBL,2/20/2019,333,333,329,329,-1.20%,2685,25991,-0.012012012,-0.012084739,330.2,335.1,332.3328399,336.1821312,44,-3.849291347,-3.629878337,5.857142857,335.1,4.621460239,344.3429205,325.8570795,1038272
ADBL,2/21/2019,329,335,329,333,1.22%,9054,66600,0.012158055,0.012084739,330.8,334.65,332.4354799,335.9464178,56.25,-3.510937904,-3.60609025,6.071428571,334.65,4.344082484,343.338165,325.961835,1047326
ADBL,2/24/2019,333,333,329,330,-0.90%,6833,89100,-0.009009009,-0.009049836,330.8,334.2,332.0607907,335.5059424,61.11111111,-3.445151725,-3.573902545,6,334.2,4.335896678,342.8717934,325.5282066,1040493
ADBL,2/25/2019,332,333,327,331,0.30%,15959,5627,0.003030303,0.003025721,331.2,333.65,331.8975921,335.1721689,61.11111111,-3.274576779,-3.514037392,6.285714286,333.65,3.977237867,341.6044757,325.6955243,1056452
ADBL,2/26/2019,331,334,331,332,0.30%,18064,166000,0.003021148,0.003016594,331,333.2,331.9133472,334.9371934,63.88888889,-3.023846246,-3.415999163,5.285714286,333.2,3.592389617,340.3847792,326.0152208,1074516
ADBL,2/27/2019,330,335,330,333,0.30%,27442,88578,0.003012048,0.003007521,331.8,332.9,332.0805245,334.7936976,56.09756098,-2.713173079,-3.275433946,5.142857143,332.9,3.322966335,339.5459327,326.2540673,1101958
ADBL,3/3/2019,308,314.15,291,294,-6.41%,14076,5880,-0.117117117,-0.124562723,324,330.65,326.2219823,331.7719422,55,-5.549959936,-3.730339144,7.785714286,330.65,9.132215964,348.9144319,312.3855681,1087882
ADBL,3/5/2019,291,294,291,292,-0.68%,5732,18688,-0.006802721,-0.006825965,316.4,328.35,320.9570619,328.8258724,53.84615385,-7.868810494,-4.558033414,7.5,328.35,12.39386521,353.1377304,303.5622696,1082150
ADBL,3/6/2019,292,293,290,292,0.00%,2085,29200,0,0,308.6,326,316.5021293,326.09803,47.36842105,-9.595900697,-5.56560687,7.5,326,14.53851509,355.0770302,296.9229698,1082150
ADBL,3/7/2019,292,294,290,294,0.68%,8624,58800,0.006849315,0.006825965,301,323.8,313.0402633,323.7203982,44.73684211,-10.68013489,-6.588512475,7.571428571,323.8,15.8930637,355.5861274,292.0138726,1090774
ADBL,3/9/2019,294,294,292,292,-0.68%,2618,6153,-0.006802721,-0.006825965,292.8,321.65,309.8032997,321.3707391,52.5,-11.56743935,-7.584297851,7.428571429,321.65,17.15647798,355.962956,287.337044,1088156
ADBL,3/10/2019,294,294,292,292,-0.68%,2618,6153,0,0,292.4,319.55,307.0643305,319.1951288,51.2195122,-12.13079824,-8.493597928,7,319.55,18.10924451,355.768489,283.331511,1088156
ADBL,3/11/2019,298,301,293,298,1.71%,9999,5940,0.020547945,0.020339684,293.6,317.85,305.6698181,317.6251192,42.85714286,-11.95530109,-9.18593856,7.285714286,317.85,18.47124365,354.7924873,280.9075127,1098155
ADBL,3/12/2019,300,306,298,305,2.35%,16058,6100,0.023489933,0.02321829,296.2,316.5,305.5667692,316.6899252,54.05405405,-11.12315601,-9.57338205,7.214285714,316.5,18.36902427,353.2380485,279.7619515,1114213
ADBL,3/13/2019,305,306,300,303,-0.66%,14926,22119,-0.006557377,-0.006578971,298,315.05,305.1718816,315.6758567,46.51162791,-10.50397505,-9.75950065,7.357142857,315.05,18.22512725,351.5002545,278.5997455,1099287
ADBL,3/14/2019,301,303,296,302,0.33%,6707,30200,-0.00330033,-0.003305788,300,313.7,304.6838998,314.6628302,33.33333333,-9.978930415,-9.803386603,7.428571429,313.7,18.13719644,349.9743929,277.4256071,1092580
ADBL,3/17/2019,303,305,300,302,0.00%,8247,107512,0,0,302,312.3,304.2709922,313.7248428,31.42857143,-9.453850656,-9.733479413,7.5,312.3,17.89177994,348.0835599,276.5164401,1092580
ADBL,3/18/2019,303,304,301,301,-0.33%,10211,150500,-0.003311258,-0.003316753,302.6,310.85,303.7677626,312.7822619,29.72972973,-9.01449927,-9.589683385,7.285714286,310.85,17.55375204,345.9575041,275.7424959,1082369
ADBL,3/19/2019,301,301,298,298,-1.00%,3883,4768,-0.009966777,-0.010016778,301.2,309.3,302.8804145,311.6872795,26.31578947,-8.806865002,-9.433119708,7.285714286,309.3,17.2324663,343.7649326,274.8350674,1078486
ADBL,3/21/2019,297,300,296,296,-0.67%,3230,17464,-0.006711409,-0.006734032,299.8,307.45,301.8218892,310.5252588,43.24324324,-8.703369606,-9.287169688,7.214285714,307.45,16.52581712,340.5016342,274.3983658,1075256
ADBL,3/24/2019,296,299,293,293,-1.01%,8327,5860,-0.010135135,-0.010186845,298,305.65,300.4646755,309.2270915,32.60869565,-8.76241601,-9.182218952,4.642857143,305.65,16.0074818,337.6649636,273.6350364,1066929
ADBL,3/25/2019,294,298,292,294,0.34%,8653,117600,0.003412969,0.003407158,296.4,303.7,299.47011,308.0991588,27.27272727,-8.629048765,-9.071584915,4.857142857,303.7,14.83275181,333.3655036,274.0344964,1075582
ADBL,3/26/2019,298,298,293,294,0.00%,10218,59682,0,0,295,301.9,298.6285546,307.0547767,36.66666667,-8.426222021,-8.942512336,5,301.9,13.6068868,329.1137736,274.6862264,1075582
ADBL,3/27/2019,294,299,293,294,0.00%,4409,1297607,0,0,294.2,300.05,297.9164693,306.0877562,36.66666667,-8.171286856,-8.78826724,5.142857143,300.05,11.8431637,323.7363274,276.3636726,1075582
ADBL,3/28/2019,298,298,292,294,0.00%,9227,7350,0,0,293.8,298.15,297.3139356,305.1923668,28.125,-7.87843125,-8.606300042,5.428571429,298.15,9.201115493,316.552231,279.747769,1075582
ADBL,3/31/2019,296,296,293,295,0.34%,11187,10620,0.003401361,0.003395589,294.2,296.25,296.9579455,304.4373767,28.57142857,-7.479431202,-8.380926274,5.5,296.25,4.178579461,304.6071589,287.8928411,1086769
ADBL,4/1/2019,295,297,292,297,0.68%,12690,148500,0.006779661,0.006756782,294.8,296.4,296.9644154,303.8864599,32.78688525,-6.922044485,-8.089149916,5.214285714,296.4,4.147288271,304.6945765,288.1054235,1099459
ADBL,4/2/2019,299,304,299,302,1.68%,15332,60400,0.016835017,0.016694879,296.4,296.9,297.7391207,303.7467221,29.03225806,-6.007601393,-7.672840211,5.142857143,296.9,4.191470035,305.2829401,288.5170599,1114791
ADBL,4/3/2019,301,307,301,305,0.99%,15802,3050,0.009933775,0.009884759,298.6,297.55,298.8561791,303.8395575,40.625,-4.983378441,-7.134947857,5.142857143,297.55,4.39467381,306.3393476,288.7606524,1130593
ADBL,4/4/2019,305,305,301,304,-0.33%,11579,30300,-0.003278689,-0.003284075,300.6,298.05,299.6475361,303.8514421,39.39393939,-4.203906005,-6.548739487,4.928571429,298.05,4.536112409,307.1222248,288.9777752,1119014
ADBL,4/7/2019,301,309,298,309,1.64%,11864,12360,0.016447368,0.016313575,303.4,298.9,301.0863767,304.2328168,37.5,-3.146440067,-5.868279603,5.357142857,298.9,4.91934955,308.7386991,289.0613009,1130878
ADBL,4/8/2019,309,320,310,316,2.27%,21933,6888574,0.022653722,0.022400937,307.2,300.1,303.3807803,305.10446,37.5,-1.723679687,-5.03935962,5.928571429,300.1,5.963926647,312.0278533,288.1721467,1152811
ADBL,4/9/2019,311,318,311,311,-1.58%,21533,31100,-0.015822785,-0.015949301,309,300.75,304.552968,305.5411667,36.92307692,-0.98819871,-4.229127438,6.214285714,300.75,6.414416329,313.5788327,287.9211673,1131278
ADBL,4/10/2019,312,314,310,312,0.32%,8299,10296,0.003215434,0.003210276,310.4,301.1,305.6986652,306.0195988,30.50847458,-0.320933571,-3.447488665,6.214285714,301.1,6.835664985,314.77133,287.42867,1139577
ADBL,4/11/2019,313,319,313,315,0.96%,22147,75840,0.009615385,0.009569451,312.6,301.7,307.1296398,306.6848137,38,0.444826108,-2.66902571,6.285714286,301.7,7.505085995,316.710172,286.689828,1161724
ADBL,4/15/2019,313,318,313,318,0.95%,11551,142650,0.00952381,0.009478744,314.4,302.5,308.8020029,307.5229756,44.18604651,1.279027268,-1.879415114,6.214285714,302.5,8.344553849,319.1891077,285.8108923,1173275
ADBL,4/16/2019,313,327,313,326,2.52%,17829,32600,0.025157233,0.024845999,316.4,303.7,311.4478486,308.8916441,36.84210526,2.556204505,-0.992291191,6.857142857,303.7,9.857404377,323.4148088,283.9851912,1191104
ADBL,4/17/2019,326,338,326,338,3.68%,24403,8139156,0.036809816,0.036148514,321.8,305.55,315.532795,311.0478186,35.8974359,4.484976363,0.10316232,7.285714286,305.55,12.4540207,330.4580414,280.6419586,1215507
ADBL,4/18/2019,341,350,336,350,3.55%,49470,70000,0.035502959,0.034887259,329.4,308.15,320.8354419,313.9331654,42.42424242,6.902276521,1.46298516,7.857142857,308.15,15.77898336,339.7079667,276.5920333,1264977
ADBL,4/21/2019,350,350,343,348,-0.57%,28028,3480,-0.005714286,-0.005730675,336,310.75,325.0146047,316.4566346,42.42424242,8.557970074,2.881982143,8.142857143,310.75,17.82332889,346.3966578,275.1033422,1236949
ADBL,4/22/2019,353,353,336,342,-1.72%,19348,6840,-0.017241379,-0.017391743,340.8,313.2,327.6277424,318.3487357,40.625,9.279006675,4.161387049,9,313.2,18.60560187,350.4112037,275.9887963,1217601
ADBL,4/23/2019,346,346,340,346,1.17%,17832,50025,0.011695906,0.011628038,344.8,315.8,330.4542436,320.3969775,44.82758621,10.05726604,5.340562848,8.928571429,315.8,19.39777524,354.5955505,277.0044495,1235433
ADBL,4/24/2019,342,354,341,354,2.31%,68938,70800,0.023121387,0.022858138,348,318.8,334.0766677,322.8860903,22.72727273,11.19057733,6.510565745,9.428571429,318.8,20.45945927,359.7189185,277.8810815,1304371
ADBL,4/25/2019,354,389,354,388,9.60%,145400,135800,0.096045198,0.091708426,355.6,323.5,342.3725649,327.7093429,23.80952381,14.66322205,8.141097006,11.64285714,323.5,24.79919354,373.0983871,273.9016129,1449771
ADBL,4/28/2019,395,410,389,395,1.80%,111393,39500,0.018041237,0.017880425,365,328.55,350.4690934,332.693836,36,17.7752574,10.06792908,12.42857143,328.55,28.48540716,385.5208143,271.5791857,1561164
ADBL,4/29/2019,395,395,383,389,-1.52%,45136,77800,-0.015189873,-0.015306421,374.4,333.25,356.3969252,336.864663,36,19.53226222,11.96079571,12.5,333.25,30.35210042,393.9542008,272.5457992,1516028
ADBL,4/30/2019,389,391,382,390,0.26%,27561,39000,0.002570694,0.002567396,383.2,337.9,361.566629,340.8006139,34.61538462,20.76601515,13.7218396,12.64285714,337.9,31.60429684,401.1085937,274.6914063,1543589
ADBL,5/2/2019,383,387,381,385,-1.28%,24698,23100,-0.012820513,-0.012903405,389.4,342.05,365.171763,344.0746425,30,21.09712054,15.19689579,13,342.05,32.08783176,406.2256635,277.8743365,1518891
ADBL,5/5/2019,385,385,376,379,-1.56%,55477,49270,-0.015584416,-0.015707129,387.6,345.75,367.2991841,346.661706,22.22222222,20.6374781,16.28501225,13.14285714,345.75,31.85638001,409.46276,282.03724,1463414
ADBL,5/6/2019,377,388,374,388,2.37%,40670,27160,0.023746702,0.023469135,386.2,349.95,370.483925,349.7238018,22.85714286,20.76012315,17.18003443,13.78571429,349.95,31.59859257,413.1471851,286.7528149,1504084
ADBL,5/7/2019,390,390,384,389,0.26%,39057,5057,0.00257732,0.002574004,386.2,353.95,373.3325519,352.6331499,14.28571429,20.69940207,17.88390796,13.21428571,353.95,31.20302786,416.3560557,291.5439443,1543141
ADBL,5/9/2019,394,396,386,388,0.00%,94677,194000,-0.002570694,-0.002574004,385.8,357.55,375.5890824,355.2529165,41.37931034,20.33616586,18.37435954,13.07142857,357.55,30.74423352,419.038467,296.061533,1448464
ADBL,5/12/2019,387,390,384,390,0.52%,17340,35100,0.005154639,0.0051414,386.8,361.5,377.8061466,357.8267746,48.38709677,19.97937208,18.69536205,12.5,361.5,29.49843885,420.4968777,302.5031223,1465804
ADBL,5/13/2019,390,391,384,386,-1.03%,20540,38600,-0.01025641,-0.01030937,388.2,365.2,379.0667395,359.9136802,55.07246377,19.15305931,18.7869015,12.5,365.2,27.53868093,420.2773619,310.1226381,1445264
ADBL,5/14/2019,388,421,388,416,7.77%,194265,124800,0.077720207,0.074847891,393.8,370.25,384.7487795,364.0682224,53.62318841,20.68055718,19.16563264,13.78571429,370.25,27.10578691,424.4615738,316.0384262,1639529
ADBL,5/15/2019,417,447,416,438,5.29%,133601,4380,0.052884615,0.05153365,403.6,376.25,392.941275,369.5446503,52.11267606,23.39662467,20.01183104,15.57142857,376.25,28.19084398,432.631688,319.868312,1773130
ADBL,5/16/2019,445,445,421,421,-3.88%,112016,84400,-0.038812785,-0.039586077,410.2,381,397.2580019,373.3561577,54.79452055,23.90184421,20.78983368,16.35714286,381,27.26671385,435.5334277,326.4665723,1661114
ADBL,5/19/2019,425,430,416,422,0.24%,67027,20256,0.002375297,0.00237248,416.6,385.2,401.0644632,376.9594053,57.53424658,24.10505787,21.45287851,14.85714286,385.2,26.75935646,438.7187129,331.6812871,1728141
ADBL,5/20/2019,430,432,416,418,-0.95%,59854,167200,-0.009478673,-0.009523882,423,388.6,403.6699304,379.9994493,55.07246377,23.67048102,21.89639902,14.42857143,388.6,26.36864166,441.3372833,335.8627167,1668287
ADBL,5/21/2019,421,422,413,418,0.00%,42776,125400,0,0,423.4,392.1,405.8745565,382.814305,56.71641791,23.06025152,22.12916952,14.21428571,392.1,25.32088799,442.741776,341.458224,1668287
ADBL,5/22/2019,420,426,418,424,1.44%,92882,84800,0.014354067,0.014252023,420.6,396.2,408.6630862,385.8650972,55.88235294,22.79798907,22.26293343,14.14285714,396.2,23.34320593,442.8864119,349.5135881,1761169
ADBL,5/23/2019,427,438,426,431,1.65%,97795,8620,0.016509434,0.016374635,422.6,400.45,412.0995345,389.2084233,64.38356164,22.8911112,22.38856898,14.5,400.45,21.37749678,443.2049936,357.6950064,1858964
ADBL,5/26/2019,432,434,423,425,-1.39%,50429,85200,-0.013921114,-0.014018921,423.2,404,414.0842215,391.8596512,73.61111111,22.2245703,22.35576924,14.64285714,404,19.02353113,442.0470623,365.9529377,1808535
ADBL,5/27/2019,419,426,419,422,-0.71%,44153,42200,-0.007058824,-0.007083855,424,405.7,415.3020336,394.0922696,77.77777778,21.20976394,22.12656818,14.14285714,405.7,19.03763585,443.7752717,367.6247283,1764382
ADBL,5/28/2019,428,428,420,421,-0.24%,13321,32417,-0.002369668,-0.00237248,424.6,407,416.1786438,396.0854349,87.67123288,20.09320895,21.71989634,14.28571429,407,19.15587034,445.3117407,368.6882593,1751061
ADBL,5/29/2019,422,426,420,424,0.71%,54281,8480,0.007125891,0.007100622,424.6,408.75,417.3819294,398.1531804,83.63636364,19.22874895,21.22166686,14,408.75,19.0231853,446.7963706,370.7036294,1805342
ADBL,5/30/2019,437,451,426,428,0.94%,94006,53072,0.009433962,0.00938974,424,410.65,419.0154787,400.3640559,75.47169811,18.65142275,20.70761804,15.5,410.65,18.94944799,448.548896,372.751104,1899348
ADBL,6/2/2019,433,433,420,422,-1.40%,29715,270080,-0.014018692,-0.014117882,423.4,412.5,419.4746358,401.9667185,75,17.50791735,20.0676779,15.92857143,412.5,18.10059609,448.7011922,376.2988078,1869633
ADBL,6/3/2019,430,430,414,414,-1.90%,64123,4160,-0.018957346,-0.01913934,421.8,414.25,418.6323842,402.8580727,69.64285714,15.7743115,19.20900462,14.57142857,414.25,16.29295941,446.8359188,381.6640812,1805510
ADBL,6/4/2019,415,420,414,416,0.48%,48716,20800,0.004830918,0.004819286,420.8,415.65,418.227402,403.8315488,78.57142857,14.39585322,18.24637434,12.78571429,415.65,15.07620991,445.8024198,385.4975802,1854226
ADBL,6/6/2019,418,418,413,413,-0.72%,25497,206500,-0.007211538,-0.007237667,418.6,416.85,417.4231863,404.5106933,62.65060241,12.912493,17.17959807,11.42857143,416.85,13.73920629,444.3284126,389.3715874,1828729
ADBL,6/10/2019,413,416,411,412,-0.24%,33018,13633201,-0.002421308,-0.002424244,415.4,418.05,416.5888499,405.0654568,61.72839506,11.52339319,16.0483571,10.78571429,418.05,12.0283656,442.1067312,393.9932688,1795711
ADBL,6/11/2019,412,417,412,416,0.97%,62742,54496,0.009708738,0.009661911,414.2,419.35,416.4982576,405.8754229,56.32183908,10.62283472,14.96325262,10,419.35,10.08529414,439.5205883,399.1794117,1858453
ADBL,6/12/2019,413,415,411,415,-0.24%,17469,41500,-0.002403846,-0.00240674,414.4,420.8,416.2677565,406.5513175,55.68181818,9.716438948,13.91388989,9.714285714,420.8,6.477491392,433.7549828,407.8450172,1840984
ADBL,6/13/2019,412,415,411,411,-0.96%,30086,41100,-0.009638554,-0.009685306,413.4,420.55,415.4573324,406.8808496,53.26086957,8.576482841,12.84640848,9.428571429,420.55,6.762707337,434.0754147,407.0245853,1810898
ADBL,6/16/2019,411,411,404,404,-1.70%,44708,18167621,-0.01703163,-0.017178337,411.6,418.85,413.6946659,406.6674533,47.61904762,7.027212582,11.6825693,8.928571429,418.85,6.409491317,431.6689826,406.0310174,1766190
ADBL,6/17/2019,404,406,402,403,-0.25%,42955,17362298,-0.002475248,-0.002478316,409.8,417.95,412.0493327,406.3957901,43.58974359,5.653542577,10.47676395,8.428571429,417.95,7.294374184,432.5387484,403.3612516,1723235
ADBL,6/18/2019,403,405,401,402,-0.25%,24044,9692672,-0.00248139,-0.002484473,407,416.95,410.5032815,406.070176,37.14285714,4.433105479,9.268032259,8.214285714,416.95,8.042485869,433.0349717,400.8650283,1699191
ADBL,6/19/2019,402,404,400,404,0.50%,23061,9290711,0.004975124,0.004962789,404.8,416.25,409.5027766,405.9168296,40.54054054,3.585947006,8.131615209,7.928571429,416.25,8.54015284,433.3303057,399.1696943,1722252
ADBL,6/20/2019,409,409,403,406,0.50%,11029,4473915,0.004950495,0.004938282,403.8,415.65,408.9638879,405.9229904,42.10526316,3.040897525,7.113471672,7.928571429,415.65,8.827439278,433.3048786,397.9951214,1733281
ADBL,6/23/2019,405,407,403,405,-0.25%,6869,2783450,-0.002463054,-0.002466092,404,414.7,408.354059,405.8546207,42.10526316,2.499438273,6.190664992,6.285714286,414.7,8.903577046,432.5071541,396.8928459,1726412
ADBL,6/24/2019,403,413,403,411,1.48%,37528,15355103,0.014814815,0.014706147,405.6,413.7,408.7611269,406.2357599,38.88888889,2.525366912,5.457605376,6.071428571,413.7,8.059646068,429.8192921,397.5807079,1763940
ADBL,6/25/2019,413,417,411,416,1.22%,25298,10492517,0.01216545,0.012092046,408.4,413.25,409.8747996,406.959037,41.17647059,2.915762662,4.949236833,5.357142857,413.25,7.635615992,428.521232,397.978768,1789238
ADBL,6/26/2019,418,418,412,413,-0.72%,17369,7178981,-0.007211538,-0.007237667,410.2,412.8,410.3555997,407.4065157,20.68965517,2.949083975,4.549206262,5.357142857,412.8,7.352765323,427.5055306,398.0944694,1771869
ADBL,6/27/2019,413,413,410,413,0.00%,18552,7645088,0,0,411.6,412.4,410.7624305,407.8208479,26.08695652,2.941582621,4.227681533,5.214285714,412.4,7.096329667,426.5926593,398.2073407,1771869
ADBL,6/30/2019,413,413,406,407,-1.45%,11120,4556249,-0.014527845,-0.014634408,412,411.55,410.1835951,407.7600443,30.6122449,2.423550705,3.866855368,5.357142857,411.55,6.637017402,424.8240348,398.2759652,1760749
ADBL,7/1/2019,408,408,404,405,-0.49%,12593,5116376,-0.004914005,-0.004926118,410.8,410.4,409.3861189,407.5555966,33.33333333,1.830522272,3.459588749,5.285714286,410.4,5.538382815,421.4767656,399.3232344,1748156
ADBL,7/2/2019,404,413,404,410,1.23%,21391,8710902,0.012345679,0.012270093,409.6,409.8,409.4805621,407.7366635,33.33333333,1.743898603,3.11645072,5.571428571,409.8,4.818822743,419.4376455,400.1623545,1769547
ADBL,7/3/2019,408,415,407,414,0.98%,24200,9954921,0.009756098,0.009708814,409.8,409.8,410.1758603,408.2006144,41.66666667,1.975245886,2.888209753,5.857142857,409.8,4.818822743,419.4376455,400.1623545,1793747
ADBL,7/4/2019,415,415,410,411,-0.72%,16330,6718284,-0.007246377,-0.007272759,409.4,409.55,410.302651,408.4079763,39.47368421,1.894674716,2.689502746,5.714285714,409.55,4.605203007,418.760406,400.339594,1777417
ADBL,7/7/2019,408,410,407,408,-0.73%,30964,12640382,-0.00729927,-0.00732604,409.6,409.3,409.948397,408.3777558,33.33333333,1.570641182,2.465730433,5.714285714,409.3,4.543358368,418.3867167,400.2132833,1746453
ADBL,7/8/2019,410,410,405,406,-0.49%,29244,11881049,-0.004901961,-0.004914015,409.8,409,409.3409513,408.2016258,30.23255814,1.13932555,2.200449456,5.785714286,409,4.553772294,418.1075446,399.8924554,1717209
ADBL,7/9/2019,410,407,401,405,-0.25%,9165,3709286,-0.002463054,-0.002466092,408.8,408.45,408.6731126,407.9644683,37.5,0.708644351,1.902088435,5.928571429,408.45,4.322219216,417.0944384,399.8055616,1708044
ADBL,7/10/2019,405,407,402,407,0.49%,26313,10659137,0.004938272,0.004926118,407.4,408.05,408.4157107,407.8930262,34.7826087,0.522684502,1.626207648,5.857142857,408.05,4.045465298,416.1409306,399.9590694,1734357
ADBL,7/11/2019,407,410,405,405,-0.49%,19978,8131280,-0.004914005,-0.004926118,406.2,407.75,407.8902167,407.678728,36.36363636,0.211488785,1.343263876,5.928571429,407.75,4.037651741,415.8253035,399.6746965,1714379
ADBL,7/14/2019,406,411,405,406,0.25%,10033,4077461,0.002469136,0.002466092,405.8,407.85,407.5994142,407.5543777,31.70731707,0.045036428,1.083618386,5.642857143,407.85,3.96398258,415.7779652,399.9220348,1724412
ADBL,7/15/2019,406,408,405,406,0.00%,9018,3661194,0,0,405.8,408,407.3533505,407.4392386,32.5,-0.085888199,0.849717069,5.428571429,408,3.825124697,415.6502494,400.3497506,1724412
ADBL,7/16/2019,426,426,406,409,0.74%,8675,3551664,0.007389163,0.007361996,406.6,408.35,407.6066812,407.5548506,33.33333333,0.051830549,0.690139765,6.428571429,408.35,3.558163335,415.4663267,401.2336733,1733087
ADBL,7/17/2019,408,418,408,417,1.96%,29854,12373748,0.019559902,0.019371066,408.6,409,409.0518071,408.2544913,45,0.79731583,0.711574978,6.928571429,409,3.893314107,416.7866282,401.2133718,1762941
ADBL,7/18/2019,413,423,413,418,0.24%,20493,8606616,0.002398082,0.002395211,411.2,409.6,410.4284522,408.9763808,33.33333333,1.452071354,0.859674253,7.142857143,409.6,4.309109079,418.2182182,400.9817818,1783434
ADBL,7/21/2019,414,417,411,414,-0.96%,14478,5983850,-0.009569378,-0.009615459,412.8,410.05,410.9779211,409.3485008,43.75,1.62942031,1.013623465,7.357142857,410.05,4.273233707,418.5964674,401.5035326,1768956
ADBL,7/22/2019,414,419,414,416,0.48%,19276,8027232,0.004830918,0.004819286,414.8,410.3,411.7505486,409.8412044,45.65217391,1.90934419,1.19276761,7.071428571,410.3,4.473312678,419.2466254,401.3533746,1788232
ADBL,7/23/2019,418,435,418,435,4.57%,105508,45122369,0.045673077,0.044660771,420,411.25,415.3273873,411.7048189,48.97959184,3.622568378,1.678727763,7.857142857,411.25,7.032817808,425.3156356,397.1843644,1893740
ADBL,7/24/2019,435,435,428,433,-0.46%,61735,26669384,-0.004597701,-0.004608303,423.2,412.25,418.0462508,413.2822397,19.83471074,4.764011051,2.295784421,8,412.25,8.552469634,429.3549393,395.1450607,1832005
ADBL,7/25/2019,433,434,427,430,-0.69%,97104,41832806,-0.006928406,-0.006952519,425.6,413.1,419.8852891,414.5205923,20.33898305,5.36469678,2.909566893,8.214285714,413.1,9.430633176,431.9612664,394.2387336,1734901
ADBL,7/28/2019,423,429,422,425,-1.16%,96129,40824306,-0.011627907,-0.01169604,427.8,414,420.6721677,415.2968448,21.00840336,5.375322958,3.402718106,8.428571429,414,9.673621213,433.3472424,394.6527576,1638772
ADBL,7/29/2019,425,430,425,427,0.47%,35679,15252712,0.004705882,0.004694844,430,415.1,421.6456804,416.1637451,16.07142857,5.481935229,3.81856153,8.357142857,415.1,9.845650923,434.7913018,395.4086982,1674451
ADBL,7/30/2019,426,431,426,429,0.47%,31788,13636050,0.004683841,0.004672906,428.8,416.05,422.7771142,417.1145788,15.51724138,5.662535324,4.187356289,8.357142857,416.05,10.23654444,436.5230889,395.5769111,1706239
ADBL,7/31/2019,422,433,422,431,0.47%,42713,20898449,0.004662005,0.004651171,428.4,416.9,424.0421735,418.1431286,16.52173913,5.899044968,4.529694025,8.785714286,416.9,10.75027539,438.4005508,395.3994492,1748952
ADBL,8/1/2019,436,436,429,430,-0.23%,37084,15978023,-0.002320186,-0.002322881,428.4,417.85,424.9587622,419.0214153,20.66115702,5.937346883,4.811224597,8.857142857,417.85,11.03713826,439.9242765,395.7757235,1711868
ADBL,8/4/2019,429,438,424,437,1.63%,68518,29635044,0.01627907,0.016147986,430.8,419.3,426.8112603,420.3531623,20,6.458097992,5.140599276,9.642857143,419.3,11.56719499,442.43439,396.16561,1780386
ADBL,8/5/2019,433,437,431,433,-0.92%,44680,19438245,-0.009153318,-0.009195467,432,420.65,427.7633741,421.2899651,20.32520325,6.473408997,5.40716122,8.642857143,420.65,11.50869237,443.6673847,397.6326153,1735706
ADBL,8/6/2019,441,442,430,432,-0.23%,196356,85441368,-0.002309469,-0.00231214,432.6,422,428.4151627,422.083301,18.33333333,6.331861677,5.592101311,8.785714286,422,11.15441853,444.3088371,399.6911629,1539350
ADBL,8/7/2019,426,439,426,435,0.69%,56560,24597261,0.006944444,0.006920443,433.4,423.4,429.4282146,423.0400936,18.48739496,6.38812105,5.751305259,9,423.4,10.92751236,445.2550247,401.5449753,1595910
ADBL,8/8/2019,435,435,429,431,-0.92%,34679,14952093,-0.009195402,-0.009237941,433.6,424.7,429.6700277,423.6297163,14.15929204,6.040311488,5.809106505,8.928571429,424.7,10.14162865,444.9832573,404.4167427,1561231
ADBL,8/11/2019,430,431,428,430,-0.23%,25832,11083039,-0.002320186,-0.002322881,432.2,425.9,429.7207927,424.1015891,15.65217391,5.61920358,5.77112592,8.785714286,425.9,9.18752014,444.2750403,407.5249597,1535399
ADBL,8/12/2019,433,433,429,431,0.23%,20621,8874359,0.002325581,0.002322881,431.8,427.15,429.9175938,424.6125825,14.9122807,5.305011304,5.677902997,7.714285714,427.15,7.955633555,443.0612671,411.2387329,1556020
ADBL,8/13/2019,431,437,428,428,-0.70%,17896,7684296,-0.006960557,-0.006984895,431,428.1,429.6225794,424.8635023,42.5,4.759077055,5.494137808,7.857142857,428.1,6.71134154,441.5226831,414.6773169,1538124
ADBL,8/14/2019,426,430,425,429,0.23%,13082,5611375,0.002336449,0.002333723,429.8,428.7,429.526798,425.1699096,43.58974359,4.356888376,5.266687922,7.714285714,428.7,6.182317739,441.0646355,416.3353645,1551206
ADBL,8/15/2019,427,433,425,430,0.23%,36318,15617733,0.002331002,0.00232829,429.6,429.3,429.5995983,425.5276941,55.10204082,4.071904215,5.02773118,7.714285714,429.3,5.64847441,440.5969488,418.0030512,1587524
ADBL,8/18/2019,430,433,429,430,0.00%,36698,15791949,0,0,429.6,430.1,429.6611985,425.858976,62.06896552,3.80222256,4.782629456,7.642857143,430.1,4.351648206,438.8032964,421.3967036,1587524
ADBL,8/19/2019,431,434,429,431,0.23%,38717,16664649,0.002325581,0.002322881,429.6,430.85,429.867168,426.2397926,58.06451613,3.627375422,4.551578649,7.642857143,430.85,2.814903943,436.4798079,425.2201921,1626241
ADBL,8/20/2019,431,432,427,427,-0.93%,17383,7450235,-0.009280742,-0.009324077,429.4,430.45,429.4260652,426.2961042,53.03030303,3.129960992,4.267255118,7.214285714,430.45,2.762054918,435.9741098,424.9258902,1608858
ADBL,8/21/2019,425,430,425,429,0.47%,20878,8931846,0.004683841,0.004672906,429.4,430.25,429.3605167,426.4963928,44.61538462,2.864123921,3.986628879,7.071428571,430.25,2.712058841,435.6741177,424.8258823,1629736
ADBL,8/22/2019,429,430,425,428,-0.23%,28290,12073166,-0.002331002,-0.002333723,429,430.15,429.1512065,426.6077711,46.77419355,2.543435345,3.697990172,6.428571429,430.15,2.75824124,435.6664825,424.6335175,1601446
ADBL,8/25/2019,423,427,423,427,-0.23%,20297,8636520,-0.002336449,-0.002339182,428.4,430.25,428.8202516,426.6368251,50,2.183426513,3.39507744,6.357142857,430.25,2.593006789,435.4360136,425.0639864,1581149
ADBL,8/26/2019,430,430,425,425,-0.47%,16088,6848352,-0.004683841,-0.004694844,427.2,430.15,428.2325206,426.5155788,45.90163934,1.716941799,3.059450312,5.857142857,430.15,2.75824124,435.6664825,424.6335175,1565061
ADBL,8/27/2019,425,429,424,426,0.24%,14181,6053544,0.002352941,0.002350177,427,430,427.8890559,426.4773878,50.90909091,1.411668113,2.729893872,5.285714286,430,2.901905,435.80381,424.19619,1579242
ADBL,8/28/2019,424,427,424,425,-0.23%,21023,8939417,-0.002347418,-0.002350177,426.2,429.7,427.4445858,426.3679516,50,1.076634108,2.399241919,5.071428571,429.7,3.096687534,435.8933751,423.5066249,1558219
ADBL,8/29/2019,427,427,423,426,0.24%,11405,4854431,0.002352941,0.002350177,425.8,429.5,427.2223418,426.340696,50,0.881645823,2.0957227,5.142857143,429.5,3.203616378,435.9072328,423.0927672,1569624
ADBL,9/1/2019,428,428,421,421,-1.17%,17893,7593805,-0.011737089,-0.011806513,424.6,428.7,426.2650584,425.9450889,46.42857143,0.319969579,1.740572076,5.357142857,428.7,3.229795496,435.159591,422.240409,1551731
ADBL,9/2/2019,424,424,414,417,-0.95%,43531,18214197,-0.009501188,-0.009546612,423,427.9,424.8396648,425.2824897,44.82758621,-0.442824852,1.30389269,5.428571429,427.9,3.998683994,435.897368,419.902632,1508200
ADBL,9/3/2019,415,426,412,424,1.68%,36698,15343752,0.016786571,0.016647233,422.6,427.5,424.7104856,425.1874905,48.21428571,-0.477004822,0.947713188,6.071428571,427.5,3.966968881,435.4339378,419.5660622,1544898
ADBL,9/4/2019,425,429,420,426,0.47%,22525,9586617,0.004716981,0.004705891,422.8,427.05,424.9088725,425.2476763,32.65306122,-0.338803888,0.690409773,6.142857143,427.05,3.561120462,434.1722409,419.9277591,1567423
ADBL,9/5/2019,425,427,425,425,-0.23%,15371,6543883,-0.002347418,-0.002350177,422.6,426.75,424.9228921,425.2293299,13.15789474,-0.30643787,0.491040244,6,426.75,3.462201916,433.6744038,419.8255962,1552052
ADBL,9/8/2019,427,427,421,422,-0.71%,8733,3685227,-0.007058824,-0.007083855,422.8,426.35,424.4732164,424.9901203,14.28571429,-0.516903948,0.289451406,6.071428571,426.35,3.528455753,433.4069115,419.2930885,1543319
ADBL,9/9/2019,425,425,416,418,-0.95%,19723,8242341,-0.009478673,-0.009523882,423,425.7,423.4773369,424.4723336,26.47058824,-0.9949967,0.032561785,6.357142857,425.7,3.812721089,433.3254422,418.0745578,1523596
ADBL,9/10/2019,416,419,416,418,0.00%,21628,9039366,0,0,421.8,425.2,422.6346697,423.9929015,27.27272727,-1.358231799,-0.245596932,6.214285714,425.2,4.137123333,433.4742467,416.9257533,1523596
ADBL,9/11/2019,417,420,416,418,0.00%,22008,9201997,0,0,420.2,424.65,421.9216436,423.5489829,26.47058824,-1.627339278,-0.521945401,6.142857143,424.65,4.331949847,433.3138997,415.9861003,1523596
ADBL,9/12/2019,418,420,416,416,-0.48%,27640,11560120,-0.004784689,-0.004796172,418.4,423.95,421.0106215,422.989799,26.47058824,-1.979177454,-0.813391812,6.071428571,423.95,4.547700402,433.0454008,414.8545992,1495956
ADBL,9/15/2019,415,418,413,413,-0.72%,18691,7745284,-0.007211538,-0.007237667,416.6,423.1,419.7782182,422.2498139,38.88888889,-2.471595655,-1.14503258,6.071428571,423.1,4.930036831,432.9600737,413.2399263,1477265
ADBL,9/16/2019,413,414,408,408,-1.21%,23477,9632318,-0.012106538,-0.012180419,414.6,421.95,417.9661846,421.1942721,41.66666667,-3.228087457,-1.561643556,6.142857143,421.95,5.623961892,433.1979238,410.7020762,1453788
ADBL,9/17/2019,410,418,410,418,2.45%,22549,9341043,0.024509804,0.024214258,414.6,421.5,417.971387,420.9576593,40.54054054,-2.986272345,-1.846569314,6.642857143,421.5,5.558303414,432.6166068,410.3833932,1476337
ADBL,9/18/2019,420,423,419,423,1.20%,28150,11843459,0.011961722,0.011890747,415.6,421.2,418.7450198,421.1089438,47.61904762,-2.363924068,-1.950040265,6.714285714,421.2,5.287522552,431.7750451,410.6249549,1504487
ADBL,9/19/2019,415,425,413,413,-2.36%,22965,9616457,-0.023640662,-0.023924586,415,420.45,417.8611706,420.5082813,50,-2.647110757,-2.089454363,7.071428571,420.45,5.335827268,431.1216545,409.7783455,1481522
ADBL,9/22/2019,413,415,412,414,0.24%,14749,6101767,0.002421308,0.002418381,415.2,419.8,417.2671443,420.0261864,56.41025641,-2.759042085,-2.223371908,6.571428571,419.8,5.287522552,430.3750451,409.2249549,1496271
ADBL,9/23/2019,413,415,412,414,0.00%,17256,7132413,0,0,416.4,419.25,416.7645067,419.5798022,57.5,-2.815295496,-2.341756625,5.785714286,419.25,5.290259172,429.8305183,408.6694817,1496271
ADBL,9/24/2019,411,412,410,412,-0.48%,8687,3571382,-0.004830918,-0.004842624,415.2,418.55,416.0315057,419.0183354,64.86486486,-2.9868297,-2.47077124,5.428571429,418.55,5.276312508,429.102625,407.997375,1487584
ADBL,9/26/2019,412,412,409,410,-0.49%,13312,5460769,-0.004854369,-0.00486619,412.6,417.8,415.1035817,418.3503106,63.88888889,-3.24672881,-2.625962754,5.5,417.8,5.376361517,428.552723,407.047277,1474272
ADBL,9/29/2019,410,418,407,418,1.95%,23666,9660085,0.019512195,0.019324273,413.6,417.4,415.5491846,418.3243616,58.97435897,-2.775177072,-2.655805618,5.857142857,417.4,5.019960159,427.4399203,407.3600797,1497938
ADBL,9/30/2019,412,415,411,415,-0.72%,9318,3850246,-0.007177033,-0.007202912,413.8,417.1,415.4646946,418.0781126,48.71794872,-2.613417994,-2.647328093,5.714285714,417.1,4.972556263,427.0451125,407.1548875,1488620
ADBL,10/1/2019,412,418,412,417,0.48%,11045,4591929,0.004819277,0.004807702,414.4,417.1,415.7008955,417.9982524,58.97435897,-2.297356973,-2.577333869,5.928571429,417.1,4.972556263,427.0451125,407.1548875,1499665
ADBL,10/2/2019,417,417,411,411,-1.44%,3711,1533696,-0.014388489,-0.014493007,414.2,416.45,414.9776808,417.4798634,66.66666667,-2.502182589,-2.562303613,6.071428571,416.45,4.871776937,426.1935539,406.7064461,1495954
ADBL,10/3/2019,415,418,415,416,1.22%,3319,1382343,0.01216545,0.012092046,415.4,415.95,415.1349606,417.3702438,71.42857143,-2.2352832,-2.49689953,6.285714286,415.95,4.322219216,424.5944384,407.3055616,1499273
ADBL,10/10/2019,413,415,412,415,-0.24%,1419,588663,-0.002403846,-0.00240674,414.8,415.45,415.1141975,417.1946702,66.66666667,-2.080472758,-2.413614176,6.214285714,415.45,3.762348091,422.9746962,407.9253038,1497854
ADBL,10/14/2019,415,415,409,410,-1.20%,15531,6379450,-0.012048193,-0.012121361,413.8,414.85,414.3273979,416.6617317,58,-2.334333833,-2.397758107,6.214285714,414.85,3.616846547,422.0836931,407.6163069,1482323
ADBL,10/15/2019,412,416,410,413,0.73%,34190,14041612,0.007317073,0.007290433,413,414.6,414.1231828,416.3904923,52.72727273,-2.267309504,-2.371668387,5.928571429,414.6,3.560011827,421.7200237,407.4799763,1516513
ADBL,10/16/2019,415,415,412,414,0.24%,10681,4403933,0.002421308,0.002418381,413.6,414.4,414.1042316,416.2134188,44.89795918,-2.109187201,-2.31917215,5.785714286,414.4,3.470173665,421.3403473,407.4596527,1527194
ADBL,10/17/2019,415,416,412,414,0.00%,15319,6348448,0,0,413.2,414.2,414.088196,416.0494619,37.28813559,-1.961265884,-2.247590896,5.214285714,414.2,3.365459224,420.9309184,407.4690816,1527194
ADBL,10/20/2019,412,414,411,413,-0.24%,11108,4588978,-0.002415459,-0.002418381,412.8,414.05,413.9207812,415.8235758,41.26984127,-1.902794585,-2.178631634,5.214285714,414.05,3.3478194,420.7456388,407.3543612,1516086
ADBL,10/21/2019,412,415,411,412,-0.24%,13609,5614798,-0.002421308,-0.002424244,413.2,414,413.6252764,415.540348,37.5,-1.91507155,-2.125919617,5.285714286,414,3.371708922,420.7434178,407.2565822,1502477
ADBL,10/22/2019,411,413,409,411,-0.24%,7228,2965213,-0.002427184,-0.002430135,412.8,414.15,413.2213877,415.2040259,36.50793651,-1.982638157,-2.097263325,5.285714286,414.15,3.150187964,420.4503759,407.8496241,1495249
ADBL,10/23/2019,415,416,411,413,0.49%,2992,1233519,0.00486618,0.004854378,412.6,413.9,413.1873281,415.0407647,33.82352941,-1.853436631,-2.048497986,5.428571429,413.9,3.024461675,419.9489233,407.8510767,1498241
ADBL,10/24/2019,415,416,412,414,0.24%,9027,3743021,0.002421308,0.002418381,412.6,413.45,413.3123545,414.963671,34.32835821,-1.651316499,-1.969061689,4.928571429,413.45,2.139232523,417.728465,409.171535,1507268
ADBL,10/31/2019,415,417,410,413,-0.24%,4949,2045232,-0.002415459,-0.002418381,412.6,413.45,413.2643,414.8182139,37.5,-1.553913929,-1.886032137,4.928571429,413.45,2.139232523,417.728465,409.171535,1502319
ADBL,11/3/2019,412,413,410,412,-0.24%,4909,2018398,-0.002421308,-0.002424244,412.6,413.35,413.0697923,414.6094573,32.78688525,-1.539665033,-1.816758716,4.714285714,413.35,2.158825217,417.6676504,409.0323496,1497410
ADBL,11/4/2019,414,414,410,413,0.24%,13907,5720752,0.002427184,0.002424244,413,413.3,413.059055,414.4902383,26.31578947,-1.431183247,-1.739643622,4.571428571,413.3,2.154554539,417.6091091,408.9908909,1511317
ADBL,11/5/2019,415,416,413,416,0.73%,12478,5166249,0.007263923,0.007237667,413.6,413.5,413.5115081,414.6020725,23.63636364,-1.090564376,-1.609827773,4.285714286,413.5,2.212405216,417.9248104,409.0751896,1523795
ADBL,11/6/2019,415,417,415,415,-0.24%,16754,6966192,-0.002403846,-0.00240674,413.8,413.75,413.7405068,414.6315486,22.03389831,-0.891041734,-1.466070565,4.142857143,413.75,2.074278568,417.8985571,409.6014429,1507041
ADBL,11/7/2019,417,417,414,415,0.00%,18305,7596806,0,0,414.2,413.6,413.934275,414.6588413,33.33333333,-0.724566255,-1.317769703,3.928571429,413.6,1.846761034,417.2935221,409.9064779,1507041
ADBL,11/10/2019,414,419,410,419,0.96%,11958,4968204,0.009638554,0.0095924,415.6,413.8,414.7136173,414.9804086,46.77419355,-0.266791264,-1.107574015,4.142857143,413.8,2.19089023,418.1817805,409.4182195,1518999
ADBL,11/11/2019,414,421,414,421,0.48%,3581,1494243,0.00477327,0.004761914,417.2,414,415.6807531,415.4263043,50,0.254448872,-0.835169438,4.428571429,414,2.635786111,419.2715722,408.7284278,1522580
ADBL,11/12/2019,425,425,414,417,-0.95%,12550,5243574,-0.009501188,-0.009546612,417.4,414.3,415.8837142,415.5428743,60.71428571,0.340839875,-0.599967575,4.928571429,414.3,2.617753155,419.5355063,409.0644937,1510030
ADBL,11/13/2019,414,417,413,416,-0.24%,23563,9781256,-0.002398082,-0.002400962,417.6,414.3,415.9016043,415.5767355,56.8627451,0.324868838,-0.415000293,5,414.3,2.617753155,419.5355063,409.0644937,1486467
ADBL,11/14/2019,416,417,415,417,0.24%,18775,7799457,0.002403846,0.002400962,418,414.4,416.0705883,415.6821625,58,0.388425788,-0.254315076,4.857142857,414.4,2.683281573,419.7665631,409.0334369,1505242
ADBL,11/17/2019,420,423,410,415,-0.48%,11182,4636886,-0.004796163,-0.004807702,417.2,414.65,415.9058824,415.6316319,55.76923077,0.274250456,-0.14860197,5.5,414.65,2.476733842,419.6034677,409.6965323,1494060
ADBL,11/18/2019,415,418,415,418,0.72%,52113,21663469,0.007228916,0.007202912,416.6,414.9,416.2280543,415.8070666,51.78571429,0.420987725,-0.034684031,5.357142857,414.9,2.552604449,420.0052089,409.7947911,1546173
ADBL,11/19/2019,420,420,415,416,-0.48%,21222,8812035,-0.004784689,-0.004796172,416.4,415,416.192969,415.821358,46.77419355,0.371611082,0.046574992,5.428571429,415,2.554665495,420.109331,409.890669,1524951
ADBL,11/20/2019,415,418,415,416,0.00%,12638,5262075,0,0,416.4,415.1,416.1632815,415.8345907,52.17391304,0.328690794,0.102998152,5.142857143,415.1,2.552604449,420.2052089,409.9947911,1524951
ADBL,11/21/2019,418,418,408,412,-0.96%,9107,3750461,-0.009615385,-0.009661911,415.4,415.05,415.5227766,415.5505469,50.70422535,-0.027770296,0.076844463,5.642857143,415.05,2.605156829,420.2603137,409.8396863,1515844
ADBL,11/24/2019,409,410,404,404,-1.94%,14677,5970416,-0.019417476,-0.019608471,413.2,414.65,413.7500418,414.6949509,55.84415584,-0.944909095,-0.127506249,5.928571429,414.65,3.543340678,421.7366814,407.5633186,1501167
ADBL,11/25/2019,405,412,404,409,1.24%,5669,2300207,0.012376238,0.012300278,411.4,414.55,413.0192661,414.2731027,52.77777778,-1.25383654,-0.352772307,6.285714286,414.55,3.677456215,421.9049124,407.1950876,1506836
ADBL,11/26/2019,410,410,402,405,-0.98%,11131,4527014,-0.009779951,-0.009828089,409.2,414.15,411.7855329,413.5862062,54.28571429,-1.800673296,-0.642352505,6.714285714,414.15,4.246050797,422.6421016,405.6578984,1495705
ADBL,11/27/2019,403,409,403,409,0.99%,5247,2134304,0.009876543,0.009828089,407.8,413.9,411.3569894,413.2464872,46.26865672,-1.889497839,-0.891781572,6.928571429,413.9,4.399760759,422.6995215,405.1004785,1500952
ADBL,11/28/2019,409,409,404,404,-1.22%,5609,2273029,-0.012224939,-0.012300278,406.2,413.45,410.2251448,412.5615622,37.93103448,-2.336417378,-1.180708733,6.642857143,413.45,4.92549757,423.3009951,403.5990049,1495343
ADBL,12/1/2019,405,405,402,404,0.00%,5892,2378496,0,0,406.2,413.05,409.2674302,411.9273724,56.09756098,-2.659942175,-1.476555421,6.357142857,413.05,5.355518551,423.7610371,402.3389629,1495343
ADBL,12/2/2019,404,405,400,403,-0.25%,17229,6915001,-0.002475248,-0.002478316,405,412.55,408.3032102,411.2660856,54.32098765,-2.962875367,-1.77381941,5.928571429,412.55,5.808115919,424.1662318,400.9337682,1478114
ADBL,12/3/2019,401,403,401,401,-0.50%,6534,2626827,-0.004962779,-0.004975135,404.2,411.8,407.1796394,410.5056348,51.80722892,-3.325995385,-2.084254605,5.785714286,411.8,6.287832862,424.3756657,399.2243343,1471580
ADBL,12/4/2019,401,406,401,405,1.00%,11388,4598818,0.009975062,0.00992564,403.4,411.3,406.8443103,410.09781,51.80722892,-3.253499725,-2.318103629,6,411.3,6.416262234,424.1325245,398.4674755,1482968
ADBL,12/5/2019,405,407,403,405,0.00%,6589,2668532,0,0,403.6,410.8,406.5605702,409.7201944,51.80722892,-3.159624211,-2.486407745,5.357142857,410.8,6.501821607,423.8036432,397.7963568,1482968
ADBL,12/8/2019,406,409,403,409,0.99%,6252,2533350,0.009876543,0.009828089,404.6,410.3,406.9358671,409.6668467,51.19047619,-2.730979587,-2.535322114,5.571428571,410.3,6.216277444,422.7325549,397.8674451,1489220
ADBL,12/9/2019,408,415,404,411,0.49%,10680,4366673,0.004889976,0.004878058,406.2,409.8,407.5611183,409.7655988,64.55696203,-2.20448047,-2.469153785,6,409.8,5.690250203,421.1805004,398.4194996,1499900
ADBL,12/10/2019,410,418,406,415,0.97%,67690,27991687,0.00973236,0.009685306,409,409.7,408.7055617,410.1533322,55.12820513,-1.447770558,-2.264877139,6.642857143,409.7,5.573433223,420.8468664,398.5531336,1567590
ADBL,12/11/2019,416,418,414,414,-0.24%,13042,5425088,-0.002409639,-0.002412546,410.8,409.6,409.5200906,410.4382706,56.57894737,-0.918179937,-1.995537699,6.214285714,409.6,5.471457037,420.5429141,398.6570859,1554548
ADBL,12/12/2019,415,415,409,412,-0.48%,21051,8651874,-0.004830918,-0.004842624,412.2,409.35,409.9016152,410.5539542,46.75324675,-0.652339081,-1.726897975,6.071428571,409.35,5.224184651,419.7983693,398.9016307,1533497
ADBL,12/15/2019,412,416,411,413,0.24%,8639,6113167,0.002427184,0.002424244,413,409.25,410.3782897,410.7351428,46.05263158,-0.356853064,-1.452888993,5.857142857,409.25,5.128609127,419.5072183,398.9927817,1542136
ADBL,12/16/2019,415,415,406,406,-0.98%,9861,4023567,-0.016949153,-0.017094433,412,408.65,409.7047067,410.3843915,50,-0.679684783,-1.298248151,5.928571429,408.65,4.738143096,418.1262862,399.1737138,1532275
ADBL,12/17/2019,405,410,405,407,0.25%,6407,2614923,0.002463054,0.002460026,410.4,408.2,409.288598,410.1336958,54.05405405,-0.845097841,-1.207618089,5.857142857,408.2,4.420050012,417.0401,399.3599,1538682
ADBL,12/18/2019,405,410,405,406,-0.25%,9668,3924288,-0.002457002,-0.002460026,408.8,407.7,408.7826598,409.8274961,54.05405405,-1.044836302,-1.175061732,5.857142857,407.7,4.040583595,415.7811672,399.6188328,1529014
ADBL,12/19/2019,404,407,403,404,-0.49%,5118,2069300,-0.004926108,-0.004938282,407.2,407.3,408.046866,409.3958298,32,-1.348963742,-1.209842134,5.928571429,407.3,3.988140313,415.2762806,399.3237194,1523896
ADBL,12/22/2019,407,414,407,412,1.98%,13018,5365096,0.01980198,0.019608471,407,407.7,408.6550405,409.5887313,31.37254902,-0.933690782,-1.154611863,6.285714286,407.7,4.040583595,415.7811672,399.6188328,1536914
ADBL,12/23/2019,414,414,407,412,0.00%,20783,8553060,0,0,408.2,407.85,409.1696496,409.7673438,31.37254902,-0.597694123,-1.043228315,6.642857143,407.85,4.145701642,416.1414033,399.5585967,1536914
ADBL,12/24/2019,415,416,412,413,0.24%,19873,8215515,0.002427184,0.002424244,409.4,408.25,409.7589343,410.0067998,32,-0.247865469,-0.884155746,6.571428571,408.25,4.241089731,416.7321795,399.7678205,1556787
ADBL,12/25/2019,412,415,412,414,0.24%,31149,12870441,0.002421308,0.002418381,411,408.5,410.4114059,410.3025924,37.25490196,0.108813567,-0.685561884,6.5,408.5,4.430753767,417.3615075,399.6384925,1587936
ADBL,12/26/2019,414,417,413,417,0.72%,103337,42860821,0.007246377,0.007220248,413.6,409.15,411.4250358,410.7986966,42.22222222,0.626339153,-0.423181676,6.357142857,409.15,4.682273402,418.5145468,399.7854532,1691273
ADBL,12/29/2019,386,386,366,370,-5.95%,20987,7732644,-0.112709832,-0.119583216,405.2,407.45,405.0519534,407.776571,27.5,-2.7246176,-0.883468861,9.214285714,407.45,9.907333807,427.2646676,387.6353324,1670286
ADBL,12/30/2019,369,369,361,365,-1.35%,8211,2990119,-0.013513514,-0.013605652,395.8,405.55,398.8901144,404.6079361,31.42857143,-5.717821694,-1.850339428,9,405.55,13.7169699,432.9839398,378.1160602,1662075
ADBL,12/31/2019,365,366,361,366,0.27%,8569,3116675,0.002739726,0.00273598,386.4,403.8,393.8300968,401.748089,29.72972973,-7.917992175,-3.063869977,9.071428571,403.8,16.31466889,436.4293378,371.1706622,1670644
ADBL,1/1/2020,364,367,359,367,0.27%,7109,2563497,0.00273224,0.002728515,377,401.9,389.7023896,399.1741565,36.66666667,-9.471766858,-4.345449353,9.214285714,401.9,18.26385559,438.4277112,365.3722888,1677753
ADBL,1/2/2020,367,368,359,359,-2.18%,6793,2451873,-0.021798365,-0.02203946,365.4,399.6,384.978945,396.198293,38.70967742,-11.21934797,-5.720229077,9.5,399.6,20.5999489,440.7998978,358.4001022,1670960
ADBL,1/5/2020,360,364,360,363,1.11%,11390,4128436,0.011142061,0.011080446,364,397.3,381.5975689,393.7391602,31.03448276,-12.14159131,-7.004501524,9.214285714,397.3,22.01458846,441.3291769,353.2708231,1682350
ADBL,1/6/2020,365,372,365,371,2.20%,26892,9911798,0.022038567,0.021799228,365.2,395.3,379.9671737,392.054778,25.92592593,-12.08760429,-8.021122077,9.5,395.3,22.5157255,440.331451,350.268549,1709242
ADBL,1/7/2020,375,376,370,373,0.54%,9507,3548794,0.005390836,0.005376357,366.6,393.2,378.8953008,390.6433129,25.92592593,-11.74801213,-8.766500087,9.571428571,393.2,22.54025638,438.2805128,348.1194872,1718749
ADBL,1/8/2020,372,373,369,369,-1.07%,10093,3736193,-0.010723861,-0.010781776,367,390.95,377.3729468,389.0401046,25.92592593,-11.66715773,-9.346631616,9.571428571,390.95,22.60059384,436.1511877,345.7488123,1708656
ADBL,1/9/2020,369,369,363,365,-1.08%,11059,4034153,-0.010840108,-0.01089929,368.2,388.6,375.4694165,387.2593561,20.58823529,-11.78993953,-9.835293199,9.285714286,388.6,22.73971717,434.0794343,343.1205657,1697597
ADBL,1/12/2020,371,373,366,371,1.64%,15768,6383867,0.016438356,0.016304709,369.8,386.5,374.781814,386.0549593,41.46341463,-11.27314533,-10.12286362,9.357142857,386.5,22.30293821,431.1058764,341.8941236,1713365
ADBL,1/13/2020,374,382,374,379,1.88%,39441,14944718,0.021563342,0.021334142,371.4,385.15,375.4307657,385.5323697,35.41666667,-10.10160405,-10.11861171,9.857142857,385.15,21.87349995,428.8969999,341.4030001,1752806
ADBL,1/14/2020,375,380,375,378,-0.26%,11083,4188931,-0.002638522,-0.002642009,372.4,383.7,375.8260325,384.9744164,35.41666667,-9.148383924,-9.924566153,10,383.7,21.302582,426.305164,341.094836,1741723
ADBL,1/15/2020,385,386,378,386,2.12%,22021,8444325,0.021164021,0.020943174,375.8,382.7,377.3912583,385.0503856,35.41666667,-7.659127309,-9.471478384,10.28571429,382.7,20.66041218,424.0208244,341.3791756,1763744
ADBL,1/16/2020,389,398,386,391,1.30%,30689,12019646,0.012953368,0.012870191,381,382.05,379.4849108,385.4910978,34.69387755,-6.006186915,-8.77842009,7.5,382.05,20.1532941,422.3565882,341.7434118,1794433
ADBL,1/19/2020,395,398,392,396,1.28%,37203,14701779,0.012787724,0.012706651,386,381.25,382.0256938,386.269535,40,-4.243841171,-7.871504306,7.357142857,381.25,19.19669654,419.6433931,342.8566069,1831636
ADBL,1/20/2020,402,407,386,389,-1.77%,50503,20032538,-0.017676768,-0.017834868,388,380.1,383.098664,386.4717916,33.89830508,-3.373127655,-6.971828976,8.5,380.1,17.90295477,415.9059095,344.2940905,1781133
ADBL,1/21/2020,396,397,385,389,0.00%,20945,8165334,0,0,390.2,378.9,384.0065618,386.6590663,54.21686747,-2.6525045,-6.107964081,8.785714286,378.9,16.31563667,411.5312733,346.2687267,1781133
ADBL,1/22/2020,395,395,383,386,-0.77%,13717,5283816,-0.007712082,-0.007741974,390.2,377.5,384.3132446,386.6102466,60.41666667,-2.297001976,-5.34577166,9,377.5,14.21081871,405.9216374,349.0783626,1767416
ADBL,1/23/2020,390,390,380,382,-1.04%,11817,4525230,-0.010362694,-0.010416761,388.4,375.75,383.9573608,386.2687469,61.8556701,-2.311386017,-4.738894531,9.357142857,375.75,10.84762889,397.4452578,354.0547422,1755599
ADBL,1/26/2020,379,384,372,372,-2.62%,16983,6973842,-0.02617801,-0.026526754,383.6,375.85,382.1177669,385.2118026,60.60606061,-3.09403578,-4.409922781,9.571428571,375.85,10.80095025,397.4519005,354.2480995,1738616
ADBL,1/27/2020,368,387,368,387,4.03%,23768,8983346,0.040322581,0.039530839,383.2,376.95,382.8688797,385.3442617,59.40594059,-2.475382053,-4.023014636,10.5,376.95,10.75798357,398.4659671,355.4340329,1762384
ADBL,1/28/2020,387,389,380,386,-0.26%,14063,5426067,-0.002583979,-0.002587324,382.6,377.95,383.3505905,385.3928349,59,-2.042244438,-3.626860596,10.85714286,377.95,10.61515798,399.180316,356.719684,1748321
ADBL,1/29/2020,380,387,379,384,-0.52%,8241,3167261,-0.005181347,-0.005194817,382.2,378.8,383.4504996,385.289662,59.5959596,-1.839162323,-3.269320941,11,378.8,10.36999721,399.5399944,358.0600056,1740080
ADBL,1/30/2020,385,388,383,384,0.00%,10082,3881197,0,0,382.6,380.05,383.5350382,385.1941314,60,-1.65909329,-2.947275411,10.78571429,380.05,9.310294246,398.6705885,361.4294115,1740080
ADBL,2/2/2020,384,392,383,390,1.56%,25714,9961174,0.015625,0.015504187,386.2,381.4,384.5296477,385.5501217,67.01030928,-1.020474038,-2.561915137,10.64285714,381.4,8.64139365,398.6827873,364.1172127,1765794
ADBL,2/3/2020,391,395,388,388,-0.51%,22861,8942881,-0.005128205,-0.0051414,386.4,382.25,385.063548,385.7315942,67.67676768,-0.668046146,-2.183141338,10.78571429,382.25,8.397211317,399.0444226,365.4555774,1742933
ADBL,2/4/2020,392,396,385,386,-0.52%,32960,12843675,-0.005154639,-0.00516797,386.4,382.9,385.2076176,385.7514761,68.36734694,-0.543858524,-1.855284776,11,382.9,8.142804379,399.1856088,366.6143912,1709973
ADBL,2/5/2020,390,390,382,385,-0.26%,12291,4724019,-0.002590674,-0.002594035,386.6,383.7,385.1756764,385.6958112,67.67676768,-0.520134792,-1.588254779,10.71428571,383.7,7.462890649,398.6257813,368.7742187,1697682
ADBL,2/6/2020,383,390,382,385,0.00%,11711,4498341,0,0,386.8,384.7,385.1486493,385.6442696,66.66666667,-0.495620361,-1.369727895,10.78571429,384.7,6.027131639,396.7542633,372.6457367,1697682
ADBL,2/9/2020,382,384,380,381,-1.04%,11030,4203898,-0.01038961,-0.010443959,385,385.2,384.5103955,385.3002496,77.52808989,-0.789854121,-1.25375314,9.642857143,385.2,5.187028355,395.5740567,374.8259433,1686652
ADBL,2/10/2020,382,385,377,380,-0.26%,14196,5392970,-0.002624672,-0.002628122,383.4,385.25,383.8164885,384.9076386,68.75,-1.09115004,-1.22123252,9.357142857,385.25,5.128609127,395.5072183,374.9927817,1672456
ADBL,2/11/2020,386,390,382,385,1.32%,13972,5372893,0.013157895,0.013072082,383.2,385.6,383.9985672,384.9144802,61.53846154,-0.915912939,-1.160168604,9.214285714,385.6,4.838442551,395.2768851,375.9231149,1686428
ADBL,2/12/2020,392,392,383,388,0.78%,34048,13187956,0.007792208,0.007762005,383.8,385.7,384.6141723,385.1430372,58.82352941,-0.528864921,-1.033907867,9.142857143,385.7,4.86772399,395.435448,375.964552,1720476
ADBL,2/13/2020,386,388,380,384,-1.03%,20972,8056938,-0.010309278,-0.010362787,383.6,385.35,384.5196842,385.0583678,60,-0.53868354,-0.934863002,8.857142857,385.35,4.715874647,394.7817493,375.9182507,1699504
ADBL,2/16/2020,385,390,383,390,1.56%,29836,11495363,0.015625,0.015504187,385.4,385.05,385.3628097,385.4244146,57.69230769,-0.061604867,-0.760211375,8,385.05,4.160908302,393.3718166,376.7281834,1729340
ADBL,2/17/2020,392,401,390,396,1.54%,42746,16881808,0.015384615,0.015267472,388.6,385.4,386.9993005,386.2077913,51.85185185,0.791509248,-0.44986725,8.142857143,385.4,4.761689218,394.9233784,375.8766216,1772086
ADBL,2/18/2020,402,408,395,397,0.25%,41812,17077245,0.002525253,0.002522069,391,385.8,388.5378697,387.0072142,50.90909091,1.530655529,-0.053762695,8.5,385.8,5.376361517,396.552723,375.047277,1813898
ADBL,2/19/2020,404,404,394,397,0.00%,17687,7020931,0,0,392.8,386.35,389.8397359,387.7474205,44.89795918,2.092315372,0.375452919,8.857142857,386.35,5.931849805,398.2136996,374.4863004,1813898
ADBL,2/20/2020,397,400,395,398,0.25%,25763,10261284,0.002518892,0.002515725,395.6,387.15,391.0951611,388.5068708,38.63636364,2.588290288,0.818020393,8.571428571,387.15,6.376560696,399.9031214,374.3968786,1839661
ADBL,2/23/2020,402,436,402,431,8.29%,130275,54549671,0.082914573,0.079656085,403.8,390.1,397.2343671,391.65451,24.48979592,5.579857071,1.770387728,10.78571429,390.1,10.98276161,412.0655232,368.1344768,1969936
ADBL,2/24/2020,431,450,425,432,0.23%,104982,45685687,0.002320186,0.002317498,411,392.35,402.582926,394.6430649,29.16666667,7.939861165,3.004282416,11.78571429,392.35,14.39398632,421.1379726,363.5620274,2074918
ADBL,2/25/2020,436,436,416,435,0.69%,48731,20960026,0.006944444,0.006920443,418.6,394.8,407.5701682,397.6324675,28.57142857,9.937700713,4.390966075,12.64285714,394.8,17.16054226,429.1210845,360.4789155,2123649
ADBL,2/26/2020,439,453,437,453,4.14%,88846,39626514,0.04137931,0.040546094,429.8,398.25,414.5593731,401.7337662,26.41509434,12.8256069,6.077894241,13.35714286,398.25,21.309437,440.868874,355.631126,2212495
ADBL,2/27/2020,445,474,440,467,3.09%,110009,50225106,0.030905077,0.030437132,443.6,402.4,422.6271618,406.568302,18.36734694,16.05885982,8.074087357,15.42857143,402.4,25.96232088,454.3246418,350.4753582,2322504
ADBL,3/1/2020,467,475,450,452,-3.21%,86815,40061842,-0.032119914,-0.032647078,447.8,405.5,427.14606,409.933613,33.33333333,17.21244704,9.901759294,16.64285714,405.5,28.02348639,461.5469728,349.4530272,2235689
ADBL,3/2/2020,445,452,420,420,-7.08%,52575,23091367,-0.07079646,-0.073427469,445.4,407.1,426.0466662,410.6792713,30,15.36739489,10.99488641,18.21428571,407.1,27.88491386,462.8698277,351.3301723,2183114
ADBL,3/3/2020,420,445,390,425,1.19%,83824,35385793,0.011904762,0.011834458,443.4,409.05,425.8856406,411.740066,30,14.14557461,11.62502405,21.5,409.05,27.69471734,464.4394347,353.6605653,2266938
ADBL,3/4/2020,420,425,410,416,-2.12%,59890,24900666,-0.021176471,-0.021403909,436,410.6,424.3647728,412.0556167,28.57142857,12.30915616,11.76185047,22,410.6,27.13979405,464.8795881,356.3204119,2207048
ADBL,3/5/2020,408,416,400,405,-2.64%,51446,20980918,-0.026442308,-0.026798193,423.6,411.6,421.385577,411.5329784,36.92307692,9.852598612,11.3800001,22.64285714,411.6,26.50799284,464.6159857,358.5840143,2155602
ADBL,3/10/2020,397,397,380,380,-6.17%,44333,17141923,-0.061728395,-0.063715814,409.2,411.55,415.0185651,409.1972022,35.29411765,5.821362943,10.26827267,23.64285714,411.55,26.56962056,464.6892411,358.4107589,2111269
ADBL,3/11/2020,378,407,378,406,6.84%,73399,29189227,0.068421053,0.066181907,406.4,412.85,413.6310936,408.9603724,38.0952381,4.670721175,9.148762371,24.78571429,412.85,25.56163861,463.9732772,361.7267228,2184668
ADBL,3/12/2020,406,410,390,397,-2.22%,66328,26206574,-0.022167488,-0.022416879,400.8,413.45,411.0724638,408.0744189,38.0952381,2.998044904,7.918618877,25.5,413.45,25.00836702,463.466734,363.433266,2118340
ADBL,3/15/2020,390,394,378,382,-3.78%,67992,26126277,-0.037783375,-0.038515672,394,413.15,406.5997771,406.1429805,40.90909091,0.456796602,6.426254422,26.5,413.15,25.36320377,463.8764075,362.4235925,2050348
ADBL,3/16/2020,380,391,371,382,0.00%,34352,13129517,0,0,389.4,413.05,402.815196,404.3546115,45.76271186,-1.539415562,4.833120425,25.21428571,413.05,25.48781959,464.0256392,362.0743608,2050348
ADBL,3/17/2020,379,380,370,378,-1.05%,45920,17239532,-0.010471204,-0.010526413,389,412.45,398.9974735,402.4024181,43.10344828,-3.404944573,3.185507426,24.28571429,412.45,26.19054671,464.8310934,360.0689066,2004428
ADBL,3/18/2020,371,385,361,370,-2.12%,50811,20168668,-0.021164021,-0.02139119,381.8,411.15,394.5363237,400.002239,44.64285714,-5.465915227,1.455222895,24.57142857,411.15,27.6543991,466.4587982,355.8412018,1953617
ADBL,3/19/2020,367,385,360,376,1.62%,34900,12872297,0.016216216,0.016086138,377.6,410.1,391.6845816,398.2242953,47.16981132,-6.539713715,-0.143764427,25.07142857,410.1,28.60235544,467.3047109,352.8952891,1988517
ADBL,3/22/2020,369,376,362,368,-2.13%,5639,2049363,-0.021276596,-0.021506205,374.8,408.65,388.0407998,395.9854587,40.98360656,-7.944658812,-1.703943304,23.64285714,408.65,30.00223676,468.6544735,348.6455265,1982878
ADBL,5/12/2020,361,361,357,357,-2.99%,470,168590,-0.029891304,-0.030347156,369.8,406.6,383.2652922,393.0976469,29.41176471,-9.832354728,-3.329625589,22.64285714,406.6,32.0959089,470.7918178,342.4081822,1982408
ADBL,5/13/2020,350,350,347,347,-2.80%,240,83430,-0.028011204,-0.028411002,363.6,402.4,377.6860165,389.6830064,39.28571429,-11.99698994,-5.063098458,21.07142857,402.4,34.16430886,470.7286177,334.0713823,1982168
ADBL,6/29/2020,341,341,313,329,-5.19%,12955,4203324,-0.051873199,-0.053267029,355.4,397.25,370.1958601,385.1879689,37.93103448,-14.9921088,-7.048900527,19.57142857,397.25,37.10422731,471.4584546,323.0415454,1969213
ADBL,6/30/2020,323,352,320,350,6.38%,4499,1531567,0.063829787,0.061875404,350.2,393,367.0888047,382.5814527,46.66666667,-15.49264799,-8.737650019,20.78571429,393,37.41938704,467.8387741,318.1612259,1973712
ADBL,7/1/2020,350,384,350,380,8.57%,16073,6031916,0.085714286,0.082238098,352.6,389.35,369.0751424,382.390234,36.66666667,-13.31509153,-9.653138321,22.07142857,389.35,34.72186479,458.7937296,319.9062704,1989785
ADBL,7/2/2020,382,394,343,345,-9.21%,13518,4961644,-0.092105263,-0.096626836,350.2,383.25,365.3712744,379.620587,40.74074074,-14.24931263,-10.57237318,23.92857143,383.25,30.86451718,444.9790344,321.5209656,1976267
ADBL,7/5/2020,350,365,345,356,3.19%,29844,10573328,0.031884058,0.031386314,352,378.45,363.9295398,377.8709139,45.09803922,-13.94137404,-11.24617336,23.28571429,378.45,26.80823715,432.0664743,324.8335257,2006111
ADBL,7/6/2020,349,368,349,365,2.53%,25485,9168079,0.025280899,0.024966623,359.2,375.7,364.094226,376.9175129,40.42553191,-12.82328683,-11.56159605,23.21428571,375.7,25.08742608,425.8748522,325.5251478,2031596
ADBL,7/7/2020,370,379,367,374,2.47%,16559,6193253,0.024657534,0.024358444,364,373.15,365.6181912,376.7014008,31.37254902,-11.08320954,-11.46591875,22.85714286,373.15,22.24333135,417.6366627,328.6633373,2048155
ADBL,7/8/2020,375,375,362,368,-1.60%,15958,5884211,-0.016042781,-0.016172859,361.6,370.75,365.9846234,376.0568526,32.65306122,-10.07222922,-11.18718084,22.35714286,370.75,19.83583944,410.4216789,331.0783211,2032197
ADBL,7/9/2020,365,371,360,368,0.00%,10849,3992157,0,0,366.2,368.9,366.2946813,375.4600487,32,-9.165367381,-10.78281815,22.28571429,368.9,18.12500454,405.1500091,332.6499909,2032197
ADBL,7/12/2020,370,377,368,375,1.90%,20839,7743924,0.019021739,0.018843088,370,368.65,367.6339611,375.425971,34.7826087,-7.792009902,-10.1846565,21.21428571,368.65,17.99787999,404.64576,332.65424,2053036
ADBL,7/13/2020,375,382,373,375,0.00%,38001,14255102,0,0,372,367.1,368.7671979,375.3944176,30.76923077,-6.627219741,-9.473169149,20.07142857,367.1,15.81438386,398.7287677,335.4712323,2053036
ADBL,7/14/2020,375,378,372,375,0.00%,9391,3518686,0,0,372.2,366,369.7260905,375.3652015,50,-5.639110985,-8.706357516,19.5,366,14.31965892,394.6393178,337.3606822,2053036
ADBL,7/15/2020,376,388,376,385,2.67%,34899,13356317,0.026666667,0.026317308,375.6,366.15,372.0759227,376.0788903,50.90909091,-4.002967533,-7.76567952,19.64285714,366.15,14.5105225,395.171045,337.128955,2087935
ADBL,7/16/2020,389,405,389,400,3.90%,49834,19851056,0.038961039,0.038221213,382,367.05,376.3719346,377.8508243,55.73770492,-1.4788897,-6.508321556,20.35714286,367.05,16.02456995,399.0991399,335.0008601,2137769
ADBL,7/19/2020,408,432,408,432,8.00%,90,37840,0.08,0.076961041,393.4,369.75,384.9300985,381.8618744,50,3.068224155,-4.593012414,20.21428571,369.75,21.5598921,412.8697842,326.6302158,2137859
ADBL,7/20/2020,453,475,424,442,2.31%,152858,68092920,0.023148148,0.022884294,406.8,373.35,393.7100834,386.3165503,37.83783784,7.393533025,-2.195703326,21.57142857,373.35,26.94297096,427.2359419,319.4640581,2290717
ADBL,7/21/2020,443,446,427,431,-2.49%,70227,30578724,-0.024886878,-0.025201792,418,376.1,399.4469936,389.6264355,36.84210526,9.820558117,0.207548963,20.5,376.1,29.87500275,435.8500055,316.3499945,2220490
ADBL,7/22/2020,445,445,420,426,-1.16%,55050,23499388,-0.011600928,-0.011668744,426.2,379,403.5320715,392.3207736,33.33333333,11.21129791,2.408298752,18.64285714,379,31.80036412,442.6007282,315.3992718,2165440
ADBL,7/23/2020,426,430,418,428,0.47%,33121,14073464,0.004694836,0.004683849,431.8,382.55,407.2963682,394.9636793,44.55445545,12.33268894,4.39317679,18.07142857,382.55,33.14954155,448.8490831,316.2509169,2198561
ADBL,7/26/2020,430,436,422,434,1.40%,60056,174034,0.014018692,0.013921339,432.2,386.9,411.4046193,397.8552586,43.56435644,13.54936067,6.224413566,17.71428571,386.9,33.93786893,454.7757379,319.0242621,2258617
ADBL,7/27/2020,434,440,430,433,-0.23%,51602,22780805,-0.002304147,-0.002306806,430.4,392.1,414.7269855,400.4585728,42.30769231,14.26841276,7.833213406,17.42857143,392.1,32.53807486,457.1761497,327.0238503,2207015
ADBL,7/28/2020,435,435,428,432,-0.23%,30474,13174150,-0.002309469,-0.00231214,430.6,396.2,417.3843724,402.7949748,37.93103448,14.58939759,9.184450242,17,396.2,32.11754726,460.4350945,331.9649055,2176541
ADBL,7/29/2020,430,432,421,422,-2.31%,61718,26266840,-0.023148148,-0.023420274,429.8,398.3,418.0944689,404.2175692,35.77235772,13.87689969,10.12294013,17,398.3,32.37461644,463.0492329,333.5507671,2114823
ADBL,7/30/2020,415,429,415,427,1.18%,34944,14753134,0.011848341,0.011778699,429.6,402.4,419.4645506,405.9051567,22.79792746,13.55939393,10.81023089,17.35714286,402.4,30.40152351,463.203047,341.596953,2149767
ADBL,8/2/2020,419,422,406,406,-4.92%,64556,26822481,-0.049180328,-0.050430854,424,404.9,417.3930813,405.9121821,27.17948718,11.48089917,10.94436455,18.21428571,404.9,28.37326392,461.6465278,348.1534722,2085211
ADBL,8/3/2020,407,418,405,411,1.23%,26260,10785469,0.012315271,0.012240055,419.6,407.2,416.4095303,406.2890575,19.62616822,10.1204728,10.7795862,18.71428571,407.2,26.78884293,460.7776859,353.6223141,2111471
ADBL,8/5/2020,419,419,402,407,-0.97%,30060,15120480,-0.00973236,-0.009780029,414.6,408.85,414.9619103,406.3417199,29.79591837,8.620190345,10.34770703,19,408.85,25.62744212,460.1048842,357.5951158,2081411
ADBL,8/6/2020,405,408,401,406,-0.25%,33954,13697184,-0.002457002,-0.002460026,411.4,410.75,413.5831549,406.3164073,39.22261484,7.266747505,9.731515122,18.07142857,410.75,23.78162714,458.3132543,363.1867457,2047457
ADBL,8/9/2020,401,412,399,412,1.48%,33276,13555825,0.014778325,0.01467019,408.4,412.95,413.3395926,406.7374142,44.89795918,6.602178357,9.105647769,16.71428571,412.95,21.54914823,456.0482965,369.8517035,2080733
ADBL,8/10/2020,432,432,413,425,3.16%,30437,7395990,0.031553398,0.03106582,412.2,415.45,415.1335014,408.0901983,47.91666667,7.04330306,8.693178827,14.5,415.45,19.73902093,454.9280419,375.9719581,2111170
ADBL,8/11/2020,427,427,418,419,-1.41%,26345,11098187,-0.014117647,-0.014218249,413.8,417.65,415.7283473,408.8983318,53.13531353,6.830015542,8.32054617,13.78571429,417.65,17.29397522,452.2379504,383.0620496,2084825
ADBL,8/12/2020,414,422,414,419,0.00%,25454,10678938,0,0,416.2,419.85,416.2316785,409.6466035,56.25,6.585075002,7.973451937,12.57142857,419.85,14.08349164,448.0169833,391.6830167,2084825
ADBL,8/13/2020,425,425,414,415,-0.95%,27971,11636379,-0.009546539,-0.0095924,418,421.35,416.0421895,410.0431514,54.45205479,5.999038111,7.578569171,12.5,421.35,11.54522002,444.44044,398.25956,2056854
ADBL,8/16/2020,411,416,405,410,-1.20%,34679,14255478,-0.012048193,-0.012121361,417.6,421.85,415.1126219,410.039955,54.08163265,5.072666894,7.077388716,12.28571429,421.85,10.76189672,443.3737934,400.3262066,2022175
ADBL,8/17/2020,410,415,406,415,1.22%,20840,8552541,0.012195122,0.012121361,415.6,421,415.0952955,410.4073657,57.04467354,4.687929707,6.599496914,12.21428571,421,10.58797729,442.1759546,399.8240454,2043015
ADBL,8/18/2020,416,418,411,417,0.48%,16446,6833721,0.004819277,0.004807702,415.2,419.75,415.3883269,410.895709,59.85663082,4.492617898,6.178121111,12.21428571,419.75,9.385739463,438.5214789,400.9785211,2059461
ADBL,8/19/2020,410,415,408,409,-1.92%,25812,10604297,-0.019184652,-0.019371066,413.2,418.65,414.4055074,410.7552861,60.72727273,3.650221262,5.672541141,12.07142857,418.65,9.286521075,437.2230422,400.0769578,2033649
ADBL,8/20/2020,410,412,406,412,0.73%,8351,3426715,0.007334963,0.007308193,412.6,417.95,414.0354293,410.8474872,81.9047619,3.187942174,5.175621348,11.5,417.95,9.230812247,436.4116245,399.4883755,2042000
ADBL,8/23/2020,419,419,411,414,0.49%,8109,3340366,0.004854369,0.004842624,413.4,417.25,414.0299787,411.0810066,77.61904762,2.948972038,4.730291486,10.57142857,417.25,8.955298343,435.1605967,399.3394033,2050109
ADBL,8/24/2020,418,420,415,420,1.45%,30112,12593335,0.014492754,0.014388737,414.4,416.55,414.9484435,411.7416728,90.86021505,3.206770683,4.425587325,10.07142857,416.55,8.081655641,432.7133113,400.3866887,2080221
ADBL,8/25/2020,424,427,419,421,0.24%,39774,16763494,0.002380952,0.002378122,415.2,415.95,415.8794522,412.4274748,89.44099379,3.451977362,4.230865333,9.428571429,415.95,7.192649757,430.3352995,401.5647005,2119995
ADBL,8/26/2020,425,429,420,426,1.19%,39150,63048,0.011876485,0.011806513,418.6,415.65,417.4364595,413.4328471,85.2173913,4.003612483,4.185414763,9.571428571,415.65,6.587667905,428.8253358,402.4746642,2159145
ADBL,8/27/2020,429,430,425,425,-0.23%,30360,12934989,-0.002347418,-0.002350177,421.2,415.8,418.6000811,414.2896732,83.49514563,4.310407949,4.2104134,9,415.8,6.771457124,429.3429142,402.2570858,2128785
ADBL,8/30/2020,425,446,421,424,-0.24%,20137,8538916,-0.002352941,-0.002355714,423.2,415.65,419.4308379,415.0089567,72.72727273,4.421881228,4.252706966,9.357142857,415.65,6.539555755,428.7291115,402.5708885,2108648
ADBL,8/31/2020,429,431,423,429,1.18%,40437,17259504,0.011792453,0.011723464,425,416.8,420.9030167,416.0453302,61.29032258,4.857686434,4.373702859,9.285714286,416.8,6.771457124,430.3429142,403.2570858,2149085
ADBL,9/2/2020,436,440,432,436,1.63%,108553,47330139,0.016317016,0.016185324,428,418.05,423.2256295,417.5234539,59.5505618,5.702175567,4.639397401,9.5,418.05,7.863807836,433.7776157,402.3223843,2257638
ADBL,9/3/2020,436,438,430,432,-0.92%,54999,23870727,-0.009174312,-0.009216655,429.2,419.3,424.5755327,418.5957907,53.40909091,5.979741975,4.907466316,9.285714286,419.3,8.000657868,435.3013157,403.2986843,2202639
ADBL,9/6/2020,431,447,429,429,-0.69%,51535,22416879,-0.006944444,-0.006968669,430,420.45,425.2562199,419.3664728,54.65116279,5.889747087,5.10392247,9.785714286,420.45,7.632858332,435.7157167,405.1842833,2151104
ADBL,9/7/2020,426,429,422,424,-1.17%,30894,13097834,-0.011655012,-0.011723464,430,421.05,425.0629553,419.7096971,47.61904762,5.353258248,5.153789626,9.642857143,421.05,7.401813434,435.8536269,406.2463731,2120210
ADBL,9/8/2020,423,424,417,422,-0.47%,18591,7821382,-0.004716981,-0.004728141,428.6,420.9,424.5917314,419.8793492,42.85714286,4.712382283,5.065508157,9.642857143,420.9,7.347752968,435.5955059,406.2044941,2101619
ADBL,9/9/2020,443,443,418,423,0.24%,30486,12838279,0.002369668,0.002366865,426,421.1,424.3468497,420.1105085,45.34883721,4.236341202,4.899674766,10.78571429,421.1,7.347752968,435.7955059,406.4044941,2132105
ADBL,9/10/2020,444,444,422,425,0.47%,30353,12915245,0.004728132,0.00471699,424.6,421.4,424.4473343,420.472693,51.54639175,3.97464131,4.714668075,11.92857143,421.4,7.379915846,436.1598317,406.6401683,2162458
ADBL,9/13/2020,425,429,425,429,0.94%,40426,17276363,0.009411765,0.00936775,424.6,422.1,425.1477444,421.1043454,54.94505495,4.043399043,4.580414268,11.64285714,422.1,7.404834836,436.9096697,407.2903303,2202884
ADBL,9/14/2020,429,439,429,435,1.40%,64709,28833016,0.013986014,0.013889112,426.8,423.35,426.6634761,422.1336531,57.29166667,4.529822919,4.570295999,11.92857143,423.35,7.364745324,438.0794906,408.6205094,2267593
ADBL,9/15/2020,438,440,429,433,-0.46%,31509,15643116,-0.004597701,-0.004608303,429,424.25,427.6383259,422.9385677,45.19230769,4.699758173,4.596188434,12.14285714,424.25,7.390427664,439.0308553,409.4691447,2236084
ADBL,9/16/2020,435,435,426,430,-0.69%,35281,15146381,-0.006928406,-0.006952519,430.4,424.9,428.0016604,423.4616368,40.38461538,4.540023593,4.584955465,12.14285714,424.9,7.290224168,439.4804483,410.3195517,2200803
ADBL,9/17/2020,451,451,428,437,1.63%,95389,43278328,0.01627907,0.016147986,432.8,426.3,429.3860203,424.4644785,33,4.921541815,4.652272735,13.42857143,426.3,6.744198286,439.7883966,412.8116034,2296192
ADBL,9/20/2020,443,450,435,440,0.69%,53218,23477474,0.006864989,0.006841532,435,427.7,431.0189403,425.6152579,37.93103448,5.403682396,4.802554667,12.71428571,427.7,6.522027454,440.7440549,414.6559451,2349410
ADBL,9/21/2020,440,441,432,436,-0.91%,54729,23939779,-0.009090909,-0.009132484,435.2,428.8,431.7852572,426.384498,34.375,5.40075912,4.922195558,12.78571429,428.8,5.916969352,440.6339387,416.9660613,2294681
ADBL,9/22/2020,440,440,431,434,-0.46%,93124,40512500,-0.004587156,-0.004597709,435.4,429.5,432.1259868,426.9486093,26.21359223,5.177377532,4.973231953,12.64285714,429.5,5.642880936,440.7857619,418.2142381,2201557
ADBL,9/23/2020,438,438,430,436,0.46%,38716,16795791,0.004608295,0.004597709,436.6,430.25,432.7219888,427.6190827,27.55102041,5.102906173,4.999166797,12.64285714,430.25,5.447114156,441.1442283,419.3557717,2240273
ADBL,9/24/2020,438,438,431,435,-0.23%,43273,18838499,-0.002293578,-0.002296212,436.2,430.7,433.0724521,428.1658173,42.62295082,4.906634811,4.9806604,11.85714286,430.7,5.449287737,441.5985755,419.8014245,2197000
ADBL,9/27/2020,438,442,433,440,1.15%,66164,29061694,0.011494253,0.011428696,436.2,431.45,434.1382287,429.0424234,51.12781955,5.095805284,5.003689376,12,431.45,5.65196752,442.753935,420.146065,2263164
ADBL,9/28/2020,440,443,439,441,0.23%,31645,13938606,0.002272727,0.002270149,437.2,432.3,435.1938858,429.9281698,47.55244755,5.265715993,5.0560947,11.78571429,432.3,5.750057208,443.8001144,420.7998856,2294809
ADBL,9/29/2020,441,441,437,438,-0.68%,45801,20123201,-0.006802721,-0.006825965,438,432.75,435.6255957,430.5260832,39.30635838,5.09951252,5.064778264,10.28571429,432.75,5.829823505,444.409647,421.090353,2249008
ADBL,9/30/2020,445,445,434,436,-0.46%,37898,16510704,-0.00456621,-0.004576667,438,432.75,435.6831964,430.9315585,29.71428571,4.751637862,5.002150183,9.5,432.75,5.829823505,444.409647,421.090353,2211110
ADBL,10/1/2020,435,440,435,439,0.69%,17254,7569999,0.006880734,0.00685717,438.8,433.1,436.1934738,431.5292208,28.26086957,4.664253012,4.934570749,9.571428571,433.1,5.990343106,445.0806862,421.1193138,2228364
ADBL,10/4/2020,440,445,440,440,0.23%,76534,34367444,0.002277904,0.002275314,438.8,433.65,436.7790933,432.156686,22.90502793,4.622407297,4.872138059,9.285714286,433.65,6.098101516,445.846203,421.453797,2304898
ADBL,10/5/2020,441,443,438,439,-0.23%,40920,18011356,-0.002272727,-0.002275314,438.4,434.4,437.1207712,432.6635981,24.84848485,4.457173107,4.789145068,8.857142857,434.4,5.761944116,445.9238882,422.8761118,2263978
ADBL,10/6/2020,440,450,439,450,2.51%,117064,52769434,0.025056948,0.02474817,440.8,435.8,439.102191,433.947776,29.16666667,5.154415002,4.862199055,9,435.8,5.987706704,447.7754134,423.8245866,2381042
ADBL,10/7/2020,450,451,444,448,-0.44%,55530,24840967,-0.004444444,-0.00445435,443.2,437.05,440.4710847,434.9886815,29.51807229,5.48240321,4.986239886,7.857142857,437.05,5.780866808,448.6117336,425.4882664,2325512
ADBL,10/8/2020,450,450,442,443,-1.12%,37815,16826499,-0.011160714,-0.011223462,444,437.95,440.8601486,435.5821125,28.32369942,5.278036101,5.044599129,7.357142857,437.95,5.175600652,448.3012013,427.5987987,2287697
ADBL,10/11/2020,440,442,438,439,-0.90%,27787,12222562,-0.009029345,-0.009070357,443.8,438.45,440.5739719,435.8352894,30.24691358,4.738682541,4.983415811,7.071428571,438.45,4.729248299,447.9084966,428.9915034,2259910
ADBL,10/12/2020,455,455,436,440,0.23%,35458,15555436,0.002277904,0.002275314,444,438.7,440.4856685,436.1437864,31.21019108,4.341882087,4.855109067,7.785714286,438.7,4.669047012,448.038094,429.361906,2295368
ADBL,10/13/2020,440,440,438,439,-0.23%,18523,8135690,-0.002272727,-0.002275314,441.8,439,440.2571041,436.3553578,32.0754717,3.901746324,4.664436518,7.357142857,439,4.472135955,447.9442719,430.0557281,2276845
ADBL,10/14/2020,440,440,436,439,0.00%,19883,8692172,0,0,440,439.45,440.0637035,436.5512572,19.40298507,3.512446266,4.434038468,7.142857143,439.45,3.940010687,447.3300214,431.5699786,2276845
ADBL,10/15/2020,443,445,437,442,0.68%,35904,15781376,0.006833713,0.006810469,439.8,439.7,440.3615953,436.9548678,8.474576271,3.40672746,4.228576266,7.071428571,439.7,3.934998161,447.5699963,431.8300037,2312749
ADBL,10/18/2020,438,441,437,439,-0.68%,28101,12337613,-0.00678733,-0.006810469,439.8,439.65,440.1521191,437.1063591,22.4137931,3.045759991,3.992013011,7.142857143,439.65,3.937338134,447.5246763,431.7753237,2284648
ADBL,10/19/2020,438,441,436,440,0.23%,23746,10457528,0.002277904,0.002275314,439.8,439.85,440.1287161,437.3207029,28.88888889,2.808013285,3.755213066,7.214285714,439.85,3.842627938,447.5352559,432.1647441,2308394
ADBL,10/20/2020,443,444,441,442,0.45%,28155,12449165,0.004545455,0.004535155,440.4,440.25,440.416606,437.6673175,35.13513514,2.749288506,3.554028154,6.714285714,440.25,3.611021141,447.4720423,433.0279577,2336549
ADBL,10/21/2020,443,450,443,450,1.81%,48986,21975287,0.018099548,0.017937701,442.6,440.95,441.8909743,438.5808495,41.93548387,3.310124779,3.505247479,6.928571429,440.95,4.07140219,449.0928044,432.8071956,2385535
ADBL,10/22/2020,453,455,450,454,0.89%,68836,31146580,0.008888889,0.008849615,445,441.9,443.7539013,439.7230088,36.11111111,4.030892517,3.610376486,6.857142857,441.9,4.767212581,451.4344252,432.3655748,2454371
ADBL,10/28/2020,457,474,456,473,4.19%,83397,38938338,0.04185022,0.04099819,451.8,443.55,448.2533011,442.1879711,38.02816901,6.065330003,4.10136719,7.928571429,443.55,8.400971122,460.3519422,426.7480578,2537768
ADBL,10/29/2020,475,483,471,472,-0.21%,114747,54794941,-0.002114165,-0.002116403,458.2,445.1,451.9066394,444.3962695,46.34146341,7.510369858,4.783167723,8,445.1,10.50263125,466.1052625,424.0947375,2423021
ADBL,11/1/2020,472,479,468,477,1.06%,116363,55309956,0.01059322,0.010537505,465.2,447.05,455.7671564,446.8113607,61.68224299,8.955795728,5.617693324,8.285714286,447.05,12.53825724,472.1265145,421.9734855,2539384
ADBL,11/2/2020,477,479,469,469,-1.68%,52560,24876753,-0.016771488,-0.016913722,469,448.7,457.8029785,448.4549636,66.99029126,9.348014906,6.363757641,8.428571429,448.7,13.16334624,475.0266925,422.3733075,2486824
ADBL,11/3/2020,480,480,465,467,-0.43%,53871,25160965,-0.004264392,-0.004273511,471.6,450.1,459.2179049,449.82867,68.31683168,9.389234889,6.96885309,9.142857143,450.1,13.56039124,477.2207825,422.9792175,2432953
ADBL,11/4/2020,468,468,462,464,-0.64%,33667,15636972,-0.006423983,-0.006444705,469.8,451.3,459.9536118,450.8783981,63.30275229,9.075213681,7.390125208,8.214285714,451.3,13.68095103,478.6619021,423.9380979,2399286
ADBL,11/5/2020,464,476,462,470,1.29%,102758,48089830,0.012931034,0.012848142,469.4,452.85,461.49921,452.2948131,63.30275229,9.204396909,7.752979549,9.071428571,452.85,13.96716073,480.7843215,424.9156785,2502044
ADBL,11/8/2020,470,472,468,471,0.21%,26833,12599399,0.00212766,0.002125399,468.2,453.9,462.96087,453.6803825,58.47457627,9.280487508,8.058481141,9.071428571,453.9,14.5200406,482.9400812,424.8599188,2528877
ADBL,11/9/2020,470,474,468,472,0.21%,33751,15930716,0.002123142,0.002120892,468.8,455.1,464.3515054,455.0373912,58.47457627,9.314114188,8.30960775,8.928571429,455.1,14.99087442,485.0817488,425.1182512,2562628
ADBL,11/10/2020,474,475,468,470,-0.42%,80125,37687124,-0.004237288,-0.004246291,469.4,456.45,465.2205046,456.1457326,43.44262295,9.074771966,8.462640593,9.071428571,456.45,15.05944362,486.5688872,426.3311128,2482503
ADBL,11/11/2020,472,482,472,479,1.91%,69277,33110205,0.019148936,0.018967903,472.4,458.45,467.3404269,457.8386413,44.16666667,9.501785644,8.670469603,9.571428571,458.45,15.27459191,488.9991838,427.9008162,2551780
ADBL,11/12/2020,475,484,475,484,- %,79435,38191866,0.010438413,0.010384309,475.2,460.65,469.9034382,459.7765197,50,10.12691846,8.961759375,9.928571429,460.65,15.64162799,491.933256,429.366744,2631215
ADBL,11/18/2020,475,495,470,487,0.00%,143816,69516294,0.006198347,0.006179216,478.4,463.05,472.5336785,461.7930738,51.85185185,10.74060465,9.317528429,11.14285714,463.05,15.82627728,494.7025546,431.3974454,2775031
ADBL,11/19/2020,511,511,489,491,0.00%,71429,35073486,0.008213552,0.008180005,482.2,465.65,475.374651,463.9565498,56.4516129,11.41810118,9.737642979,12.5,465.65,15.93828558,497.5265712,433.7734288,2846460
ADBL,11/22/2020,495,512,495,505,0.03%,152285,77002047,0.028513238,0.028114301,489.2,468.8,479.932397,466.9968054,51.87969925,12.93559161,10.37723271,12.57142857,468.8,17.19424628,503.1884926,434.4115074,2998745
ADBL,11/23/2020,510,515,506,512,0.01%,196565,100303247,0.013861386,0.013766196,495.8,472.45,484.8658744,470.3303754,40.32258065,14.53549902,11.20888597,12.42857143,472.45,18.25109946,508.9521989,435.9478011,3195310
ADBL,11/24/2020,512,517,510,512,0.00%,66020,33873311,0,0,501.4,476.05,489.0403553,473.4170142,22.91666667,15.62334102,12.09177698,12.14285714,476.05,18.61090512,513.2718102,438.8281898,3195310
ADBL,11/25/2020,511,525,511,523,0.02%,79838,41249948,0.021484375,0.021256839,508.6,480.1,494.264916,477.089828,24.48979592,17.17508799,13.10843918,12.42857143,480.1,19.59833505,519.2966701,440.9033299,3275148
ADBL,11/26/2020,525,532,520,525,0.01%,85540,44934889,0.003824092,0.003816799,515.4,483.85,498.9933904,480.6387296,22.01834862,18.35466083,14.15768351,12.21428571,483.85,20.68122719,525.2124544,442.4875456,3360688
ADBL,11/29/2020,526,559,524,554,0.06%,230701,125767798,0.055238095,0.053766424,525.2,488.85,507.4559458,486.0728978,21.81818182,21.38304797,15.6027564,14.28571429,488.85,24.76898528,538.3879706,439.3120294,3591389
ADBL,11/30/2020,560,576,535,541,-0.02%,169861,92632843,-0.023465704,-0.023745408,531,492.25,512.6165695,490.141572,20.18348624,22.47499746,16.97720461,16.21428571,492.25,27.04163457,546.3332691,438.1667309,3421528
ADBL,12/1/2020,541,541,516,530,-0.02%,151300,80158031,-0.020332717,-0.020542272,534.6,495.15,515.2909434,493.0940482,35.53719008,22.19689524,18.02114274,17.71428571,495.15,27.85351721,550.8570344,439.4429656,3270228
ADBL,12/2/2020,525,536,520,535,0.01%,111044,58971652,0.009433962,0.00938974,537,498.05,518.323106,496.1981928,48.34437086,22.12491321,18.84189683,18.42857143,498.05,28.86534072,555.7806814,440.3193186,3381272
ADBL,12/3/2020,534,540,528,532,-0.01%,90643,48245313,-0.005607477,-0.005623258,538.4,501.2,520.4272435,498.8501785,62.33766234,21.57706503,19.38893047,18.78571429,501.2,28.96567842,559.1313568,443.2686432,3290629
ADBL,12/6/2020,522,533,516,517,-0.03%,171129,89776794,-0.028195489,-0.028600615,531,503.7,519.8999753,500.1946097,54.23728814,19.70536558,19.45221749,19.14285714,503.7,28.00018797,559.7003759,447.6996241,3119500
ADBL,12/7/2020,515,533,510,532,0.03%,131127,68454221,0.02901354,0.028600615,529.2,507.1,521.7615175,502.5505645,51.49700599,19.210953,19.4039646,20.14285714,507.1,27.03779032,561.1755806,453.0244194,3250627
ADBL,12/8/2020,530,552,530,547,0.03%,226073,124308225,0.028195489,0.027805313,532.6,510.95,525.644361,505.8431153,43.31550802,19.80124568,19.48342081,19.92857143,510.95,26.95898444,564.8679689,457.0320311,3476700
ADBL,12/9/2020,545,547,534,536,-0.02%,92328,49759882,-0.020109689,-0.020314641,532.8,514.2,527.2375362,508.0769586,43.31550802,19.1605776,19.41885217,19.14285714,514.2,25.78167444,565.7633489,462.6366511,3384372
ADBL,12/10/2020,535,538,526,535,0.00%,54470,29054862,-0.001865672,-0.001867414,533.4,517.35,528.4317614,510.071258,45.50561798,18.36050344,19.20718242,18.5,517.35,24.15144106,565.6528821,469.0471179,3329902
ADBL,12/13/2020,540,555,538,552,0.03%,136826,74716586,0.031775701,0.031281299,540.4,521.45,532.0576443,513.1770907,42.1875,18.88055355,19.14185665,19.21428571,521.45,22.60059384,566.6511877,476.2488123,3466728
ADBL,12/14/2020,555,561,527,535,-0.03%,323130,173431323,-0.030797101,-0.031281299,541,524.25,532.5103144,514.7936025,39.13043478,17.71671187,18.85682769,21.14285714,524.25,20.42927466,565.1085493,483.3914507,3143598
ADBL,12/15/2020,540,545,527,528,-0.01%,117229,62330404,-0.013084112,-0.013170463,537.2,526.45,531.8164199,515.7718542,37.25490196,16.04456568,18.29437529,21.42857143,526.45,18.1034309,562.6568618,490.2431382,3026369
ADBL,12/16/2020,550,550,524,527,0.00%,76542,40313257,-0.001893939,-0.001895735,535.4,528.45,531.0754322,516.6035687,39.17525773,14.4718635,17.52987293,22.42857143,528.45,15.54441853,559.5388371,497.3611629,2949827
ADBL,12/17/2020,530,530,515,518,-0.02%,87068,45265722,-0.017077799,-0.017225306,532,529.8,529.0638272,516.7070081,42.93785311,12.35681919,16.49526219,21,529.8,13.10122533,556.0024507,503.5975493,2862759
ADBL,12/20/2020,515,520,483,492,-0.05%,104545,52395512,-0.05019305,-0.051496526,520,529.15,523.3617,514.8768593,43.18181818,8.48484067,14.89317788,20.71428571,529.15,14.62972821,558.4094564,499.8905436,2758214
ADBL,12/21/2020,483,498,474,485,-0.01%,103564,50256463,-0.014227642,-0.014329826,510,527.8,517.4599,512.6637586,35.48387097,4.796141363,12.87377058,20.64285714,527.8,17.29800719,562.3960144,493.2039856,2654650
ADBL,12/22/2020,490,503,490,503,0.04%,85171,42460310,0.037113402,0.036441279,505,527.35,515.2353,511.9479246,18.51851852,3.287375338,10.95649153,20.78571429,527.35,17.83926775,563.0285355,491.6714645,2739821
ADBL,12/23/2020,495,516,495,500,-0.01%,73410,37082304,-0.005964215,-0.005982072,499.6,526.2,512.8914077,511.0628932,1.57480315,1.828514488,9.130896122,21.42857143,526.2,18.8473089,563.8946178,488.5053822,2666411
ADBL,12/24/2020,500,500,489,493,-0.01%,57679,28394562,-0.014,-0.014098924,494.6,524.6,509.8311911,509.7249011,1.639344262,0.10629001,7.3259749,21,524.6,20.25989037,565.1197807,484.0802193,2608732
ADBL,12/27/2020,495,496,488,493,0.00%,41700,20801852,0,0,494.8,521.55,507.2417771,508.4860195,5.511811024,-1.244242444,5.611931431,19.92857143,521.55,20.19242954,561.9348591,481.1651409,2608732
ADBL,12/28/2020,490,495,485,492,0.00%,32570,16018336,-0.002028398,-0.002030458,496.2,519.1,504.8968883,507.2648329,6.603773585,-2.367944595,4.015956226,19.07142857,519.1,20.67518217,560.4503643,477.7496357,2576162
ADBL,12/29/2020,494,494,487,488,-0.01%,96176,47092900,-0.008130081,-0.008163311,493.2,517,502.297367,505.8378082,6.730769231,-3.540441214,2.504676738,18.64285714,517,21.62113975,560.2422795,473.7577205,2479986
ADBL,12/30/2020,435,435,415,422,0.00%,30138,12654513,-0.135245902,-0.145310092,477.6,511.35,489.943926,499.6276002,6.306306306,-9.683674278,0.067006535,23,511.35,29.86332903,571.0766581,451.6233419,2449848
ADBL,12/31/2020,417,432,416,425,0.01%,48740,20805836,0.007109005,0.007083855,464,506,479.9525527,494.0996298,7.865168539,-14.14707711,-2.775810195,22.71428571,506,35.09535882,576.1907176,435.8092824,2498588
ADBL,1/3/2021,433,441,433,440,0.04%,46462,20291090,0.035294118,0.034685558,453.4,502.15,473.8060062,490.0922499,7.954545455,-16.2862437,-5.477896896,21.42857143,502.15,37.9338413,578.0176826,426.2823174,2545050
ADBL,1/4/2021,442,445,435,439,0.00%,29054,12755181,-0.002272727,-0.002275314,442.8,497.5,468.451236,486.3076388,12.22222222,-17.85640278,-7.953598072,20.85714286,497.5,39.7392819,576.9785638,418.0214362,2515996
ADBL,1/5/2021,443,443,431,435,-0.01%,22837,9969048,-0.009111617,-0.009153382,432.2,491.9,463.304892,482.5070729,11.95652174,-19.20218094,-10.20331465,19.85714286,491.9,40.28438381,572.4687676,411.3312324,2493159
ADBL,1/6/2021,431,438,431,438,0.01%,33745,14696084,0.006896552,0.006872879,435.4,487,459.4118317,479.2102527,12.90322581,-19.79842103,-12.12233592,19.28571429,487,40.59686273,568.1937255,405.8062745,2526904
ADBL,1/7/2021,440,443,432,438,0.00%,39177,17078234,0,0,438,482.15,456.1177037,476.1576414,11.21495327,-20.03993767,-13.70585627,17.42857143,482.15,40.35405804,562.8581161,401.4418839,2526904
ADBL,1/10/2021,438,450,438,450,0.03%,90717,40522951,0.02739726,0.027028672,440,477.05,455.1765185,474.2200383,11.21495327,-19.04351979,-14.77338897,16.57142857,477.05,37.39895158,551.8479032,402.2520968,2617621
ADBL,1/11/2021,453,459,450,451,0.00%,59076,26783747,0.002222222,0.002219757,442.4,472.85,454.5339772,472.5000355,15,-17.96605826,-15.41192283,15.92857143,472.85,35.20059061,543.2511812,402.4488188,2676697
ADBL,1/12/2021,473,473,451,454,0.01%,28076,12747039,0.006651885,0.006629859,446.2,469.15,454.4518269,471.1296625,27.83505155,-16.67783561,-15.66510539,16,469.15,32.91340312,534.9768062,403.3231938,2704773
ADBL,1/13/2021,452,460,450,450,-0.01%,52729,23960330,-0.008810573,-0.008849615,448.6,465.3,453.7669304,469.5645023,33.33333333,-15.79757187,-15.69159868,15.92857143,465.3,30.18033518,525.6606704,404.9393296,2652044
ADBL,1/17/2021,459,459,452,453,0.01%,52720,23992618,0.006666667,0.006644543,451.6,462.05,453.6489411,468.3375021,24.3902439,-14.68856099,-15.49099114,16,462.05,27.59571858,517.2414372,406.8585628,2704764
ADBL,1/18/2021,454,456,448,448,-0.01%,61879,27938993,-0.011037528,-0.011098893,451.2,459.85,452.7798733,466.8310205,34.09090909,-14.05114722,-15.20302236,15.85714286,459.85,26.82550828,513.5010166,406.1989834,2642885
ADBL,1/19/2021,450,450,443,449,0.00%,64531,28746361,0.002232143,0.002229655,450.8,458.05,452.1983543,465.5102042,34.48275862,-13.31184985,-14.82478786,15.85714286,458.05,26.2507644,510.5515288,405.5484712,2707416
ADBL,1/20/2021,450,450,443,444,-0.01%,43511,19350241,-0.011135857,-0.011198325,448.8,455.1,450.937069,463.9168557,37.97468354,-12.97978667,-14.45578762,11.14285714,455.1,24.16587416,503.4317483,406.7682517,2663905
ADBL,1/21/2021,466,466,441,444,0.00%,48043,21286498,0,0,447.6,452.3,449.8698276,462.4415331,37.5,-12.57170542,-14.07897118,11.78571429,452.3,21.82007767,495.9401553,408.6598447,2663905
ADBL,1/24/2021,445,456,445,446,0.00%,58964,26389873,0.004504505,0.00449439,446.2,449.95,449.2744695,461.2236417,7.317073171,-11.94917218,-13.65301138,11.5,449.95,19.6267138,489.2034276,410.6965724,2722869
ADBL,1/25/2021,446,464,444,460,0.03%,125936,57046915,0.031390135,0.030907537,448.6,448.3,450.9245512,461.1330016,6.403940887,-10.20845044,-12.96409919,12.21428571,448.3,17.03278572,482.3655714,414.2344286,2848805
ADBL,1/26/2021,465,490,460,484,0.05%,216204,102584003,0.052173913,0.050858417,455.6,447.9,456.0130817,462.8268533,6.388206388,-6.813771585,-11.73403367,13.5,447.9,16.01611031,479.9322206,415.8677794,3065009
ADBL,1/27/2021,485,485,468,470,-0.03%,87784,41500714,-0.02892562,-0.029352212,460.8,447,458.1649153,463.3581975,5.882352941,-5.193282205,-10.42588338,14.21428571,447,14.0262911,475.0525822,418.9474178,2977225
ADBL,1/28/2021,470,470,453,459,-0.02%,112245,52150043,-0.023404255,-0.023682485,463.8,448.85,458.2933899,463.0353681,6.987951807,-4.741978193,-9.289102341,14.64285714,448.85,12.95447494,474.7589499,422.9410501,2864980
ADBL,1/31/2021,458,458,441,445,-0.03%,106833,51261165,-0.030501089,-0.030975928,463.6,449.85,456.248253,461.6994149,6.823529412,-5.451161907,-8.521514254,15.07142857,449.85,11.73063914,473.3112783,426.3887217,2758147
ADBL,2/1/2021,445,459,440,446,0.00%,39012,17401319,0.002247191,0.00224467,460.8,450.15,454.6715987,460.5364953,6.161137441,-5.864896591,-7.990190722,15.78571429,450.15,11.54066038,473.2313208,427.0686792,2797159
ADBL,2/2/2021,449,453,445,447,0.00%,63651,34084959,0.002242152,0.002239643,453.4,450.55,453.4913527,459.5337919,3.414634146,-6.042439188,-7.600640415,14.78571429,450.55,11.26931091,473.0886218,428.0113782,2860810
ADBL,2/3/2021,450,464,447,451,0.00%,86928,41606231,0.008948546,0.008908745,449.6,451.35,453.1080677,458.9016592,3.414634146,-5.793591488,-7.239230629,15.28571429,451.35,10.65870042,472.6674008,430.0325992,2947738
ADBL,2/4/2021,459,459,442,451,0.00%,77015,34646412,0,0,448,452,452.7837496,458.3163511,3.389830508,-5.532601507,-6.897904805,15.85714286,452,10.1877119,472.3754238,431.6245762,2947738
ADBL,2/7/2021,451,452,447,450,0.00%,68729,30839677,-0.002217295,-0.002219757,449,452.6,452.3554804,457.7003251,9.318181818,-5.344844667,-6.587292777,15.64285714,452.6,9.659464952,471.9189299,433.2810701,2879009
ADBL,2/8/2021,454,480,446,464,0.03%,107995,49177016,0.031111111,0.030636969,452.6,453.3,454.146945,458.1669677,9.050772627,-4.020022702,-6.073838762,17.57142857,453.3,9.963618028,473.2272361,433.3727639,2987004
ADBL,2/9/2021,480,480,451,457,-0.01%,52134,27934647,-0.015086207,-0.015201161,454.6,453.6,454.5858765,458.0805256,13.44537815,-3.494649109,-5.558000832,19.14285714,453.6,9.981034647,473.5620693,433.6379307,2934870
ADBL,2/10/2021,460,461,449,457,0.01%,34799,15934818,0,0,455.8,453.75,454.9572801,458.0004867,17.37373737,-3.043206561,-5.055041978,18.21428571,453.75,10.00986356,473.7697271,433.7302729,2934870
ADBL,2/11/2021,453,464,451,451,-0.01%,58376,26531830,-0.013129103,-0.013216051,455.8,453.8,454.3484678,457.4819321,56.57894737,-3.133464319,-4.670726446,18.28571429,453.8,9.992628862,473.7852577,433.8147423,2876494
ADBL,2/14/2021,450,455,446,448,-0.01%,52654,23662565,-0.006651885,-0.006674107,455.4,453.55,453.3717804,456.7795668,56.57894737,-3.40778633,-4.418138423,17.5,453.55,10.0758962,473.7017924,433.3982076,2823840
ADBL,2/15/2021,470,470,449,456,0.02%,64582,29225643,0.017857143,0.017699577,453.8,453.95,453.7761219,456.7218211,62.96296296,-2.945699173,-4.123650573,16.92857143,453.95,10.00249969,473.9549994,433.9450006,2888422
ADBL,2/16/2021,460,468,452,462,0.01%,103729,47992264,0.013157895,0.013072082,454.8,454.6,455.0413339,457.1127973,74.53416149,-2.071463376,-3.713213133,16.85714286,454.6,10.08594645,474.7718929,434.4281071,2992151
ADBL,2/17/2021,463,469,456,467,0.01%,119712,49658778,0.010822511,0.010764367,456.8,455.75,456.8811287,457.8451827,71.60493827,-0.96405398,-3.163381303,16.57142857,455.75,10.12487817,475.9997563,435.5002437,3111863
ADBL,2/18/2021,470,479,465,472,0.01%,117240,55476998,0.010706638,0.010649728,461,457.15,459.2071089,458.8936877,76.31578947,0.313421232,-2.468020796,16.28571429,457.15,10.34802295,477.8460459,436.4539541,3229103
ADBL,2/21/2021,471,484,467,473,0.00%,115833,55563339,0.002118644,0.002116403,466,458.5,461.3290922,459.9385997,77.21518987,1.390492453,-1.696318146,16.14285714,458.5,10.57554279,479.6510856,437.3489144,3344936
ADBL,2/22/2021,474,474,460,464,-1.90%,99940,46593183,-0.019027484,-0.019210836,467.6,458.7,461.7400011,460.2394442,64.55026455,1.500556886,-1.05694314,16.57142857,458.7,10.64301105,479.9860221,437.4139779,3244996
ADBL,2/23/2021,460,460,446,455,-1.94%,61301,27730524,-0.019396552,-0.019587133,466.2,457.25,460.7030778,459.8513372,64.21052632,0.851740623,-0.675206387,16.64285714,457.25,8.836973762,474.9239475,439.5760525,3183695
ADBL,2/24/2021,477,477,453,459,0.88%,76992,35517767,0.008791209,0.008752791,464.6,456.7,460.4410658,459.7882752,70.46632124,0.652790665,-0.409606977,17.14285714,456.7,8.329402582,473.3588052,440.0411948,3260687
ADBL,2/25/2021,466,466,450,455,0.00%,60468,27482918,-0.008714597,-0.008752791,461.2,456.5,459.6039788,459.4335881,66.86046512,0.170390663,-0.293607449,17.92857143,456.5,8.319286407,473.1385728,439.8614272,3200219
ADBL,2/28/2021,450,450,438,441,-3.08%,87385,38649813,-0.030769231,-0.031252544,454.8,456.3,456.7418282,458.0681372,73.24840764,-1.326308948,-0.500147749,16.71428571,456.3,8.651741534,473.6034831,438.9965169,3112834
ADBL,3/1/2021,441,449,435,445,0.00%,86938,38471331,0.009070295,0.009029407,451,456.25,454.9353931,457.100127,50,-2.164733897,-0.833064978,15.64285714,456.25,8.717043197,473.6840864,438.8159136,3199772
ADBL,3/2/2021,449,449,430,435,-2.25%,70484,30698989,-0.02247191,-0.022728251,447,455.65,451.8684095,455.4630806,49.45054945,-3.594671006,-1.385386184,16.14285714,455.65,9.740177238,475.1303545,436.1696455,3129288
ADBL,3/3/2021,435,435,421,428,-1.61%,74820,31894898,-0.016091954,-0.016222836,440.8,454.5,448.1963465,453.4287783,51.07526882,-5.23243175,-2.154795297,16.21428571,454.5,11.51429318,477.5285864,431.4714136,3054468
ADBL,3/4/2021,431,436,430,434,1.40%,58945,25559163,0.014018692,0.013921339,436.6,453.65,446.0122932,451.9896095,67.02898551,-5.977316301,-2.919299498,16.14285714,453.65,12.3811189,478.4122378,428.8877622,3113413
ADBL,3/8/2021,434,441,429,430,-0.92%,72363,31560747,-0.00921659,-0.009259325,434.4,452.65,443.5488635,450.3607496,51.68195719,-6.811886063,-3.697816811,15.42857143,452.65,13.4527438,479.5554876,425.7445124,3041050
ADBL,3/9/2021,430,431,424,426,-0.93%,36121,15436241,-0.009302326,-0.009345862,430.6,450.75,440.8490383,448.5562496,49.19614148,-7.707211249,-4.499695699,14.78571429,450.75,14.41444816,479.5788963,421.9211037,3004929
ADBL,3/10/2021,421,434,421,426,0.00%,41639,17759240,0,0,428.8,449.2,438.5645709,446.8854163,45.26627219,-8.320845384,-5.263925636,14.78571429,449.2,15.34377981,479.8875596,418.5124404,3004929
ADBL,3/14/2021,420,428,417,418,-1.88%,47505,19953390,-0.018779343,-0.018957914,426.8,447.25,435.4007908,444.7457558,45.58823529,-9.344965057,-6.08013352,14.57142857,447.25,16.7170729,480.6841458,413.8158542,2957424
ADBL,3/15/2021,426,426,415,417,-0.24%,29309,12241017,-0.002392344,-0.002395211,423.4,445.55,432.5698999,442.6905147,40.93406593,-10.12061477,-6.88822977,14.14285714,445.55,17.99554038,481.5410808,409.5589192,2928115
ADBL,3/16/2021,415,421,414,417,0.00%,38698,16143483,0,0,420.8,444,430.1745307,440.7875136,43.69501466,-10.6129829,-7.633180396,13.64285714,444,19.07602518,482.1520504,405.8479496,2928115
ADBL,3/17/2021,423,424,415,423,1.44%,18916,7960195,0.014388489,0.014285957,420.2,442.35,429.0707567,439.46992,41.62011173,-10.39916325,-8.186376967,13,442.35,19.40774398,481.165488,403.534512,2947031
ADBL,3/18/2021,444,444,423,430,1.65%,37568,16109602,0.016548463,0.01641303,421,440.75,429.2137172,438.7684444,36.98630137,-9.554727192,-8.460047012,12.78571429,440.75,19.01765108,478.7853022,402.7146978,2984599
ADBL,3/21/2021,430,440,430,437,1.63%,38957,16957942,0.01627907,0.016147986,424.8,439.25,430.4116069,438.6374485,34,-8.225841652,-8.41320594,12.35714286,439.25,17.99378548,475.237571,403.262429,3023556
ADBL,3/22/2021,438,438,429,429,-1.83%,32906,14193056,-0.018306636,-0.018476276,427.2,437.1,430.1944366,437.9235635,37.05722071,-7.729126865,-8.276390125,11.78571429,437.1,16.37038404,469.8407681,404.3592319,2990650
ADBL,3/23/2021,430,434,423,427,-0.47%,23070,9832249,-0.004662005,-0.004672906,429.2,434.8,429.7029848,437.1144106,54.52261307,-7.411425799,-8.10339726,11.57142857,434.8,14.1406469,463.0812938,406.5187062,2967580
ADBL,3/24/2021,430,437,426,429,0.47%,45332,19461407,0.004683841,0.004672906,430.4,433.05,429.5948333,436.5133432,53.10880829,-6.918509856,-7.866419779,11,433.05,12.39471449,457.839429,408.260571,3012912
ADBL,3/25/2021,434,434,426,431,0.47%,55859,24161967,0.004662005,0.004651171,430.6,431.85,429.8110128,436.1049474,61.40724947,-6.293934574,-7.551922738,10.57142857,431.85,11.2683768,454.3867536,409.3132464,3068771
ADBL,3/29/2021,434,434,425,429,-0.46%,27514,11780239,-0.004640371,-0.004651171,429,430.35,429.6862416,435.578655,58.29493088,-5.892413376,-7.220020866,10.64285714,430.35,9.286521075,448.9230422,411.7769578,3041257
ADBL,3/30/2021,432,432,426,428,-0.23%,28165,12049762,-0.002331002,-0.002333723,428.8,429,429.4268198,435.0172731,66.93121693,-5.59045331,-6.894107354,10.21428571,429,7.254762501,443.509525,414.490475,3013092
ADBL,3/31/2021,433,452,426,445,3.97%,108531,47559562,0.039719626,0.038951087,432.4,429.2,431.8226937,435.7567344,72.34513274,-3.934040685,-6.30209402,11.57142857,429.2,7.647497011,444.494994,413.905006,3121623
ADBL,4/1/2021,455,455,434,439,-1.35%,69742,30957188,-0.013483146,-0.013574869,434.4,428.9,432.9268947,435.9969763,78.27102804,-3.070081612,-5.655691539,12.14285714,428.9,7.092620331,443.0852407,414.7147593,3051881
ADBL,4/4/2021,440,445,434,441,0.46%,71522,31547974,0.004555809,0.004545462,436.4,429.2,434.1689109,436.3675706,77.08333333,-2.198659755,-4.964285182,12.14285714,429.2,7.480500968,444.1610019,414.2389981,3123403
ADBL,4/5/2021,445,445,435,437,-0.91%,38063,16629925,-0.009070295,-0.00911168,438,429.65,434.604463,436.4144172,80.62953995,-1.809954201,-4.333418986,12.07142857,429.65,7.672747398,444.9954948,414.3045052,3085340
ADBL,4/6/2021,432,439,432,437,0.00%,48766,21163514,0,0,439.8,429.8,434.9730072,436.4577937,82.89786223,-1.484786554,-3.7636925,12.07142857,429.8,7.790682694,445.3813654,414.2186346,3085340
ADBL,4/7/2021,438,439,432,437,0.00%,30237,13430420,0,0,438.2,430.15,435.2848522,436.4979572,87.46867168,-1.213104933,-3.253574986,11.92857143,430.15,7.955633555,446.0612671,414.2387329,3085340
ADBL,4/8/2021,439,439,434,437,0.00%,42866,18729618,0,0,437.8,430.7,435.5487211,436.5351455,92.63959391,-0.986424404,-2.80014487,10.78571429,430.7,8.033482564,446.7669651,414.6330349,3085340
ADBL,4/12/2021,436,438,431,437,0.00%,64341,28115233,0,0,437,431.25,435.7719948,436.5695792,93.1372549,-0.797584395,-2.399632775,10.57142857,431.25,8.071228955,447.3924579,415.1075421,3085340
ADBL,4/13/2021,450,450,437,445,1.83%,102443,45225910,0.018306636,0.018141087,438.6,432.6,437.1916879,437.1940548,93.03482587,-0.002366902,-1.9201796,10.85714286,432.6,7.996051657,448.5921033,416.6078967,3187783
ADBL,4/15/2021,450,452,445,448,0.67%,80699,36244848,0.006741573,0.00671895,440.8,434.15,438.8545051,437.9944952,90.43209877,0.860009959,-1.364141688,10.57142857,434.15,7.815470488,449.780941,418.519059,3268482
ADBL,4/18/2021,455,456,439,441,-1.56%,75807,33565725,-0.015625,-0.015748357,441.6,435.35,439.1845813,438.2171252,88.78504673,0.967456104,-0.89782213,11,435.35,6.823141737,448.9962835,421.7037165,3192675
ADBL,4/19/2021,436,440,432,433,-1.81%,75119,32710657,-0.01814059,-0.018307147,440.8,435.85,438.2331072,437.8306715,81.74273859,0.402435778,-0.637770548,11.07142857,435.85,6.209288458,448.2685769,423.4314231,3117556
ADBL,4/20/2021,430,436,429,430,-0.69%,69148,29813067,-0.006928406,-0.006952519,439.4,435.85,436.9664754,437.2506217,74.73684211,-0.284146367,-0.567045712,10.92857143,435.85,6.209288458,448.2685769,423.4314231,3048408
ADBL,4/21/2021,427,435,425,429,-0.23%,67723,28964072,-0.002325581,-0.00232829,436.2,435.45,435.7408638,436.6394646,82.21153846,-0.898600796,-0.633356729,11.21428571,435.45,6.386457712,448.2229154,422.6770846,2980685
ADBL,4/22/2021,435,435,424,428,-0.23%,57567,24544441,-0.002331002,-0.002333723,432.2,435.4,434.5499616,435.9995042,73.57142857,-1.449542575,-0.796593898,10.14285714,435.4,6.443274748,448.2865495,422.5134505,2923118
ADBL,4/25/2021,431,431,418,419,-2.10%,53306,22440118,-0.021028037,-0.021252276,427.8,435,432.1576599,434.7402817,63.33333333,-2.582621832,-1.153799485,9.571428571,435,7.196490373,449.3929807,420.6070193,2869812
ADBL,4/26/2021,418,424,402,412,-1.67%,82121,33801765,-0.016706444,-0.016847571,423.6,434.15,429.0564814,433.0558164,69.56521739,-3.999334961,-1.72290658,10.35714286,434.15,8.77361475,451.6972295,416.6027705,2787691
ADBL,4/27/2021,415,418,407,416,0.97%,91231,29715852,0.009708738,0.009661911,420.8,433.4,427.047792,431.7924226,75.16339869,-4.744630604,-2.327251385,10.42857143,433.4,9.654014709,452.7080294,414.0919706,2878922
ADBL,4/28/2021,420,421,411,415,-0.24%,41259,17122485,-0.002403846,-0.00240674,418,432.7,425.1942855,430.5485394,69.71830986,-5.354253907,-2.932651889,10.64285714,432.7,10.46347029,453.6269406,411.7730594,2837663
ADBL,4/29/2021,415,421,414,419,0.96%,48621,20372199,0.009638554,0.0095924,416.2,432.25,424.2413185,429.6930921,66,-5.451773544,-3.43647622,10.64285714,432.25,10.86217483,453.9743497,410.5256503,2886284
ADBL,5/2/2021,422,427,420,424,1.19%,58954,24996496,0.011933174,0.011862535,417.2,431.2,424.2041926,429.2713815,58.86524823,-5.067188946,-3.762618765,10.85714286,431.2,10.57604045,452.3520809,410.0479191,2945238
ADBL,5/3/2021,428,430,417,418,-1.42%,63178,26408404,-0.014150943,-0.014252023,418.4,430.15,423.2497014,428.4364644,53.96825397,-5.186762962,-4.047447605,11.28571429,430.15,10.80095025,451.7519005,408.5480995,2882060
ADBL,5/4/2021,423,423,415,417,-0.24%,46355,19330035,-0.002392344,-0.002395211,418.6,428.95,422.2882089,427.5893189,57.03703704,-5.301109978,-4.298180079,10.92857143,428.95,10.86508168,450.6801634,407.2198366,2835705
ADBL,5/5/2021,398,423,398,417,0.00%,48809,20353353,0,0,419,427.95,421.4746383,426.8049249,64.96815287,-5.330286587,-4.504601381,12.21428571,427.95,11.00466408,449.9593282,405.9406718,2835705
ADBL,5/6/2021,425,425,415,417,0.00%,43509,18143253,0,0,418.6,426.95,420.7862324,426.0786341,66.23376623,-5.292401746,-4.662161454,11.71428571,426.95,11.04762418,449.0452484,404.8547516,2835705
ADBL,5/9/2021,417,421,412,419,0.48%,44803,18772457,0.004796163,0.004784698,417.6,426.05,420.5114274,425.5542909,69.8630137,-5.042863461,-4.738301855,11.71428571,426.05,10.9182368,447.8864736,404.2135264,2880508
ADBL,5/10/2021,422,422,416,420,0.24%,34550,14511000,0.002386635,0.002383791,418,425.2,420.4327463,425.1428619,71.83098592,-4.710115648,-4.732664614,11.64285714,425.2,10.68003548,446.560071,403.839929,2915058
ADBL,5/11/2021,430,430,418,421,0.24%,47979,20199159,0.002380952,0.002378122,418.8,424.4,420.5200161,424.8359833,66.66666667,-4.315967183,-4.649325128,11.78571429,424.4,10.34357161,445.0871432,403.7128568,2963037
ADBL,5/12/2021,421,422,418,419,-0.48%,34976,14654944,-0.004750594,-0.004761914,419.2,423.1,420.2861675,424.4036882,64.9122807,-4.117520754,-4.542964253,11.28571429,423.1,9.18752014,441.4750403,404.7249597,2928061
ADBL,5/13/2021,420,421,418,419,0.00%,43764,18337116,0,0,419.6,421.65,420.0882955,424.003415,77.08333333,-3.915119469,-4.417395296,10.57142857,421.65,7.102816343,435.8556327,407.4443673,2928061
ADBL,5/16/2021,422,425,421,425,1.43%,64623,27464775,0.014319809,0.014218249,420.8,420.85,420.8439424,424.0772361,75.82417582,-3.233293739,-4.180574985,9.428571429,420.85,5.537194806,431.9243896,409.7756104,2992684
ADBL,5/17/2021,435,435,427,428,0.71%,50942,21803176,0.007058824,0.007034027,422.4,420.6,421.9448743,424.3678112,72.52747253,-2.4229369,-3.829047368,9.357142857,420.6,5.051315618,430.7026312,410.4973688,3043626
ADBL,5/18/2021,431,433,428,433,1.17%,73076,31641908,0.011682243,0.011614532,424.8,420.75,423.6456629,425.0072326,70.96774194,-1.361569725,-3.335551839,9,420.75,5.37905294,431.5081059,409.9918941,3116702
ADBL,5/19/2021,434,441,432,435,0.46%,87374,38007690,0.004618938,0.004608303,428,421.05,425.392484,425.7474376,67.34693878,-0.354953622,-2.739432196,9.142857143,421.05,5.995392968,433.0407859,409.0592141,3204076
ADBL,5/20/2021,455,455,428,437,0.46%,60345,26370765,0.004597701,0.004587164,431.6,421.5,427.1782557,426.5809607,72.52747253,0.597294933,-2.07208677,10.5,421.5,6.824877095,435.1497542,407.8502458,3264421
ADBL,5/23/2021,435,445,428,445,1.83%,95466,42482370,0.018306636,0.018141087,435.6,422.8,429.9200625,427.945334,70.21276596,1.974728474,-1.262723721,10.78571429,422.8,8.575362506,439.950725,405.649275,3359887
ADBL,5/24/2021,446,455,446,452,1.57%,201509,91082068,0.015730337,0.015607898,440.4,424.8,433.316976,429.7271611,56.09756098,3.589814826,-0.292216012,10.92857143,424.8,10.39534309,445.5906862,404.0093138,3561396
ADBL,5/25/2021,453,453,443,446,-1.33%,45800,20426800,-0.013274336,-0.013363228,443,426.3,435.2682104,430.9325566,41.93548387,4.335653823,0.633357955,9.857142857,426.3,11.19257273,448.6851455,403.9148545,3515596
ADBL,5/27/2021,440,446,435,444,-0.45%,86267,38302548,-0.004484305,-0.00449439,444.8,427.75,436.6115627,431.9005154,47.69230769,4.711047295,1.448895823,9.928571429,427.75,11.52514414,450.8002883,404.6997117,3429329
ADBL,5/30/2021,444,454,440,448,0.90%,156823,70256704,0.009009009,0.00896867,447,429.2,438.3636299,433.0930698,44.92753623,5.27056016,2.21322869,10.28571429,429.2,12.17244516,453.5448903,404.8551097,3586152
ADBL,5/31/2021,452,455,441,442,-1.34%,63529,28079818,-0.013392857,-0.01348335,446.4,430.1,438.9230715,433.7528424,45.71428571,5.170229098,2.804628772,10.85714286,430.1,12.43043802,454.960876,405.239124,3522623
ADBL,6/1/2021,440,442,434,437,-1.13%,72507,31685559,-0.011312217,-0.011376687,443.4,431.05,438.6272143,433.9933726,42.42424242,4.633841752,3.170471368,10.57142857,431.05,12.18054964,455.4110993,406.6889007,3450116
ADBL,6/2/2021,437,443,435,440,0.69%,67701,29788440,0.006864989,0.006841532,442.2,432.2,438.8384121,434.438308,53.08641975,4.400104182,3.416397931,10.85714286,432.2,11.86591758,455.9318352,408.4681648,3517817
ADBL,6/3/2021,445,455,440,450,2.27%,169456,76255200,0.022727273,0.022472856,443.4,433.85,440.5555795,435.5910259,51.19047619,4.964553616,3.726029068,11.71428571,433.85,11.93524193,457.7204839,409.9795161,3687273
ADBL,6/6/2021,455,481,455,466,3.56%,309217,144679524,0.035555556,0.034938051,447,436.3,444.4701057,437.8435425,50,6.626563246,4.306135904,13.5,436.3,13.25101784,462.8020357,409.7979643,3996490
ADBL,6/7/2021,444,480,444,459,-1.50%,178135,82570344,-0.015021459,-0.015135424,450.4,438.3,446.7054741,439.4106875,52.5,7.294786594,4.903866042,15.35714286,438.3,13.5184085,465.336817,411.263183,3818355
ADBL,6/8/2021,460,468,458,463,1.09%,181070,83703941,0.008714597,0.008676844,455.6,440.45,449.2123242,441.158044,63.95348837,8.054280253,5.533948884,15.71428571,440.45,13.86959947,468.1891989,412.7108011,3999425
ADBL,6/9/2021,463,469,459,462,0.00%,94004,43410105,-0.002159827,-0.002162163,460,442.5,451.179659,442.7018926,68.75,8.477766393,6.122712386,15.78571429,442.5,13.87348854,470.2469771,414.7530229,3905421
ADBL,6/10/2021,460,465,456,457,-1.08%,69384,31770966,-0.010822511,-0.0108815,461.4,444.4,452.075096,443.7610116,73.68421053,8.314084407,6.56098679,14.5,444.4,13.06421388,470.5284278,418.2715722,3836037
ADBL,6/13/2021,457,463,447,461,0.88%,135433,61912993,0.008752735,0.008714652,460.4,446.5,453.4481582,445.0379737,76.59574468,8.410184454,6.930826323,14.42857143,446.5,12.10697928,470.7139586,422.2860414,3971470
ADBL,6/14/2021,461,485,460,478,3.69%,238183,113281820,0.036876356,0.036212689,464.2,449.15,457.2253646,447.4796053,83.72093023,9.745759311,7.493812921,15.5,449.15,12.92600398,475.002008,423.297992,4209653
ADBL,6/15/2021,480,497,480,487,1.88%,346796,169789599,0.018828452,0.018653391,469,452.1,461.8060778,450.407042,75.28089888,11.3990358,8.274857497,16.14285714,452.1,14.4837477,481.0674954,423.1325046,4556449
ADBL,6/16/2021,487,510,482,492,1.03%,249556,124171992,0.01026694,0.010214593,475,455.05,466.4512966,453.4880018,73.80952381,12.96329475,9.212544948,17.35714286,455.05,16.28520478,487.6204096,422.4795904,4806005
ADBL,6/17/2021,498,501,489,490,-0.41%,132336,65169011,-0.004065041,-0.004073325,481.6,457.8,470.074174,456.1925943,78.04878049,13.88157975,10.14635191,17.21428571,457.8,17.33144389,492.4628878,423.1371122,4673669
ADBL,6/20/2021,466,500,466,476,-2.86%,185371,89383277,-0.028571429,-0.028987537,484.6,459.75,470.9858396,457.6598095,70,13.32603004,10.78228754,18.64285714,459.75,17.05987906,493.8697581,425.6302419,4488298
ADBL,6/21/2021,495,495,466,470,-1.26%,158267,74615121,-0.012605042,-0.01268516,483,461,470.8341719,458.5738977,71.875,12.26027424,11.07788488,20.14285714,461,16.83667676,494.6733535,427.3266465,4330031
ADBL,6/22/2021,450,483,450,482,2.55%,112308,53646265,0.025531915,0.025211419,482,462.5,472.5519916,460.3091645,54.16666667,12.2428271,11.31087332,21.92857143,462.5,17.32202735,497.1440547,427.8559453,4442339
ADBL,6/23/2021,482,482,470,471,-2.28%,72529,34455335,-0.022821577,-0.02308602,477.8,463.75,472.3132237,461.1010783,62.03703704,11.21214542,11.29112774,21.71428571,463.75,16.96707338,497.6841468,429.8158532,4369810
ADBL,6/24/2021,491,491,465,482,2.34%,168916,80883197,0.023354565,0.02308602,476.2,465.65,473.803497,462.6491465,62.03703704,11.15435042,11.26377228,21.35714286,465.65,16.76548773,499.1809755,432.1190245,4538726
ADBL,6/27/2021,476,500,476,493,2.28%,165483,81133251,0.022821577,0.02256506,479.6,467.9,476.7568051,464.8973579,68.93939394,11.85944721,11.38290726,20.5,467.9,17.28370087,502.4674017,433.3325983,4704209
ADBL,6/28/2021,517,517,491,497,0.81%,183885,91725158,0.00811359,0.008080852,485,470.65,479.8711428,467.2753314,67.2,12.5958114,11.62548809,21.64285714,470.65,17.32134369,505.2926874,436.0073126,4888094
ADBL,6/29/2021,500,503,482,485,-2.41%,73114,35682815,-0.024144869,-0.024441135,485.6,473.05,480.6601978,468.5882698,64.1221374,12.07192794,11.71477606,22.42857143,473.05,15.65911539,504.3682308,441.7317692,4814980
ADBL,6/30/2021,476,484,472,482,-0.62%,49724,23777054,-0.006185567,-0.006204777,487.8,475.15,480.8663212,469.5817313,64.66165414,11.28458987,11.62873882,22.71428571,475.15,13.68547059,502.5209412,447.7790588,4765256
ADBL,7/1/2021,458,491,458,484,0.41%,97084,47377353,0.004149378,0.004140793,488.2,476.85,481.3484256,470.6497512,65.18518519,10.6986744,11.44272594,23.92857143,476.85,12.45317546,501.7563509,451.9436491,4862340
ADBL,7/4/2021,484,487,475,477,-1.45%,54096,25875151,-0.01446281,-0.014568416,485,477.4,480.6794371,471.12014,71.68674699,9.559297043,11.06604016,23,477.4,12.18886463,501.7777293,453.0222707,4808244
ADBL,7/5/2021,477,484,471,476,-0.21%,37585,17831189,-0.002096436,-0.002098637,480.8,478.25,479.9595237,471.4816111,68.3908046,8.47791254,10.54841463,22.57142857,478.25,11.40579262,501.0615852,455.4384148,4770659
ADBL,7/6/2021,475,477,470,473,-0.63%,44597,21095339,-0.006302521,-0.006322466,478.4,478.75,478.8888277,471.5940844,44.23791822,7.294743342,9.897680376,21.07142857,478.75,10.91052124,500.5710425,456.9289575,4726062
ADBL,7/7/2021,482,482,471,471,-0.42%,77933,36803498,-0.00422833,-0.004237294,476.2,479.2,477.6751619,471.5500781,42.39130435,6.125083789,9.143161059,21,479.2,10.3547599,499.9095198,458.4904802,4648129
ADBL,7/8/2021,472,480,470,477,1.27%,51483,24480341,0.012738854,0.012658397,474.8,480.2,477.5712908,471.953776,43.17343173,5.617514809,8.438031809,19.28571429,480.2,8.971299266,498.1425985,462.2574015,4699612
ADBL,7/11/2021,478,488,477,488,2.31%,63968,30839469,0.023060797,0.022798915,477,481.55,479.1757076,473.1423852,42.10526316,6.03332242,7.957089931,18,481.55,7.89720137,497.3444027,465.7555973,4763580
ADBL,7/12/2021,490,494,478,480,-1.64%,69957,33776712,-0.016393443,-0.016529302,477.8,481.65,479.3025218,473.6503567,47.1042471,5.652165164,7.496104977,16.78571429,481.65,7.862469145,497.3749383,465.9250617,4693623
ADBL,7/13/2021,473,483,473,481,0.21%,64679,31120401,0.002083333,0.002081166,479.4,481.35,479.5636723,474.1947747,46.484375,5.368897625,7.070663507,16.64285714,481.35,7.761409259,496.8728185,465.8271815,4758302
ADBL,7/14/2021,488,488,477,479,-0.42%,40531,19467823,-0.004158004,-0.004166673,481,480.7,479.4769535,474.5507173,43.08300395,4.92623619,6.641778044,15.57142857,480.7,7.356343485,495.412687,465.987313,4717771
ADBL,7/15/2021,480,482,476,479,0.00%,59702,28580962,0,0,481.4,480.15,479.4035761,474.8802938,36.20689655,4.523282232,6.218078881,14.28571429,480.15,7.028326146,494.2066523,466.0933477,4717771
ADBL,7/18/2021,479,510,479,508,6.05%,199269,99757079.1,0.060542797,0.05878085,485.4,481.75,483.8030259,477.3336054,34.21052632,6.469420501,6.268347205,14.64285714,481.75,9.306901797,500.3638036,463.1361964,4917040
ADBL,7/19/2021,515,525.3,509,512,0.79%,298032,153382628.7,0.007874016,0.007843177,491.8,483.85,488.1410219,479.9014865,35.94470046,8.239535436,6.662584851,14.37857143,483.85,11.08472159,506.0194432,461.6805568,5215072
ADBL,7/20/2021,512,545.7,506,545,6.45%,428610,233592450,0.064453125,0.06246117,504.6,487,496.888557,484.7235986,36.23853211,12.16495841,7.763059564,16.28571429,487,17.57989282,522.1597856,451.8402144,5643682
ADBL,7/22/2021,555,599.5,550.1,588,7.89%,800592,462764640.7,0.078899083,0.075941153,526.4,492.85,510.9057021,492.3737024,35.64814815,18.53199968,9.916847588,17.82142857,492.85,28.22144575,549.2928915,436.4071085,6444274
ADBL,7/25/2021,599.7,605.8,582,597,1.53%,400066,237788124.3,0.015306122,0.015190165,550,498.6,524.1509787,500.1237985,26.84210526,24.02718017,12.7389141,18.66428571,498.6,36.41919679,571.4383936,425.7616064,6844340
ADBL,7/26/2021,593,597,575,579,-3.02%,564272,328592333.8,-0.030150754,-0.030614636,564.2,502.9,532.5892897,505.9664801,27.41935484,26.62280955,15.51569319,19.30714286,502.9,40.56430892,584.0286178,421.7713822,6280068
ADBL,7/27/2021,570,585,557,575,-0.69%,308307,175821484.2,-0.006908463,-0.006932437,576.8,506.8,539.1140143,511.0800742,52.57731959,28.03394015,18.01934258,20.80714286,506.8,43.60299362,594.0059872,419.5940128,5971761
ADBL,7/28/2021,575,582,568,570,-0.87%,130006,74440353.6,-0.008695652,-0.00873368,581.8,511.05,543.8657044,515.4445131,53.68421053,28.42119131,20.09971233,21.02142857,511.05,45.4688731,601.9877462,420.1122538,5841755
ADBL,7/29/2021,575,575,560,571,0.18%,107729,61237502.6,0.001754386,0.001752849,578.4,515.5,548.0402114,519.5597344,59.5959596,28.48047707,21.77586528,21.37857143,515.5,46.81149207,609.1229841,421.8770159,5949484
ADBL,8/1/2021,575,576,565,568,-0.53%,134087,76253606.4,-0.00525394,-0.005267791,572.6,519.7,551.1109481,523.1479022,53.92156863,27.96304594,23.01330141,21.37857143,519.7,47.59820872,614.8964174,424.5035826,5815397
ADBL,8/2/2021,565,574.9,565,573,0.88%,90713,51842019,0.008802817,0.008764298,571.4,524.5,554.4784946,526.8406502,35.43307087,27.6378444,23.93821001,20.94285714,524.5,47.90505962,620.3101192,428.6898808,5906110
ADBL,8/3/2021,575,583,571.1,580,1.22%,98770,56683067.3,0.012216405,0.012142387,572.4,529.7,558.40488,530.7783798,36.43410853,27.62650023,24.67586805,21.07857143,529.7,48.00778446,625.7155689,433.6844311,6004880
ADBL,8/4/2021,591.6,591.6,577.2,582.5,0.43%,117917,68448926.5,0.004310345,0.004301082,574.9,535.175,562.1118216,534.6096109,59.45945946,27.50221064,25.24113657,21.32142857,535.175,47.44173019,630.0584604,440.2915396,6122797
ADBL,8/5/2021,583,587,578,580,-0.43%,128975,74986588.8,-0.004291845,-0.004301082,576.7,540.625,564.863849,537.971862,63.40206186,26.89198705,25.57130667,21.53571429,540.625,45.91779697,632.4605939,448.7894061,5993822
ADBL,8/8/2021,581,586,580,581,0.17%,106350,61853920,0.001724138,0.001722653,579.3,545.825,567.3463338,541.1591314,67.14285714,26.18720233,25.6944858,19.75,545.825,44.18956623,634.2041325,457.4458675,6100172
ADBL,8/9/2021,586,586,576,580,-0.17%,98808,57198073.5,-0.00172117,-0.001722653,580.7,550.425,569.2930517,544.0362328,69.81981982,25.25681884,25.60695241,19.22857143,550.425,42.61371011,635.6524202,465.1975798,6001364
ADBL,8/10/2021,590,598,575,593,2.24%,164275,96495535.9,0.022413793,0.022166295,583.3,556.075,572.9402745,547.6631785,65.86538462,25.27709594,25.54098111,18.03571429,556.075,40.20810176,636.4912035,475.6587965,6165639
ADBL,8/11/2021,604.8,620,588,589,-0.67%,332172,198846919,-0.006745363,-0.006768215,584.6,561.475,575.4110015,550.7251653,65.2173913,24.68583617,25.36995213,16.42857143,561.475,36.69342226,634.8618445,488.0881555,5833467
ADBL,8/12/2021,589,599,588,593.1,0.70%,207792,123325460.8,0.006960951,0.006936835,587.22,567.18,578.1323859,553.864042,65.2173913,24.26834391,25.14963048,15.51428571,567.18,31.72979009,630.6395802,503.7204198,6041259
ADBL,8/15/2021,604,604.9,585,594,0.15%,246363,146635661.7,0.001517451,0.001516301,589.82,572.93,580.5735573,556.8370759,65.85365854,23.73648139,24.86700066,15.36428571,572.93,24.50688625,621.9437725,523.9162275,6287622
ADBL,8/16/2021,600,600,587.2,590,-0.67%,178209,105553558.6,-0.006734007,-0.006756782,591.82,577.03,582.0237792,559.2935888,64.59330144,22.73019045,24.43963862,14.27857143,577.03,19.39946011,615.8289202,538.2310798,6109413
ADBL,8/17/2021,585,594,582.1,583.9,-1.03%,119069,69667029.5,-0.010338983,-0.010392802,590,580.625,582.3124286,561.1162859,69.12442396,21.19614267,23.79093943,14.12857143,580.625,11.94341373,604.5118275,556.7381725,5990344
ADBL,8/18/2021,582,600,575,595,1.90%,203897,120367566.9,0.019010104,0.01883167,591.2,583.125,584.2643626,563.6261907,67.94258373,20.63817199,23.16038594,14.84285714,583.125,8.952381336,601.0297627,565.2202373,6194241
ADBL,8/19/2021,596,600,590,590.5,-0.76%,155462,91800311,-0.007563025,-0.00759177,590.68,583.25,585.2236915,565.6168432,70.58823529,19.60684827,22.44967841,14.77142857,583.25,9.041046749,601.3320935,565.1679065,6038779
ADBL,8/24/2021,595,595,578,580,-1.78%,84503,49219211,-0.017781541,-0.017941532,587.88,582.4,584.4200466,566.6822622,84.21052632,17.7377844,21.50729961,15.27857143,582.4,8.460807477,599.321615,565.478385,5954276
ADBL,8/25/2021,576,578.2,568.2,569.2,-1.86%,81382,46515718.9,-0.01862069,-0.018796237,583.72,581.91,582.078501,566.8687613,84.21052632,15.20973967,20.24778762,15.27142857,581.91,8.938379695,599.7867594,564.0332406,5872894
ADBL,8/26/2021,569,574,565,570,0.14%,73544,41848546.8,0.001405481,0.001404495,580.94,581.66,580.2202701,567.1007049,66.39344262,13.11956515,18.82214313,14.88571429,581.66,9.207685577,600.0753712,563.2446288,5946438
ADBL,8/29/2021,570,579,558.7,559,-1.93%,74915,42328399.5,-0.019298246,-0.019486888,573.74,581.11,576.9556131,566.5006527,68.21705426,10.45496043,17.14870659,15.69285714,581.11,10.21432946,601.5386589,560.6813411,5871523
ADBL,8/31/2021,555,556,540,544,-2.68%,99639,54335931.5,-0.026833631,-0.027200226,564.44,579.76,571.8855188,564.8339377,57.85123967,7.051581115,15.12928149,16.62142857,579.76,13.01983911,605.7996782,553.7203218,5771884
ADBL,9/1/2021,544,554,538,548.5,0.83%,93937,51361611.7,0.008272059,0.008238033,558.14,578.785,568.2877467,563.6240164,47.86324786,4.663730302,13.03617125,17.05,578.785,14.58312922,607.9512584,549.6187416,5865821
ADBL,9/2/2021,548,555,540.3,547,-0.27%,64932,35529772.8,-0.002734731,-0.002738477,553.7,577.485,565.0127087,562.3926078,47.45762712,2.620100971,10.9529572,16.45714286,577.485,16.19568737,609.8763747,545.0936253,5800889
ADBL,9/5/2021,539,542,517.1,529,-3.29%,118899,62666798.2,-0.032906764,-0.033460371,545.5,574.935,559.472292,559.9190813,50.40650407,-0.446789256,8.673007907,16.30714286,574.935,19.46403634,613.8630727,536.0069273,5681990
ADBL,9/6/2021,529,555,519.1,555,4.91%,80904,43816974.4,0.049149338,0.047979682,544.7,573.56,558.7842471,559.5547049,54.13533835,-0.77045779,6.784314767,18.08571429,573.56,19.86863172,613.2972634,533.8227366,5762894
ADBL,9/7/2021,555,555,544,544,-1.98%,39266,21549935.6,-0.01981982,-0.020018867,544.7,571.76,556.5097475,558.4025045,55.81395349,-1.89275698,5.048900418,17.45,571.76,20.8604486,613.4808972,530.0391028,5723628
ADBL,9/8/2021,544.4,544.4,530,535,-1.65%,37797,20163896,-0.016544118,-0.0166825,542,569.46,553.2005556,556.6689857,58.53658537,-3.468430055,3.345434323,17.56428571,569.46,22.27593462,614.0118692,524.9081308,5685831
ADBL,9/9/2021,538,543,530,535.3,0.06%,37249,19885167.6,0.000560748,0.000560591,539.66,567.225,550.446624,555.0860978,56.77966102,-4.63947386,1.748452687,17.64285714,567.225,23.37794451,613.980889,520.469111,5723080
ADBL,9/12/2021,535,544,535,539,0.69%,49372,26630314.1,0.006912012,0.006888234,541.66,564.525,548.6856049,553.894535,53.17460317,-5.20893013,0.356976123,16.5,564.525,23.36274306,611.2504861,517.7995139,5772452
ADBL,9/13/2021,548,553,540,546,1.30%,61708,33836285.9,0.012987013,0.012903405,539.86,562.375,548.2724349,553.3097547,51.18110236,-5.037319742,-0.72188305,16.78571429,562.375,22.96706738,608.3091348,516.4408652,5834160
ADBL,9/14/2021,550,552,540,547,0.18%,50050,27281851.4,0.001831502,0.001829827,540.46,560.07,548.0766757,552.8423654,48.14814815,-4.765689726,-1.530644385,16.42857143,560.07,22.01475821,604.0995164,516.0404836,5884210
ADBL,9/15/2021,547,547,535,536,-2.01%,51866,27895691.3,-0.020109689,-0.020314641,540.66,557.17,546.2187256,551.5947828,42.14876033,-5.376057209,-2.29972695,16.44285714,557.17,21.11156081,599.3931216,514.9468784,5832344
ADBL,9/16/2021,535,535,515,520.2,-2.95%,84511,43966356.8,-0.029477612,-0.029920808,537.64,553.68,542.2158447,549.2692433,45.94594595,-7.053398602,-3.25046128,17.3,553.68,21.16803946,596.0160789,511.3439211,5747833
ADBL,9/20/2021,525,526,503,507.9,-2.36%,112904,57412333.4,-0.023644752,-0.023928775,531.42,549.88,536.936484,546.2048549,43.92523364,-9.268370935,-4.454043211,17.49285714,549.88,22.25142456,594.3828491,505.3771509,5634929
ADBL,9/21/2021,500,518,492,507,-0.18%,80684,40696968.9,-0.001772002,-0.001773574,523.62,545.48,532.3308711,543.3007916,43.92523364,-10.96992053,-5.757218675,17.99285714,545.48,21.54929722,588.5785944,502.3814056,5554245
ADBL,9/22/2021,517,535,510,529,4.34%,61892,32217081.3,0.043392505,0.042477428,520.02,542.405,531.8184294,542.2414737,59.01639344,-10.42304434,-6.690383807,18.85,542.405,19.02733422,580.4596684,504.3503316,5616137
ADBL,9/23/2021,539.5,559,532,545,3.02%,113896,62392147.2,0.030245747,0.029797363,521.82,540.655,533.8463633,542.445809,55.81395349,-8.599445676,-7.072196181,19.94285714,540.655,16.87547192,574.4059438,506.9040562,5730033
ADBL,9/26/2021,555.7,560,536,540,-0.92%,80063,43366080.7,-0.009174312,-0.009216655,525.78,539.195,534.7930767,542.264638,57.14285714,-7.471561303,-7.152069206,19.52142857,539.195,15.48144815,570.1578963,508.2321037,5649970
ADBL,9/27/2021,539,539,515,523,-3.15%,71015,37137368.1,-0.031481481,-0.031987675,528.8,536.845,532.9787572,540.8376277,60.13986014,-7.858870569,-7.293429478,18.74285714,536.845,14.0613496,564.9676992,508.7223008,5578955
ADBL,9/28/2021,525,525,506,509,-2.68%,65077,33262318,-0.026768642,-0.027133448,529.2,534.345,529.2897176,538.4792849,66.66666667,-9.189567338,-7.67265705,19.31428571,534.345,14.35675066,563.0585013,505.6314987,5513878
ADBL,9/29/2021,510,512,494.9,512,0.59%,78586,39445114.6,0.00589391,0.005876608,525.8,532.745,526.629761,536.5178564,70.06369427,-9.888095378,-8.115744716,19.50714286,532.745,14.9931379,562.7312758,502.7587242,5592464
ADBL,9/30/2021,515,517,505,508,-0.78%,48902,24909992.4,-0.0078125,-0.007843177,518.4,530.72,523.763644,534.4054226,66.22516556,-10.64177865,-8.620951503,19.43571429,530.72,15.48033047,561.6806609,499.7593391,5543562
ADBL,10/3/2021,508,508,498,498,-1.97%,62039,31014736,-0.019685039,-0.019881371,510,528.27,519.8000064,531.7087246,71.33333333,-11.90871821,-9.278504846,19.50714286,528.27,16.60482175,561.4796435,495.0603565,5481523
ADBL,10/4/2021,498,502,491,497,-0.20%,54880,27300681.6,-0.002008032,-0.002010051,504.8,526.67,516.2923131,529.137708,73.33333333,-12.84539487,-9.991882851,19.29285714,526.67,18.01280539,562.6956108,490.6443892,5426643
ADBL,10/5/2021,495,507,492,504,1.41%,55864,28139959,0.014084507,0.013986242,503.8,524.12,514.401188,527.2756556,80.64516129,-12.87446752,-10.56839979,19.50714286,524.12,17.39033609,558.9006722,489.3393278,5482507
ADBL,10/6/2021,514,514.9,500,506,0.40%,39844,20236639.5,0.003968254,0.003960401,502.6,522.22,513.1086976,525.6996811,78.125,-12.59098351,-10.97291653,19.71428571,522.22,17.1785852,556.5771704,487.8628296,5522351
ADBL,10/10/2021,506,524,505,509.5,0.69%,51759,26358571.6,0.006916996,0.006893183,502.9,520.945,512.5535133,524.4997047,79.61783439,-11.94619137,-11.1675715,19.57142857,520.945,17.12635627,555.1977125,486.6922875,5574110
ADBL,10/11/2021,509,510.9,500,509,-0.10%,26076,13179497.6,-0.000981354,-0.000981836,505.1,519.63,512.006819,523.3515784,71.24183007,-11.34475945,-11.20300909,18.70714286,519.63,16.97515522,553.5803104,485.6796896,5548034
ADBL,10/17/2021,509,514.9,505,507.9,-0.22%,13824,7014061.5,-0.0021611,-0.002163439,507.28,518.075,511.3750007,522.2070171,77.77777778,-10.83201639,-11.12881055,17.55714286,518.075,16.52589276,551.1267855,485.0232145,5534210
ADBL,10/18/2021,508,508,494.2,496,-2.34%,38949,19403293.9,-0.023429809,-0.023708651,505.68,515.575,509.0096159,520.2657565,75,-11.25614059,-11.15427656,16.54285714,515.575,15.84712742,547.2692548,483.8807452,5495261
ADBL,10/19/2021,502,502,482,493,-0.60%,42712,20766134.8,-0.006048387,-0.006066753,503.08,512.875,506.5465981,518.2460709,82.4,-11.69947276,-11.2633158,15.82857143,512.875,14.77515251,542.425305,483.324695,5452549
ADBL,10/20/2021,502.8,517.1,492,503.8,2.19%,28247,14082413.8,0.021906694,0.02167019,501.94,511.265,506.1240446,517.1759915,78.81355932,-11.05194699,-11.22104204,15.90714286,511.265,13.84794399,538.960888,483.569112,5480796
ADBL,10/21/2021,494,505,494,500.2,-0.71%,30079,15058229.2,-0.007145693,-0.007171345,500.18,510.265,505.2126531,515.9185107,67.32673267,-10.7058576,-11.11800515,14.90714286,510.265,13.89082526,538.0466505,482.4833495,5450717
ADBL,10/24/2021,501,505,492,503,0.56%,39448,19694717.1,0.005597761,0.005582152,499.2,510.02,504.8722449,514.961584,66.66666667,-10.08933905,-10.91227193,14.47857143,510.02,13.97767393,537.9753479,482.0646521,5490165
ADBL,10/25/2021,504,513,499,512,1.79%,47523,24108882.8,0.017892644,0.017734455,502.4,510.27,505.9688226,514.7422074,54.20560748,-8.773384758,-10.4844945,14.25714286,510.27,13.96552522,538.2010504,482.3389496,5537688
ADBL,10/26/2021,520,525,513,525,2.54%,60461,31346044.7,0.025390625,0.025073638,508.8,510.07,508.8966961,515.5020439,48.33333333,-6.605347806,-9.708665158,14.32857143,510.07,13.70947041,537.4889408,482.6510592,5598149
ADBL,10/27/2021,527,558.5,516,551,4.95%,193472,105003048.7,0.04952381,0.048336547,518.24,510.37,515.3741274,518.1315221,61.49068323,-2.757394663,-8.318411059,16.65,510.37,14.55371539,539.4774308,481.2625692,5791621
ADBL,10/28/2021,555,560,538,538,-2.36%,91581,49867046.4,-0.023593466,-0.023876249,525.8,510.27,518.8550309,519.6032612,64.36781609,-0.748230296,-6.804374906,17.43571429,510.27,14.34478082,538.9595616,481.5804384,5700040
ADBL,10/31/2021,530,544,524,532,-1.12%,75090,39966443.4,-0.011152416,-0.011215071,531.6,510.72,520.8773338,520.5215382,64.36781609,0.355795694,-5.372340786,17.79285714,510.72,14.89572881,540.5114576,480.9285424,5624950
ADBL,11/1/2021,521.4,535,520,521,-2.07%,66975,35085959.1,-0.020676692,-0.020893448,533.4,511.32,520.8962056,520.5569798,67.24137931,0.339225791,-4.230027471,17.8,511.32,15.06353562,541.4470712,481.1929288,5557975
ADBL,11/2/2021,521,529.9,515,528.5,1.44%,30675,15991201.5,0.014395393,0.014292764,534.1,512.145,522.0660201,521.1453516,65.73033708,0.920668451,-3.199888286,17.50714286,512.145,15.54682147,543.2386429,481.0513571,5588650
ADBL,11/3/2021,539,549,533,542.9,2.72%,103451,56207790.5,0.027246925,0.026882336,532.48,513.89,525.2712478,522.7568071,68.02325581,2.514440695,-2.05702249,18.19285714,513.89,16.95218974,547.7943795,479.9856205,5692101
ADBL,11/8/2021,543,544,528,528,-2.74%,27478,14646766,-0.027445202,-0.027828857,530.48,515.39,525.6910558,523.1451917,62.57309942,2.545864069,-1.136445178,18.62857143,515.39,16.79874369,548.9874874,481.7925126,5664623
ADBL,11/9/2021,528.1,530,512,515,-2.46%,53120,27522253.7,-0.024621212,-0.024929383,527.08,516.29,524.046278,522.5418442,59.28143713,1.504433789,-0.608269385,18.92857143,516.29,16.23433334,548.7586667,483.8213333,5611503
ADBL,11/11/2021,512,520,500,507,-1.55%,68078,34578001.7,-0.015533981,-0.015655897,524.28,516.44,521.4237737,521.3905965,63.04347826,0.033177202,-0.479980067,18.92857143,516.44,16.12831443,548.6966289,484.1833711,5543425
ADBL,11/14/2021,503,510,497,508.9,0.37%,36575,18517638.8,0.003747535,0.00374053,520.36,516.585,519.4970393,520.4653671,62.7027027,-0.968327842,-0.577649622,18.06428571,516.585,16.04232149,548.669643,484.500357,5580000
ADBL,11/15/2021,510,514.9,506,506.5,-0.47%,27116,13771404.2,-0.004716054,-0.00472721,513.08,516.435,517.4974948,519.4308955,62.03208556,-1.933400707,-0.848799839,17.91428571,516.435,16.12586269,548.6867254,484.1832746,5552884
ADBL,11/16/2021,507,513,500,508,0.30%,48725,24716496.2,0.0029615,0.002957124,509.08,516.385,516.0363417,518.5841625,62.23404255,-2.54782075,-1.188604022,17.91428571,516.385,16.15165871,548.6883174,484.0816826,5601609
ADBL,11/17/2021,518,518,508.2,512.9,0.96%,47611,24434353.5,0.009645669,0.009599447,508.66,516.635,515.5538276,518.1631134,67.6300578,-2.60928579,-1.472740375,17.62857143,516.635,16.05180019,548.7386004,484.5313996,5649220
ADBL,11/18/2021,503.1,511,503.1,508.2,-0.92%,19692,9997711.7,-0.00916358,-0.009205824,508.9,517.245,514.4224695,517.425105,73.58490566,-3.002635484,-1.778719397,17.4,517.245,15.44676682,548.1385336,486.3514664,5629528
ADBL,11/21/2021,508,510,502.5,504,-0.83%,39307,19863586.7,-0.008264463,-0.008298803,507.92,517.795,512.8190127,516.4306528,68.65671642,-3.611640111,-2.14530354,14.9,517.795,14.71663845,547.2282769,488.3617231,5590221
ADBL,11/22/2021,504,509,503,504.2,0.04%,20171,10185826,0.000396825,0.000396747,507.46,517.815,511.4930107,515.5246785,67.44186047,-4.03166778,-2.522576388,13.75714286,517.815,14.69687668,547.2087534,488.4212466,5610392
ADBL,11/23/2021,500,505,495,497.1,-1.41%,36868,18451920.9,-0.014081714,-0.014181802,505.28,517.66,509.2787014,514.1598875,51.06382979,-4.881186122,-2.994298334,13.04285714,517.66,14.90727127,547.4745425,487.8454575,5573524
ADBL,11/24/2021,497,498.9,495.1,495.9,-0.24%,36718,18225695.9,-0.002414001,-0.00241692,501.88,517.305,507.2204396,512.8073032,48.20143885,-5.586863613,-3.51281139,12.24285714,517.305,15.35264335,548.0102867,486.5997133,5536806
ADBL,11/25/2021,496,499.5,491,495,-0.18%,40312,19985326.7,-0.001814882,-0.001816531,499.24,516.455,505.340372,511.4882437,48.20143885,-6.147871749,-4.039823462,11.78571429,516.455,16.11356,548.68212,484.22788,5496494
ADBL,11/28/2021,491,495,470,476,-3.84%,64115,30866245.7,-0.038383838,-0.039139908,493.64,514.005,500.8264686,508.8594849,51.47058824,-8.033016337,-4.838462037,12.10714286,514.005,18.3200056,550.6450112,477.3649888,5432379
ADBL,11/29/2021,471,483,469,477.5,0.32%,25152,11999793.1,0.003151261,0.003146306,488.3,510.33,497.2377811,506.5365601,55.11811024,-9.298779004,-5.73052543,11.96428571,510.33,17.87486032,546.0797206,474.5802794,5457531
ADBL,11/30/2021,474,480,468,473,-0.94%,35963,16973702.7,-0.009424084,-0.009468771,483.48,507.08,493.5088917,504.0523705,51.47058824,-10.54347877,-6.693116098,11.53571429,507.08,18.47808375,544.0361675,470.1238325,5421568
ADBL,12/1/2021,472,475,470,473,0.00%,28814,13602652.9,0,0,478.9,504.13,490.3536776,501.7521949,42.27642276,-11.39851729,-7.634196336,10.46428571,504.13,18.99271606,542.1154321,466.1445679,5421568
ADBL,12/2/2021,475,476.9,467,467,-1.27%,37874,17836807.3,-0.012684989,-0.012766131,473.3,501.43,486.7608041,499.1779582,43.33333333,-12.41715411,-8.590787891,10.24285714,501.43,20.26402308,541.9580462,460.9019538,5383694
ADBL,12/5/2021,461,465,444,446,-4.50%,68193,30683279.5,-0.04496788,-0.046010306,467.3,497.305,480.4899112,495.2388502,45.61403509,-14.74893903,-9.822418119,11.25,497.305,22.71258578,542.7301716,451.8798284,5315501
ADBL,12/6/2021,446,459,430,451,1.12%,68814,30173810.4,0.011210762,0.011148387,462,492.71,475.9530018,491.9618984,36.63366337,-16.00889658,-11.05971381,12.39285714,492.71,22.29507616,537.3001523,448.1198477,5384315
ADBL,12/7/2021,452.1,456.9,448,448,-0.67%,28400,12809128,-0.006651885,-0.006674107,457,488.71,471.65254,488.7054614,34.90566038,-17.05292148,-12.25835534,12.31428571,488.71,22.80112878,534.3122576,443.1077424,5355915
ADBL,12/8/2021,445,445,437,441,-1.56%,27135,11947566.3,-0.015625,-0.015748357,450.6,485.01,466.9367646,485.1717236,46.77419355,-18.23495897,-13.45367607,12.4,485.01,24.26738986,533.5447797,436.4752203,5328780
ADBL,12/9/2021,440,440,430,439,-0.45%,40348,17524497.1,-0.004535147,-0.004545462,445,481.61,462.6388008,481.7515959,35.9223301,-19.11279508,-14.58549987,12.65,481.61,25.74303994,533.0960799,430.1239201,5288432
ADBL,12/12/2021,437,441,421,421,-4.10%,32738,13990157.7,-0.041002278,-0.041866579,440,477.215,456.2328314,477.2514777,26.53061224,-21.01864622,-15.87212914,13.65,477.215,28.22269104,533.6603821,420.7696179,5255694
ADBL,12/13/2021,421,421.7,406.1,421,0.00%,50626,20941548.7,0,0,434,472.94,450.8123958,473.0847015,43.75,-22.27230571,-17.15216446,14.05,472.94,29.97445228,532.8889046,412.9910954,5255694
ADBL,12/14/2021,429,440,420.5,437,3.80%,12873,5592150.7,0.038004751,0.037300361,431.8,469.39,448.6874119,470.4117607,43.20987654,-21.72434883,-18.06660133,15.17142857,469.39,29.80755644,529.0051129,409.7748871,5268567
ADBL,12/15/2021,445,453,430,435,-0.46%,34320,15153181.2,-0.004576659,-0.004587164,430.6,465.495,446.5816562,467.7886673,49.38271605,-21.20701111,-18.69468329,16.20714286,465.495,28.89859722,523.2921944,407.6978056,5234247
ADBL,12/16/2021,435,441,430.1,441,1.38%,42355,18542483.6,0.013793103,0.013698844,431,462.135,445.7229399,465.8043216,40.2173913,-20.08138173,-18.97202297,15.2,462.135,27.54703681,517.2290736,407.0409264,5276602
ADBL,12/20/2021,449.8,471.9,449.8,463,4.99%,203606,94499569.3,0.049886621,0.048682179,439.4,460.085,448.3809491,465.5965941,42.70833333,-17.21564495,-18.62074737,16.40714286,460.085,25.73341622,511.5518324,408.6181676,5480208
ADBL,12/21/2021,472.1,472.2,458.7,468,1.08%,89845,41642193.3,0.010799136,0.010741242,448.8,458.275,451.3992646,465.7746241,46.06741573,-14.3753595,-17.77166979,16.51428571,458.275,23.65648626,505.5879725,410.9620275,5570053
ADBL,12/22/2021,475,488,468,486,3.85%,91095,43764424.2,0.038461538,0.037740328,458.6,457.72,456.7224547,467.2728001,44.08602151,-10.55034543,-16.32740492,17.58571429,457.72,22.81284495,503.3456899,412.0943101,5661148
ADBL,12/23/2021,494.9,497,481,496,2.06%,77234,38044401.2,0.020576132,0.020367303,470.8,457.725,462.765154,469.4007408,36.93693694,-6.635586883,-14.38904131,18.02142857,457.725,22.82166272,503.3683254,412.0816746,5738382
ADBL,12/26/2021,499.1,502,495,500,0.81%,130801,65306688.9,0.008064516,0.008032172,482.6,457.975,468.4935918,471.6673526,41.07142857,-3.173760821,-12.14598522,16.87857143,457.975,23.27437884,504.5237577,411.4262423,5869183
ADBL,12/27/2021,510,510,491,493,-1.40%,88858,44186856.3,-0.014,-0.014098924,488.6,458.825,472.2638085,473.2475487,40.35087719,-0.983740278,-9.913536228,16.16428571,458.825,24.25699845,507.3389969,410.3110031,5780325
ADBL,12/28/2021,493,498,488,494,0.20%,91046,44737396.5,0.002028398,0.002026343,493.8,459.65,475.6078379,474.7847674,45.13274336,0.823070577,-7.766214867,16.24285714,459.65,25.18829093,510.0265819,409.2734181,5871371
ADBL,12/29/2021,499,499,488,492,-0.40%,200533,98526860.8,-0.004048583,-0.004056801,495,460.6,478.129709,476.0599698,23.4375,2.069739247,-5.799024044,16.24285714,460.6,26.06146581,512.7229316,408.4770684,5670838
ADBL,1/2/2022,410,412,400.1,411,0.24%,78818,32071339.8,-0.164634146,-0.179885502,478,457.5,467.8020615,471.2407127,39.13043478,-3.438651274,-5.32694949,22.02142857,457.5,28.11536385,513.7307277,401.2692723,5592020
ADBL,1/3/2022,416,418,412,415,0.97%,35929,14924061.5,0.00973236,0.009685306,461,454.9,459.6786674,467.074734,54,-7.396066625,-5.740772917,21.09285714,454.9,29.55797158,514.0159432,395.7840568,5627949
ADBL,1/4/2022,422,424,410,422,1.69%,52990,22249267.5,0.01686747,0.016726794,446.8,453.7,453.8819493,463.7358648,54.22885572,-9.8539155,-6.563401434,20.97857143,453.7,30.41312044,514.5262409,392.8737591,5680939
ADBL,1/5/2022,426,430,418,419,-0.71%,45591,19202068.3,-0.007109005,-0.007134394,431.8,452.1,448.5154956,460.4220971,53.96039604,-11.90660148,-7.632041443,20.44285714,452.1,31.38873415,514.8774683,389.3225317,5635348
ADBL,1/6/2022,420,422,415.5,421,0.48%,37485,15665637,0.00477327,0.004761914,417.6,450.75,444.2823424,457.5019417,51.23152709,-13.21959931,-8.749553016,19.26428571,450.75,32.14584364,515.0416873,386.4583127,5672833
ADBL,1/9/2022,424,434,420,431,2.38%,79470,34177337.2,0.023752969,0.023475256,421.6,450.25,442.2389051,455.5388349,52.79187817,-13.29992981,-9.659628375,19.48571429,450.25,32.38237825,515.0147565,385.4852435,5752303
ADBL,1/10/2022,435,437.5,427,429,-0.46%,70123,30115309.4,-0.004640371,-0.004651171,424.4,449.75,440.2021505,453.5729953,53.96039604,-13.37084482,-10.40187166,18.02857143,449.75,32.64139284,515.0327857,384.4672143,5682180
ADBL,1/11/2022,429.5,432.9,426.1,428.9,-0.02%,41350,17749665.3,-0.0002331,-0.000233127,425.78,450.145,438.4633581,451.745366,55.6122449,-13.28200792,-10.97789892,17.55,450.145,32.32140361,514.7878072,385.5021928,5640830
ADBL,1/12/2022,435,435,422,424,-1.14%,39598,16913382,-0.011424574,-0.011490336,426.78,450.295,436.2382261,449.6901537,58.28877005,-13.45192764,-11.47270466,17.05,450.295,32.18570253,514.6664051,385.9235949,5601232
ADBL,1/13/2022,421.5,426.9,421.5,426.9,0.68%,37250,15789732.4,0.006839623,0.006816339,427.96,449.79,434.8015759,448.0019942,61.23595506,-13.20041827,-11.81824738,16.29285714,449.79,32.48314381,514.7562876,384.8237124,5638482
ADBL,1/16/2022,426.9,437,430.1,435,1.90%,63396,27521590.6,0.018973999,0.018796237,428.76,449.79,434.8321027,447.0388835,58.42696629,-12.20678081,-11.89595407,16.51428571,449.79,32.48314381,514.7562876,384.8237124,5701878
ADBL,1/17/2022,441,442,435,441,1.38%,50102,21983243.9,0.013793103,0.013698844,431.16,449.79,435.78101,446.5915588,61.74863388,-10.81054883,-11.67887302,15.65714286,449.79,32.48314381,514.7562876,384.8237124,5751980
ADBL,1/18/2022,441,448,436.9,440,-0.23%,95284,42216372.9,-0.002267574,-0.002270149,433.38,448.64,436.4300854,446.1032952,53.46534653,-9.673209826,-11.27774038,15.73571429,448.64,32.39787842,513.4357568,383.8442432,5656696
ADBL,1/19/2022,440,442,426.3,433,-1.59%,60921,26352303.2,-0.015909091,-0.016036999,435.18,446.89,435.9023799,445.1326807,62.42774566,-9.230300809,-10.86825247,16.07142857,446.89,32.24199452,511.373989,382.406011,5595775
ADBL,1/20/2022,430,435,427.5,433,0.00%,41039,17658669.9,0,0,436.4,444.24,435.4558599,444.2339636,50,-8.778103706,-10.45022271,10.04285714,444.24,31.01295824,506.2659165,382.2140835,5595775
ADBL,1/23/2022,440,441,428,430.2,-0.65%,42972,18568857.5,-0.006466513,-0.006487511,435.44,440.95,434.6472661,443.1944108,26.41509434,-8.54714468,-10.06960711,10.47142857,440.95,28.63179131,498.2135826,383.6864174,5552803
ADBL,1/24/2022,434,434,418,422,-1.91%,67946,28660971,-0.019060902,-0.019244903,431.64,437.05,432.7015329,441.6244544,18.75,-8.922921573,-9.840270001,10.61428571,437.05,25.28137446,487.6127489,386.4872511,5484857
ADBL,1/25/2022,420,425,415,419.9,-0.50%,51430,21650239,-0.004976303,-0.004988726,427.62,433.395,430.7320663,440.0152356,34.82142857,-9.283169319,-9.728849865,10.47142857,433.395,21.81302062,477.0210412,389.7689588,5433427
ADBL,1/26/2022,420,420,415,416.4,-0.83%,27790,11568945.6,-0.008335318,-0.008370251,424.3,429.515,428.527133,438.2659589,36.44859813,-9.738825881,-9.730845068,10.36428571,429.515,16.78835044,463.0917009,395.9382991,5405637
ADBL,1/27/2022,415,423,415,417,0.14%,21775,9106564.7,0.001440922,0.001439885,421.1,425.765,426.7537279,436.6907027,36.44859813,-9.936974744,-9.772071003,9.935714286,425.765,8.354404763,442.4738095,409.0561905,5427412
ADBL,1/30/2022,425,432,420.1,424.7,1.85%,39524,16780628.1,0.018465228,0.018296816,420,426.45,426.4377698,435.8025025,28.57142857,-9.364732687,-9.69060334,10.25714286,426.45,7.608409475,441.6668189,411.2331811,5466936
ADBL,1/31/2022,426,426,421.2,422,-0.64%,20348,8603029.5,-0.006357429,-0.006377723,420,426.8,425.755036,434.7800949,37.5,-9.025058909,-9.557494454,10.11428571,426.8,7.204238518,441.208477,412.391523,5446588
ADBL,2/1/2022,420,424,418,423,0.24%,33761,14242566.1,0.002369668,0.002366865,420.62,426.85,425.3311843,433.9074953,44.44444444,-8.576310976,-9.361257758,9.614285714,426.85,7.172572026,441.1951441,412.5048559,5480349
ADBL,2/3/2022,425,425,420,420.6,-0.57%,47402,20034413.9,-0.005673759,-0.005689916,421.46,426.93,424.6033098,432.9217549,41.09589041,-8.318445091,-9.152695225,9.585714286,426.93,7.088842233,441.1076845,412.7523155,5432947
ADBL,2/6/2022,418,422,417,418,-0.62%,33404,13980967.8,-0.006181645,-0.006200831,421.66,426.78,423.587416,431.8164397,40,-8.229023727,-8.967960925,9.221428571,426.78,7.250814836,441.2816297,412.2783703,5399543
ADBL,2/7/2022,416.5,423,416.1,417,-0.24%,26388,11022862.6,-0.002392344,-0.002395211,420.12,426.08,422.5739674,430.7189256,34.93150685,-8.144958285,-8.803360397,9.214285714,426.08,7.493688572,441.0673771,411.0926229,5373155
ADBL,2/8/2022,423,425,416,417,0.00%,33948,14242320.4,0,0,419.12,425.48,421.7164339,429.7027089,41.80327869,-7.98627501,-8.63994332,9.064285714,425.48,7.724438321,440.9288766,410.0311234,5373155
ADBL,2/9/2022,417,418,413,415.5,-0.36%,16231,6743613,-0.003597122,-0.003603608,417.62,424.81,420.7600595,428.6506564,42.14876033,-7.890596946,-8.490074045,8.3,424.81,7.988801372,440.7876027,408.8323973,5356924
ADBL,2/10/2022,422,422,413,414.5,-0.24%,20035,8301022.1,-0.002406739,-0.00240964,416.4,424.335,419.7969734,427.6024596,41.80327869,-7.805486246,-8.353156485,8.407142857,424.335,8.315253897,440.9655078,407.7044922,5336889
ADBL,2/13/2022,406.3,414,405,405.5,-2.17%,42697,17343445.1,-0.021712907,-0.021952101,413.9,423.265,417.597439,425.9652404,47.61904762,-8.367801382,-8.356085464,8.157142857,423.265,9.287811764,441.8406235,404.6893765,5294192
ADBL,2/14/2022,405,410,403,404,-0.37%,24705,10036310.2,-0.003699137,-0.003705996,411.3,421.715,415.5055253,424.3381856,47.61904762,-8.832660233,-8.451400418,7.514285714,421.715,9.798994309,441.3129886,402.1170114,5269487
ADBL,2/15/2022,405,410,403.2,407,0.74%,36803,14894245.9,0.007425743,0.007398307,409.3,420.015,414.196983,423.0538755,31.4516129,-8.85689255,-8.532498844,7.285714286,420.015,9.208707264,438.4324145,401.5975855,5306290
ADBL,2/16/2022,415,415,406,406.9,-0.02%,17607,7173672.3,-0.0002457,-0.00024573,407.58,418.36,413.0743702,421.8572921,31.2,-8.782921942,-8.582583464,7.571428571,418.36,8.363542438,435.0870849,401.6329151,5288683
ADBL,2/17/2022,415,415,403.5,405,-0.47%,18795,7630343.2,-0.004669452,-0.004680388,405.68,416.96,411.8321594,420.6086038,38.0952381,-8.776444436,-8.621355658,7.821428571,416.96,8.123999534,433.2079991,400.7120009,5269888
ADBL,2/20/2022,400,402,395,399,-1.48%,35466,14177046.7,-0.014814815,-0.01492565,404.38,415.26,409.857981,419.0079665,53.28947368,-9.149985485,-8.727081624,7.464285714,415.26,8.148193213,431.5563864,398.9636136,5234422
ADBL,2/21/2022,400,405,398,402,0.75%,27798,11132799.4,0.007518797,0.007490672,403.98,413.85,408.6490609,417.7481171,60.77348066,-9.099056272,-8.801476553,7.621428571,413.85,7.861732767,429.5734655,398.1265345,5262220
ADBL,2/22/2022,402,408,402,404.8,0.70%,15662,6345069.6,0.006965174,0.006941029,403.54,412.99,408.0568977,416.7889974,56.21301775,-8.732099695,-8.787601182,7.621428571,412.99,7.864035391,428.7180708,397.2619292,5277882
ADBL,2/23/2022,405.9,406,399.9,400,-1.19%,35048,14076613.9,-0.011857708,-0.011928571,402.16,411.995,406.8173749,415.5453679,63.75838926,-8.727992978,-8.775679541,7.7,411.995,8.195664772,428.3863295,395.6036705,5242834
ADBL,2/24/2022,401,401,392,397,-0.75%,33591,13341064.7,-0.0075,-0.007528266,400.56,411.025,405.3070096,414.171637,63.33333333,-8.864627397,-8.793469112,7.985714286,411.025,8.774477042,428.5739541,393.4760459,5209243
ADBL,2/27/2022,397,397.3,391.1,395,-0.50%,29411,11608919.9,-0.005037783,-0.005050516,399.76,409.925,403.7213158,412.7515157,56.21301775,-9.030199921,-8.840815274,7.935714286,409.925,9.34636856,428.6177371,391.2322629,5179832
ADBL,2/28/2022,395,401.9,388,390,-1.27%,66116,26010456.1,-0.012658228,-0.012739026,397.36,408.19,401.6103441,411.0662183,58.65921788,-9.455874121,-8.963827043,8.285714286,408.19,9.674268638,427.5385373,388.8414627,5113716
ADBL,3/2/2022,388,390,378,380,-2.56%,63480,24185161.1,-0.025641026,-0.025975486,392.4,406.09,398.2856758,408.7650169,62.01117318,-10.4793411,-9.266929854,8.785714286,406.09,10.98802698,428.066054,384.113946,5050236
ADBL,3/6/2022,378.5,384.5,378.5,380.9,0.24%,31906,12147036,0.002368421,0.002365621,388.58,403.985,395.6109564,406.7009416,66.85393258,-11.08998512,-9.631540908,8.571428571,403.985,11.59393103,427.1728621,380.7971379,5082142
ADBL,3/7/2022,382,387,382,385,1.08%,21937,8439898.3,0.01076398,0.010706461,386.18,402.205,393.9785016,405.0934644,67.75956284,-11.11496281,-9.928225288,8.328571429,402.205,11.64150809,425.4880162,378.9219838,5104079
ADBL,3/9/2022,389,390,381.1,383.9,-0.29%,20104,7722641.1,-0.002857143,-0.002861232,383.96,400.5,392.4279629,403.5235782,62.31155779,-11.09561527,-10.16170328,8.464285714,400.5,11.70339582,423.9067916,377.0932084,5083975
ADBL,3/10/2022,383,386.9,380,386.5,0.68%,28256,10872255.8,0.006772597,0.006749766,383.26,398.975,391.5159686,402.2625724,70.68062827,-10.74660377,-10.27868338,8.471428571,398.975,11.42402247,421.8230449,376.1269551,5112231
ADBL,3/13/2022,390,403,386.5,403,4.27%,56207,22360879.1,0.042690815,0.041804694,387.86,398.275,393.2827427,402.3171966,69.94818653,-9.034453976,-10.0298375,9.007142857,398.275,10.66513627,419.6052725,376.9447275,5168438
ADBL,3/14/2022,409,411,395,402,-0.25%,43377,17368347.7,-0.00248139,-0.002484473,392.08,397.6,394.6238592,402.2937006,62.68656716,-7.669841416,-9.557838283,9.328571429,397.6,9.918669266,417.4373385,377.7626615,5125061
ADBL,3/15/2022,405,405,395,399,-0.75%,36194,14457537.6,-0.007462687,-0.007490672,394.88,396.825,395.2971116,402.0497228,51.38121547,-6.75261116,-8.996792858,9.328571429,396.825,9.100484371,415.0259687,378.6240313,5088867
ADBL,3/16/2022,399,400,396,396.2,-0.70%,20680,8232074.9,-0.007017544,-0.007042283,397.34,396.36,395.4360175,401.61641,31.61290323,-6.180392456,-8.433512778,9.114285714,396.36,8.868536935,414.0970739,378.6229261,5068187
ADBL,3/20/2022,400,402,392,396.6,0.10%,22115,8781238.5,0.001009591,0.001009082,399.36,395.99,395.6150917,401.2448241,29.6969697,-5.629732305,-7.872756683,9.4,395.99,8.685493047,413.3609861,378.6190139,5090302
ADBL,3/21/2022,402,402,391,395.6,-0.25%,18867,7436115.8,-0.002521432,-0.002524616,397.88,395.42,395.6127699,400.8266889,45.23809524,-5.213918997,-7.340989146,9.75,395.42,8.289981271,411.9999625,378.8400375,5071435
ADBL,3/22/2022,395.6,399.4,395,398,0.61%,20056,7977489.7,0.006066734,0.006048406,397.08,394.975,395.9800361,400.6173046,53.33333333,-4.637268468,-6.80024501,9.421428571,394.975,7.869519814,410.7140396,379.2359604,5091491
ADBL,3/23/2022,405.9,405.9,392,395,-0.75%,14248,5640696.1,-0.007537688,-0.00756624,396.28,394.475,395.8292613,400.2012079,61.24401914,-4.371946618,-6.314585332,9.971428571,394.475,7.508442617,409.4918852,379.4581148,5077243
ADBL,3/24/2022,394.5,395,392,393,-0.51%,24489,9624549.1,-0.005063291,-0.005076153,395.64,394.175,395.3939903,399.6677851,62.5,-4.27379478,-5.906427222,9.192857143,394.175,7.437661984,409.050324,379.299676,5052754
ADBL,3/27/2022,393,394,388,388.1,-1.25%,20877,8132480.3,-0.012468193,-0.012546573,393.94,393.48,394.271838,398.8109122,62.3255814,-4.539074169,-5.632956611,8.764285714,393.48,7.316427083,408.1128542,378.8471458,5031877
ADBL,3/28/2022,385.6,390,384,386,-0.54%,22843,8820969.3,-0.005410977,-0.005425669,392.02,392.54,392.9992475,397.8619557,61.05769231,-4.862708172,-5.478906923,8.764285714,392.54,6.985729815,406.5114596,378.5685404,5009034
ADBL,3/29/2022,381,389.6,379,383.9,-0.54%,18020,6935183.2,-0.005440415,-0.005455267,389.2,391.735,391.5993633,396.8277368,57.65306122,-5.228373467,-5.428800232,9.085714286,391.735,7.008436645,405.7518733,377.7181267,4991014
ADBL,3/30/2022,383,388,381,385,0.29%,19953,7663860.5,0.00286533,0.002861232,387.2,391.135,390.5840766,395.9516081,62.98342541,-5.367531478,-5.416546481,8.95,391.135,7.047528495,405.230057,377.039943,5010967
ADBL,3/31/2022,387,388,383,384.1,-0.23%,16460,6339295.5,-0.002337662,-0.002340399,385.42,390.59,389.5865264,395.0737112,61.04651163,-5.487184832,-5.430674151,8.814285714,390.59,7.153571063,404.8971421,376.2828579,4994507
ADBL,4/3/2022,384.1,385,378.6,380.5,-0.94%,21505,8183008.9,-0.009372559,-0.009416758,383.9,390.115,388.1885992,393.994177,63.15789474,-5.805577804,-5.505654882,8.092857143,390.115,7.501738395,405.1184768,375.1115232,4973002
ADBL,4/4/2022,375,382,375,379,-0.39%,44329,16788376.7,-0.003942181,-0.003949972,382.5,390.065,386.7749686,392.8834973,70.32258065,-6.108528675,-5.62622964,7.45,390.065,7.575672629,405.2163453,374.9136547,4928673
ADBL,4/5/2022,385,385,371.5,376.8,-0.58%,28851,10776918.3,-0.005804749,-0.005821662,381.08,389.86,385.240358,391.6921271,70.32258065,-6.45176906,-5.791337524,7.7,389.86,7.88585676,405.6317135,374.0882865,4899822
ADBL,4/6/2022,374,378,365,366.9,-2.63%,40684,14994651.4,-0.026273885,-0.026625211,377.46,388.955,382.4187645,389.8556732,81.20805369,-7.436908745,-6.120451768,8.342857143,388.955,9.371596224,407.6981924,370.2118076,4859138
ADBL,4/7/2022,364.7,375,364.7,373,1.66%,22876,8499046.1,0.016625784,0.016489088,375.24,388.41,380.9697238,388.6071049,85.81560284,-7.637381048,-6.423837624,8.364285714,388.41,9.978339699,408.3666794,368.4533206,4882014
ADBL,4/11/2022,373,382,366.1,367,-1.61%,27160,10072937.5,-0.016085791,-0.016216572,372.54,387.435,378.8205355,387.0065786,75,-8.186043041,-6.776278708,8.714285714,387.435,11.06798489,409.5709698,365.2990302,4854854
ADBL,4/12/2022,363.6,373.3,363.6,363.8,-0.87%,12556,4584713.6,-0.008719346,-0.008757582,369.5,385.475,376.5096839,385.2875727,62.5,-8.77788884,-7.176600734,9.092857143,385.475,11.62351858,408.7220372,362.2279628,4842298
ADBL,4/13/2022,364,369,364,367,0.88%,29290,10740710,0.008796042,0.008757582,367.54,383.725,375.0466556,383.9329377,58.33333333,-8.886282115,-7.51853701,8.471428571,383.725,11.63935588,407.0037118,360.4462882,4871588
ADBL,4/17/2022,370,376,368,371,1.09%,20608,7673321.9,0.010899183,0.010840215,368.36,382.325,374.4240932,382.9749423,46.42857143,-8.55084913,-7.724999434,8.9,382.325,11.38655139,405.0981028,359.5518972,4892196
ADBL,4/18/2022,370,374,367,369.9,-0.30%,15159,5593073.9,-0.00296496,-0.002969364,367.74,381.01,373.7280789,382.0064281,46.42857143,-8.278349223,-7.835669392,8.971428571,381.01,11.21722829,403.4444566,358.5755434,4877037
ADBL,4/19/2022,369,372,358.7,371,0.30%,19684,7175205,0.002973777,0.002969364,368.54,379.73,373.3083744,381.1911371,40.98360656,-7.882762694,-7.845088052,9.492857143,379.73,10.79737297,401.3247459,358.1352541,4896721
ADBL,4/20/2022,373,378,367,370,-0.27%,16063,5945807.7,-0.002695418,-0.002699057,369.78,378.45,372.7993937,380.362164,46.875,-7.562770256,-7.788624493,9.521428571,378.45,10.3240394,399.0980788,357.8019212,4880658
ADBL,4/21/2022,370,370,363,370,0.00%,14989,5486722,0,0,370.38,377.05,372.3687178,379.5945963,46.03174603,-7.225878513,-7.676075297,9.521428571,377.05,9.389607917,395.8292158,358.2707842,4880658
ADBL,4/24/2022,371,377,367,376.6,1.78%,22222,8286882.2,0.017837838,0.017680611,371.5,376.13,373.0196843,379.3727744,43.5483871,-6.35309007,-7.411478252,9.878571429,376.13,8.386084966,392.9021699,359.3578301,4902880
ADBL,4/25/2022,380,384,375,378,0.37%,15248,5775166.6,0.003717472,0.003710579,373.12,375.38,373.7858867,379.2710874,36.36363636,-5.485200663,-7.026222734,10.06428571,375.38,7.412123781,390.2042476,360.5557524,4918128
ADBL,4/26/2022,374,377,371.5,373,-1.32%,11521,4299443.3,-0.013227513,-0.013315776,373.52,374.625,373.6649811,378.8065624,33.82352941,-5.141581319,-6.649294451,10.02857143,374.625,6.791316049,388.2076321,361.0423679,4906607
ADBL,4/27/2022,370,371,368,371,-0.54%,12344,4560074.9,-0.00536193,-0.005376357,373.72,373.875,373.254984,378.2282985,46.66666667,-4.973314525,-6.314098466,9.421428571,373.875,6.277853723,386.4307074,361.3192926,4894263
ADBL,4/28/2022,378,378,367.1,369,-0.54%,26491,9776276.7,-0.005390836,-0.005405419,373.52,373.13,372.600371,377.5447208,42.85714286,-4.944349777,-6.040148728,9.271428571,373.13,5.898179915,384.9263598,361.3336402,4867772
ADBL,5/2/2022,367,367,363.6,364,-1.36%,15384,5617595.3,-0.013550136,-0.013642776,371,372.08,371.277237,376.5414082,38.0952381,-5.264171131,-5.884953209,8.921428571,372.08,5.531688616,383.1433772,361.0166228,4852388
ADBL,5/4/2022,364,366,360,361,-0.82%,12602,4559131.4,-0.008241758,-0.008275909,367.6,370.925,369.6961237,375.3901928,33.8028169,-5.694069102,-5.846776387,8.214285714,370.925,5.296461083,381.5179222,360.3320778,4839786
ADBL,5/5/2022,361,365,356,356.3,-1.30%,14718,5270036.8,-0.013019391,-0.013104886,364.26,369.715,367.6351816,373.9761044,31.57894737,-6.34092285,-5.94560568,8.164285714,369.715,5.739638261,381.1942765,358.2357235,4825068
ADBL,5/8/2022,356.3,356.3,352,354.5,-0.51%,20085,7106767.4,-0.005051923,-0.005064727,360.96,368.49,365.6143844,372.53343,44.68085106,-6.919045611,-6.140293666,8.1,368.49,6.245832295,380.9816646,355.9983354,4804983
ADBL,5/9/2022,360,367,355,365,2.96%,16600,6032922,0.029619182,0.029189008,360.16,367.9,365.5198637,371.9753981,49.51456311,-6.455534435,-6.20334182,8.35,367.9,5.97080617,379.8416123,355.9583877,4821583
ADBL,5/10/2022,372,377.7,365,377.7,3.48%,13260,4929558.5,0.034794521,0.034202876,362.9,368.44,367.3937308,372.3994427,41.81818182,-5.005711895,-5.963815835,8.757142857,368.44,6.351825266,381.1436505,355.7363495,4834843
ADBL,5/11/2022,378,384,371,384,1.67%,17055,6456804.7,0.016679905,0.016542323,367.5,368.99,369.9485415,373.2587433,57.35294118,-3.310201793,-5.433093027,8.735714286,368.99,7.188580125,383.3671602,354.6128398,4851898
ADBL,5/12/2022,384,389,379,379.9,-1.07%,13959,5323319.5,-0.010677083,-0.010734492,372.22,369.635,371.4795351,373.7506882,55.72519084,-2.271153117,-4.800705045,8.664285714,369.635,7.56927828,384.7735566,354.4964434,4837939
ADBL,5/17/2022,383,383,365,366,-3.66%,10299,3784489,-0.036588576,-0.037274727,374.52,369.745,370.6365297,373.1765632,56.71641791,-2.540033464,-4.348570728,9.45,369.745,7.495646105,384.7362922,354.7537078,4827640
ADBL,5/18/2022,369,369,362,366,0.00%,8992,3271908.1,0,0,374.72,369.695,369.9232174,372.6449659,59.28571429,-2.721748453,-4.023206273,9.235714286,369.695,7.518221724,384.7314434,354.6585566,4827640
ADBL,5/19/2022,366,373,364.6,365.8,-0.05%,7073,2600050.6,-0.000546448,-0.000546597,372.34,369.435,369.2888763,372.1379314,65.98639456,-2.849055087,-3.788376036,9.192857143,369.435,7.560512027,384.5560241,354.3139759,4820567
ADBL,5/20/2022,366,366,360,364,-0.49%,5095,1850894.5,-0.004920722,-0.004932868,368.34,369.14,368.475203,371.5351216,58.78787879,-3.059918631,-3.642684555,9.157142857,369.14,7.655916185,384.4518324,353.8281676,4815472
ADBL,5/23/2022,371,371,358.6,360,-1.10%,15982,5759444.5,-0.010989011,-0.011049836,364.36,368.59,367.1713256,370.6806682,64.58333333,-3.509342563,-3.616016157,9.685714286,368.59,7.906286639,384.4025733,352.7774267,4799490
ADBL,5/24/2022,354,366,353,362,0.56%,10269,3714065.2,0.005555556,0.00554018,363.56,368.19,366.3757371,370.0376557,54.97630332,-3.661918662,-3.625196658,9.835714286,368.19,8.032558745,384.2551175,352.1248825,4809759
ADBL,5/25/2022,362,365,360,363,0.28%,17122,6221866.4,0.002762431,0.002758622,362.96,367.84,365.8563929,369.5163479,48.53556485,-3.659954995,-3.632148325,9.807142857,367.84,8.1017477,384.0434954,351.6365046,4826881
ADBL,5/26/2022,363,367,361,367,1.10%,12109,4416405.5,0.011019284,0.010959014,363.2,367.36,366.0323325,369.3299518,49.78540773,-3.297619301,-3.56524252,9.807142857,367.36,7.83543906,383.0308781,351.6891219,4838990
ADBL,5/27/2022,367,367,363,364.9,-0.57%,10347,3767210.4,-0.005722071,-0.005738505,363.38,366.705,365.8581275,369.0018072,52.65486726,-3.14367972,-3.48092996,9.45,366.705,7.436572145,381.5781443,351.8318557,4828643
ADBL,5/30/2022,367,367,356.2,357,-2.16%,12409,4443166.3,-0.021649767,-0.021887562,362.78,365.905,364.4953386,368.1127844,48.55769231,-3.617445806,-3.508233129,9.914285714,365.905,7.582908413,381.0708168,350.7391832,4816234
ADBL,5/31/2022,355,355,348.1,352,-1.40%,14454,5091744.9,-0.014005602,-0.014104606,360.78,364.955,362.5729788,366.9192448,39.56521739,-4.346266007,-3.675839705,9.657142857,364.955,8.084584096,381.1241682,348.7858318,4801780
ADBL,6/1/2022,354,356,350,352,0.00%,10455,3675674.2,0,0,358.58,364.105,360.9463667,365.8141156,40.625,-4.867748888,-3.914221542,9.178571429,364.105,8.518924753,381.1428495,347.0671505,4801780
ADBL,6/2/2022,352,353,348.1,350,-0.57%,16073,5626290.2,-0.005681818,-0.005698021,355.18,363.405,359.2623103,364.6426996,31.44329897,-5.380389335,-4.2074551,8.6,363.405,9.084427103,381.5738542,345.2361458,4785707
ADBL,6/3/2022,343.1,352,343.1,343.5,-1.86%,18065,6240715.4,-0.018571429,-0.018746043,350.9,362.53,356.8373395,363.0765737,30.34825871,-6.23923425,-4.61381093,8.521428571,362.53,10.11284228,382.7556846,342.3043154,4767642
ADBL,6/6/2022,345,345.5,338,343,-0.15%,20851,7129519,-0.001455604,-0.001456664,348.1,361.865,354.708518,361.5894201,32.03883495,-6.880902099,-5.067229164,7.771428571,361.865,10.94696666,383.7589333,339.9710667,4746791
ADBL,6/7/2022,340,345,322.6,328.9,-4.11%,49886,16393550.4,-0.041107872,-0.041976694,343.48,360.585,350.7379768,359.1679816,33.96226415,-8.430004805,-5.739784292,8.871428571,360.585,13.13205299,386.849106,334.320894,4696905
ADBL,6/8/2022,331,337,329.2,334,1.55%,27291,9096583.6,0.015506233,0.01538724,339.88,359.035,348.1629034,357.3036867,32.03883495,-9.140783224,-6.419984079,8.85,359.035,14.35597345,387.7469469,330.3230531,4724196
ADBL,6/9/2022,335,340.6,333.2,335,0.30%,15288,5156377,0.002994012,0.002989539,336.88,356.9,346.1378414,355.6515617,35.67567568,-9.513720353,-7.038731334,8.95,356.9,14.60699184,386.1139837,327.6860163,4739484
ADBL,6/10/2022,339.9,339.9,326,335.6,0.18%,8784,2909257.9,0.001791045,0.001789443,335.3,354.48,344.516635,354.1662609,21.51898734,-9.649625849,-7.560910237,9.057142857,354.48,13.87172816,382.2234563,326.7365437,4748268
ADBL,6/13/2022,335.6,340,332,332,-1.07%,9837,3290800.3,-0.010727056,-0.010785006,333.1,352.085,342.5909988,352.5243156,24.11347518,-9.933316755,-8.03539154,8.7,352.085,13.37815482,378.8413096,325.3286904,4738431
ADBL,6/14/2022,330,335,328.4,328.5,-1.05%,11543,3810561.9,-0.010542169,-0.010598131,333.02,350.21,340.4231529,350.7447367,34.31372549,-10.3215838,-8.492629992,8.814285714,350.21,13.94130176,378.0926035,322.3273965,4726888
ADBL,6/15/2022,329,329,323,327,-0.46%,11386,3689039.3,-0.00456621,-0.004576667,331.62,348.26,338.3580524,348.9858673,38.7755102,-10.62781486,-8.919666965,8.814285714,348.26,14.33833287,376.9366657,319.5833343,4715502
ADBL,6/16/2022,325,330,319.2,321,-1.83%,28991,9361424.8,-0.018348624,-0.018519048,328.82,346.02,335.6875828,346.9128401,38.1443299,-11.22525726,-9.380785023,9.3,346.02,14.9407109,375.9014218,316.1385782,4686511
ADBL,6/17/2022,327,327,319.5,319.9,-0.34%,7331,2355935.6,-0.003426791,-0.003432676,325.68,343.815,333.2587239,344.911889,34.57943925,-11.65316503,-9.835261025,9.064285714,343.815,15.39481372,374.6046274,313.0253726,4679180
ADBL,6/19/2022,325,325,315.1,318,-0.59%,13101,4173500.7,-0.005939356,-0.005957064,322.88,341.715,330.9112279,342.9184157,45.12195122,-12.00718777,-10.26964637,9.135714286,341.715,15.92625357,373.5675071,309.8624929,4666079
ADBL,6/20/2022,314,318,306.1,310.6,-2.33%,25115,7774733.7,-0.02327044,-0.023545472,319.3,339.145,327.7864236,340.524459,52.43902439,-12.73803535,-10.76332417,9.557142857,339.145,16.61297765,372.3709553,305.9190447,4640964
ADBL,6/21/2022,309,316,308,311,0.13%,26282,8190082.4,0.00128783,0.001287001,316.1,336.545,325.2038969,338.337462,53.01204819,-13.1335651,-11.23737235,9.778571429,336.545,16.75160558,370.0482112,303.0417888,4667246
ADBL,6/22/2022,315,315,304,310,-0.32%,37679,11534145,-0.003215434,-0.003220615,313.9,333.695,322.8648359,336.2383908,56.41025641,-13.3735549,-11.66460886,9.928571429,333.695,16.13494002,365.96488,301.42512,4629567
ADBL,6/23/2022,309,310,300.2,305,-1.61%,43832,13245101,-0.016129032,-0.016260521,310.92,330.7,320.1163996,333.9244359,52.77777778,-13.80803632,-12.09329435,10.09285714,330.7,15.58784952,361.875699,299.524301,4585735
ADBL,6/24/2022,305,310,298,309,1.31%,12201,3689219.6,0.013114754,0.0130295,309.12,328.3,318.4061843,332.0781814,34.72222222,-13.67199713,-12.40903491,9.35,328.3,15.00989148,358.319783,298.280217,4597936
ADBL,6/26/2022,314,317,307.8,315.1,1.97%,39098,12267102.1,0.0197411,0.019548772,310.02,326.455,317.8975405,330.8205383,34.72222222,-12.92299779,-12.51182749,9.428571429,326.455,14.18878263,354.8325653,298.0774347,4637034
ADBL,6/27/2022,315.9,321,313,314,-0.35%,22811,7234514.2,-0.003490955,-0.003497063,310.62,324.555,317.2979189,329.5745725,35.61643836,-12.27665361,-12.46479271,9.471428571,324.555,13.08974991,350.7344998,298.3755002,4614223
ADBL,6/28/2022,309.79,333.1,308,330,5.10%,21480,6738054.29,0.050955414,0.049699669,314.62,323.555,319.2520852,329.6060857,38.23529412,-10.35400044,-12.04263426,10.27142857,323.555,11.73767999,347.03036,300.07964,4635703
ADBL,6/29/2022,330,330,314,326.5,-1.06%,20955,6803496.8,-0.010606061,-0.010662706,318.92,322.705,320.367149,329.3760052,41.93548387,-9.008856205,-11.43587865,10.84285714,322.705,10.7950025,344.295005,301.114995,4614748
ADBL,6/30/2022,330,332,325,330.5,1.23%,33598,11071739.9,0.012251149,0.012176711,323.22,322.08,321.9260492,329.4592641,40.98360656,-7.533214928,-10.6553459,10.87142857,322.08,9.88132742,341.8426548,302.3173452,4648346
ADBL,7/1/2022,336.9,336.9,325.4,326,-1.36%,14504,4767079.7,-0.013615734,-0.013709278,325.4,321.935,322.5528109,329.2030223,36.66666667,-6.650211478,-9.854319017,11.26428571,321.935,9.796899348,341.5287987,302.3412013,4633842
ADBL,7/3/2022,326,330,324.4,327,0.31%,21180,6928178.5,0.003067485,0.00306279,328,321.585,323.2369938,329.0398355,32.25806452,-5.802841693,-9.044023552,10.89285714,321.585,9.462517469,340.5100349,302.6599651,4655022
ADBL,7/4/2022,330,338,329,329,0.61%,47200,15749826.3,0.006116208,0.00609758,327.8,321.285,324.1236101,329.0368847,29.41176471,-4.913274577,-8.217873757,11.14285714,321.285,9.103109648,339.4912193,303.0787807,4702222
ADBL,7/5/2022,330,335,325,329.9,0.27%,35848,11781415.8,0.002735562,0.002731827,328.48,321,325.0122855,329.1008192,48.75,-4.088533679,-7.392005742,11.15,321,8.71218143,338.4243629,303.5756371,4738070
ADBL,7/6/2022,334.9,334.9,318,328,-0.58%,19649,6415376.9,-0.005759321,-0.00577597,327.98,320.8,325.4719339,329.019277,41.7721519,-3.547343133,-6.62307322,11.50714286,320.8,8.48943616,337.7788723,303.8211277,4718421
ADBL,7/7/2022,330,334,325,330,0.61%,22802,7490782.3,0.006097561,0.006079046,328.78,320.875,326.1685594,329.0919232,41.7721519,-2.923363723,-5.88313132,11.57857143,320.875,8.567310884,338.0096218,303.7403782,4741223
ADBL,7/8/2022,330,330,320,323,-2.12%,6386,2073039.4,-0.021212121,-0.021440331,327.98,320.675,325.6810888,328.6406696,42.85714286,-2.959580839,-5.298421224,11.50714286,320.675,8.462852263,337.6007045,303.7492955,4734837
ADBL,7/11/2022,318,320,310,312.4,-3.28%,31001,9674338.9,-0.032817337,-0.033367905,324.66,320.245,323.6378443,327.437657,48.23529412,-3.7998127,-4.998699519,11.73571429,320.245,8.661619819,337.5682396,302.9217604,4703836
ADBL,7/12/2022,312.4,318.6,305.8,310,-0.77%,46072,14233125.8,-0.007682458,-0.00771212,320.68,319.75,321.5397144,326.1459787,56.94444444,-4.606264299,-4.920212475,11.79285714,319.75,8.960116306,337.6702326,301.8297674,4657764
ADBL,7/13/2022,316,316,309,312.6,0.84%,28378,8835253.9,0.008387097,0.008352121,317.6,319.48,320.1643738,325.1425729,55.07246377,-4.978199149,-4.93180981,11.63571429,319.48,9.095956302,337.6719126,301.2880874,4686142
ADBL,7/14/2022,318,324.9,314,324.9,3.93%,129060,40895290,0.039347409,0.038593025,316.58,320.195,320.8929316,325.1246045,55.07246377,-4.231672902,-4.791782428,11.94285714,320.195,8.921557275,338.0381145,302.3518855,4815202
ADBL,7/15/2022,325,333,323,331,1.88%,23305,7669831.6,0.018775008,0.018600933,318.18,321.195,322.4478652,325.559819,55.07246377,-3.111953786,-4.4558167,10.86428571,321.195,8.957471154,339.1099423,303.2800577,4838507
ADBL,7/17/2022,331,333,328.2,333,0.60%,13768,4553730.5,0.006042296,0.006024115,322.3,322.345,324.0712706,326.1109435,50.66666667,-2.039672954,-3.972587951,10.06428571,322.345,8.920908321,340.1868166,304.5031834,4852275
ADBL,7/18/2022,331.1,333,327,333,0.00%,30494,10082717.3,0,0,326.9,323.745,325.4449213,326.621244,47.5,-1.176322753,-3.413334911,9.992857143,323.745,8.225600282,340.1962006,307.2937994,4852275
ADBL,7/19/2022,336,338,331.7,332.2,-0.24%,48655,16196691.8,-0.002402402,-0.002405293,330.82,324.905,326.4841641,327.0344852,50,-0.550321054,-2.84073214,9.621428571,324.905,7.652689586,340.2103792,309.5996208,4803620
ADBL,7/20/2022,331,332,329,330,-0.66%,9519,3144836.7,-0.006622517,-0.006644543,331.84,325.65,327.025062,327.254153,49.38271605,-0.229090993,-2.318403911,9.45,325.65,7.367889079,340.3857782,310.9142218,4794101
ADBL,7/21/2022,336.6,336.6,325,326,-1.21%,33924,11108511.1,-0.012121212,-0.012195273,330.84,326.25,326.8673601,327.1612527,64.78873239,-0.293892615,-1.913501652,9.492857143,326.25,6.838859554,339.9277191,312.5722809,4760177
ADBL,7/22/2022,332.1,332.1,320,320,-1.84%,73821,24021749.6,-0.018404908,-0.018576386,328.24,325.75,325.8108432,326.6307896,52.83018868,-0.819946392,-1.6947906,9.642857143,325.75,6.91539092,339.5807818,311.9192182,4686356
ADBL,7/24/2022,326,330,318,325,1.56%,34052,10998616.7,0.015625,0.015504187,326.64,325.675,325.6860981,326.5099903,53.84615385,-0.823892269,-1.520610934,9.292857143,325.675,6.9149628,339.5049256,311.8450744,4720408
ADBL,7/25/2022,325,335,325,331.9,2.12%,22249,7369602.6,0.021230769,0.021008536,326.58,325.745,326.642083,326.9092503,54.71698113,-0.267167332,-1.269922213,9.364285714,325.745,6.973217561,339.6914351,311.7985649,4742657
ADBL,7/26/2022,330,334,327,327.9,-1.21%,28310,9339668.8,-0.012051823,-0.012125035,326.16,325.84,326.8356087,326.9826392,56.36363636,-0.147030504,-1.045343871,9.15,325.84,6.989797076,339.8195942,311.8604058,4714347
ADBL,7/27/2022,328,329,325,329,0.34%,15694,5123099.9,0.003354681,0.003349067,326.76,325.94,327.168592,327.1320733,40.38461538,0.036518642,-0.828971369,8.507142857,325.94,7.021500814,339.9830016,311.8969984,4730041
ADBL,7/28/2022,330,330.5,327,329.2,0.06%,25355,8345187.1,0.000607903,0.000607718,328.6,325.95,327.4811163,327.2852531,38.18181818,0.195863201,-0.624004455,7.842857143,325.95,7.026229055,340.0024581,311.8975419,4755396
ADBL,7/29/2022,333.5,333.9,326,329,-0.06%,10688,3509781.5,-0.000607533,-0.000607718,329.4,325.905,327.7147907,327.4122714,29.62962963,0.302519329,-0.438699698,7.907142857,325.905,7.002441304,339.9098826,311.9001174,4744708
ADBL,7/31/2022,335.5,335.5,329,334.9,1.79%,52879,17560835.2,0.017933131,0.017774229,330,326.25,328.8202075,327.9669179,25.42372881,0.85328958,-0.180301842,7.492857143,326.25,7.275734725,340.8014695,311.6985305,4797587
ADBL,8/1/2022,339,343.7,333.1,337,0.63%,29020,9838535.7,0.006270529,0.006250951,331.82,326.6,330.0786371,328.6360351,22.72727273,1.442602003,0.144278927,7.535714286,326.6,7.625580219,341.8511604,311.3488396,4826607
ADBL,8/2/2022,337.9,338,332,335,-0.59%,16845,5630041.1,-0.005934718,-0.005952399,333.02,327.2,330.8357699,329.1074399,23.07692308,1.728329947,0.461089131,7.621428571,327.2,7.797570472,342.7951409,311.6048591,4809762
ADBL,8/3/2022,337,339,331,331.9,-0.93%,24591,8254595.6,-0.009253731,-0.009296813,333.56,328.175,330.9994976,329.3142962,31.81818182,1.685201357,0.705911576,7.764285714,328.175,7.031049559,342.2370991,314.1129009,4785171
ADBL,8/4/2022,330,336,326.9,327.2,-1.42%,53722,17644844.2,-0.014160892,-0.014262114,333.2,329.035,330.4149595,329.1576817,47.6744186,1.257277803,0.816184821,7.964285714,329.035,5.596547338,340.2280947,317.8419053,4731449
ADBL,8/5/2022,327,333,320.8,326,-0.37%,15314,4981883.4,-0.003667482,-0.003674223,331.42,329.705,329.735735,328.9237793,54.02298851,0.811955612,0.81533898,8.607142857,329.705,4.137310975,337.979622,321.430378,4716135
ADBL,8/7/2022,327,328,320,324,-0.61%,25006,8083388.1,-0.006134969,-0.006153866,328.82,329.66,328.8533142,328.559055,51.80722892,0.294259246,0.711123033,8.35,329.66,4.196790754,338.0535815,321.2664185,4691129
ADBL,8/8/2022,323,328.9,322,324,0.00%,17323,5618926.5,0,0,326.62,329.31,328.1066505,328.2213472,48.27586207,-0.114696703,0.545959086,7.978571429,329.31,4.36757189,338.0451438,320.5748562,4691129
ADBL,8/9/2022,330.3,330.3,319.1,320,-1.23%,16292,5229660.9,-0.012345679,-0.01242252,324.24,328.66,326.8594735,327.6123585,45.65217391,-0.752885019,0.286190265,7.921428571,328.66,4.740908196,338.1418164,319.1781836,4674837
ADBL,8/10/2022,325,325.9,316.1,319,-0.31%,13511,4315412.8,-0.003125,-0.003129893,322.6,327.96,325.6503237,326.974406,50,-1.324082303,-0.035864249,7.907142857,327.96,5.08728032,338.1345606,317.7854394,4661326
ADBL,8/11/2022,321.9,322.9,318,319.9,0.28%,14796,4740123.9,0.002821317,0.002817344,321.38,327.345,324.7656585,326.4503759,44.85981308,-1.684717415,-0.365634882,7.757142857,327.345,5.287271209,337.9195424,316.7704576,4676122
ADBL,8/14/2022,318,323.9,317.1,317.1,-0.88%,12706,4041250.4,-0.008752735,-0.008791265,320,326.7,323.5863264,325.7577555,52.29357798,-2.171429055,-0.726793717,7.957142857,326.7,5.715813705,338.1316274,315.2683726,4663416
ADBL,8/15/2022,322,325,318,325,2.49%,14532,4674877.8,0.024913277,0.024608001,320.2,326.65,323.8038147,325.7016255,54.62962963,-1.897810779,-0.960997129,8.271428571,326.65,5.72662296,338.1032459,315.1967541,4677948
ADBL,8/16/2022,324.9,328,321,322.9,-0.65%,17914,5794377.1,-0.006461538,-0.006482505,320.78,326.795,323.6647663,325.4940977,51.30434783,-1.82933138,-1.134663979,8.207142857,326.795,5.584327222,337.9636544,315.6263456,4660034
ADBL,8/17/2022,321,323,319,320,-0.90%,11949,3828524.9,-0.008981109,-0.009021682,320.98,326.545,323.1009561,325.0871275,58.33333333,-1.986171379,-1.304965459,8.028571429,326.545,5.777494904,338.0999898,314.9900102,4648085
ADBL,8/18/2022,322,325,321,323,0.94%,17718,5723920.9,0.009375,0.009331327,321.6,326.1,323.0854244,324.9325254,60.34482759,-1.847101049,-1.413392577,7.628571429,326.1,5.68534589,337.4706918,314.7293082,4665803
ADBL,8/21/2022,323,330,323,330,2.17%,27475,9014062.3,0.021671827,0.021440331,324.18,326.205,324.1492052,325.3078939,65.74074074,-1.158688671,-1.362451796,7.7,326.205,5.739473202,337.6839464,314.7260536,4693278
ADBL,8/22/2022,323.4,330,323.4,328,-0.61%,14918,4873784.9,-0.006060606,-0.006079046,324.78,326.155,324.7416352,325.5073092,57.01754386,-0.765673973,-1.243096231,7.6,326.155,5.718158979,337.591318,314.718682,4678360
ADBL,8/23/2022,327,330,326,328.5,0.15%,10216,3361109.5,0.00152439,0.00152323,325.9,326.12,325.3198452,325.72899,51.48514851,-0.409144806,-1.076305946,7.235714286,326.12,5.700655549,337.5213111,314.7186889,4688576
ADBL,8/24/2022,332.8,335,329.1,330.5,0.61%,19675,6523675,0.00608828,0.006069821,328,326.195,326.1167921,326.0823981,47.91666667,0.034393941,-0.854165969,6.828571429,326.195,5.750192216,337.6953844,314.6946156,4708251
ADBL,8/25/2022,337.1,337.1,329,330,-0.15%,16629,5504585.8,-0.001512859,-0.001514005,329.4,325.95,326.7142087,326.3725909,48.45360825,0.341617815,-0.615009212,6.835714286,325.95,5.456671436,336.8633429,315.0366571,4691622
ADBL,8/26/2022,329.9,331.5,325,325.6,-1.33%,7870,2579957.2,-0.013333333,-0.01342302,328.52,325.38,326.542792,326.3153619,51.61290323,0.227430048,-0.44652136,6.807142857,325.38,4.797214104,334.9744282,315.7855718,4683752
ADBL,8/28/2022,325,325,321,322.5,-0.95%,17936,5784362.9,-0.009520885,-0.009566498,327.42,324.755,325.920824,326.0327425,51.61290323,-0.111918544,-0.379600797,6.335714286,324.755,4.262378259,333.2797565,316.2302435,4665816
ADBL,8/29/2022,325,325,318.1,321.9,-0.19%,13656,4375586.9,-0.001860465,-0.001862198,326.1,324.255,325.3022357,325.7266134,52.63157895,-0.424377771,-0.388556192,6.128571429,324.255,3.955605616,332.1662112,316.3437888,4652160
ADBL,8/30/2022,328.3,328.3,321,322.1,0.06%,11139,3594640.2,0.000621311,0.000621118,324.42,324,324.809584,325.4579754,59.5505618,-0.648391379,-0.440523229,6.3,324,3.919989259,331.8399785,316.1600215,4663299
ADBL,8/31/2022,320,324.9,320,320.7,-0.43%,13331,4287524.5,-0.004346476,-0.00435595,322.56,323.735,324.1773403,325.1055328,51.1627907,-0.928192453,-0.538057074,6.164285714,323.735,3.956643314,331.6482866,315.8217134,4649968
ADBL,9/1/2022,320,323,318,321,0.09%,12572,4020241.3,0.000935454,0.000935016,321.64,323.585,323.6885187,324.8014192,54.83870968,-1.112900502,-0.65302576,5.957142857,323.585,4.002666874,331.5903337,315.5796663,4662540
ADBL,9/2/2022,327.4,327.4,318,320,-0.31%,3734,1198705.5,-0.003115265,-0.003120127,321.14,323.385,323.1210543,324.4457586,52.04081633,-1.324704238,-0.787361455,6.128571429,323.385,4.080025155,331.5450503,315.2249497,4658806
ADBL,9/4/2022,319,325,319,321,0.31%,7380,2377089.3,0.003125,0.003120127,320.96,323.435,322.7947383,324.1905172,43.47826087,-1.395778913,-0.909044947,6.271428571,323.435,4.042312392,331.5196248,315.3503752,4666186
ADBL,9/5/2022,321,324,320,321.4,0.12%,11229,3612997.9,0.001246106,0.00124533,320.82,323.555,322.5801631,323.9838122,41.66666667,-1.403649054,-1.007965768,6.2,323.555,3.938003101,331.4310062,315.6789938,4677415
ADBL,9/6/2022,320.5,324,320.5,321,-0.12%,13240,4255335.5,-0.001244555,-0.00124533,320.88,323.61,322.3370611,323.7627891,39,-1.425727951,-1.091518205,5.95,323.61,3.891678031,331.3933561,315.8266439,4664175
ADBL,9/7/2022,320,320,317.8,319.8,-0.37%,12342,3934251.8,-0.003738318,-0.003745323,320.64,323.745,321.946744,323.4692491,48.42105263,-1.522505116,-1.177715587,5.707142857,323.745,3.69586896,331.1367379,316.3532621,4651833
ADBL,9/8/2022,318,321,318,319,-0.25%,11069,3536673.5,-0.002501563,-0.002504698,320.44,323.445,321.4933988,323.1381937,54.20560748,-1.644794859,-1.271131441,5.635714286,323.445,3.8297279,331.1044558,315.7855442,4640764
ADBL,9/11/2022,320,321,313.7,314,-1.57%,24584,7779122.6,-0.015673981,-0.015798117,319.04,323,320.3405682,322.4612904,54.20560748,-2.120722209,-1.441049595,5.692857143,323,4.374687959,331.7493759,314.2506241,4616180
ADBL,9/12/2022,320.2,326.6,312,314,0.00%,13529,4248138.5,0,0,317.56,322.7,319.3650962,321.8345282,61.71875,-2.469431988,-1.646726073,6.157142857,322.7,4.778350299,332.2567006,313.1432994,4616180
ADBL,9/13/2022,315,318,310,316.2,0.70%,12273,3878145.3,0.007006369,0.006981939,316.6,322.36,318.8781583,321.4171557,60.46511628,-2.538997405,-1.82518034,6.264285714,322.36,4.992984552,332.3459691,312.3740309,4628453
ADBL,9/14/2022,320,322.5,316,321,1.52%,23829,7604830.4,0.015180266,0.015066198,316.84,321.91,319.2045955,321.3862553,62.90322581,-2.181659798,-1.896476231,6.4,321.91,4.662831758,331.2356635,312.5843365,4652282
ADBL,9/15/2022,325,325,315,316,-1.56%,16374,5192264.9,-0.015576324,-0.01569891,316.24,321.31,318.7115808,320.9872734,52.45901639,-2.275692615,-1.972319508,6.621428571,321.31,4.609703724,330.5294074,312.0905926,4635908
ADBL,9/16/2022,313,315,309,315,-0.32%,11315,3535637.5,-0.003164557,-0.003169575,316.44,320.635,318.1405684,320.5437717,54.6875,-2.403203311,-2.058496269,6.6,320.635,4.48826247,329.6115249,311.6584751,4624593
ADBL,9/18/2022,321.3,321.3,310,314,-0.32%,11440,3567890.3,-0.003174603,-0.003179653,316.44,319.81,317.5035578,320.0590479,58.06451613,-2.555490001,-2.157895015,7.057142857,319.81,4.077137799,327.9642756,311.6557244,4613153
ADBL,9/20/2022,311,312,303,305.1,-2.83%,17004,5197943.6,-0.028343949,-0.028753394,314.22,318.565,315.5953182,318.9509702,58.4,-3.355652052,-2.397446423,7.485714286,318.565,4.573294908,327.7115898,309.4184102,4596149
ADBL,9/21/2022,301,311.9,301,307,0.62%,8026,2466769.4,0.006227466,0.006208156,311.42,317.635,314.2729615,318.0657132,65.76576577,-3.792751641,-2.676507466,7.592857143,317.635,4.943605652,327.5222113,307.7477887,4604175
ADBL,9/22/2022,310,312.9,303.5,305,-0.65%,13150,4016456.9,-0.006514658,-0.006535971,309.22,316.76,312.8463521,317.0978826,61.86440678,-4.251530502,-2.991512073,7.835714286,316.76,5.548864274,327.8577285,305.6622715,4591025
ADBL,9/25/2022,310,310,300,304,-0.33%,13739,4151161.6,-0.003278689,-0.003284075,307.02,315.865,311.4853748,316.127669,61.34453782,-4.64229422,-3.321668503,8.264285714,315.865,6.093074153,328.0511483,303.6788517,4577286
ADBL,9/27/2022,305,310,304,306.1,0.69%,10558,3237843.2,0.006907895,0.006884145,305.44,315.065,310.6568556,315.3848787,56.58914729,-4.728023124,-3.602939427,8.442857143,315.065,6.278893215,327.6227864,302.5072136,4587844
ADBL,9/28/2022,305,311,305,310.5,1.44%,8119,2515160.5,0.014374387,0.014272055,306.52,314.555,310.632724,315.0230359,61.37931034,-4.390311889,-3.760413919,8.642857143,314.555,6.210981362,326.9769627,302.1330373,4595963
ADBL,9/29/2022,310.6,316,305,316,1.77%,9610,3002242,0.017713366,0.017558312,308.32,314.305,311.4584588,315.0954036,54.83870968,-3.636944831,-3.735720102,9.214285714,314.305,6.036073576,326.3771472,302.2328528,4605573
ADBL,10/9/2022,316,321,315,320.5,1.42%,15873,5035698.1,0.014240506,0.014140063,311.42,314.33,312.8494651,315.4957441,58.33333333,-2.646278961,-3.517831873,9.121428571,314.33,6.061882633,326.4537653,302.2062347,4621446
ADBL,10/10/2022,324.9,324.9,315,316,-1.40%,13000,4126303.1,-0.014040562,-0.014140063,313.82,314.08,313.3341628,315.5330964,56.34920635,-2.198933576,-3.254052214,8.785714286,314.08,5.87246922,325.8249384,302.3350616,4608446
ADBL,10/11/2022,316,316,310,316,0.00%,4458,1392319.6,0,0,315.8,313.81,313.7442916,315.5676818,47.65100671,-1.823390228,-2.967919817,8.642857143,313.81,5.637646019,325.085292,302.534708,4608446
ADBL,10/12/2022,316,319.8,310,317,0.32%,24496,7724142.8,0.003164557,0.00315956,317.1,313.61,314.2451698,315.6737795,46.40522876,-1.428609654,-2.660057784,8.878571429,313.61,5.436513976,324.483028,302.736972,4632942
ADBL,10/13/2022,317,321,310,315.9,1.31%,44417,13849857.2,-0.003470032,-0.003476066,317.08,313.415,314.4997591,315.6905365,47.97297297,-1.19077747,-2.366201721,8.95,313.415,5.270201734,323.9554035,302.8745965,4588525
ADBL,10/16/2022,314,317,313.1,316,0.03%,12032,3791791.4,0.000316556,0.000316506,316.18,313.265,314.7305654,315.7134598,44.60431655,-0.982894392,-2.089540255,8.728571429,313.265,5.144058913,323.5531178,302.9768822,4600557
ADBL,10/17/2022,315,321,313,313.5,-0.79%,16317,5164517.9,-0.007911392,-0.007942854,315.68,313.24,314.5412476,315.5494998,44.20289855,-1.008252158,-1.873282636,8.492857143,313.24,5.141513191,323.5230264,302.9569736,4584240
ADBL,10/19/2022,314,315,311.4,313,-0.16%,11518,3606102.5,-0.001594896,-0.00159617,315.08,313.19,314.3041326,315.3606479,39.53488372,-1.05651534,-1.709929177,7.964285714,313.19,5.138594934,323.4671899,302.9128101,4572722
ADBL,10/20/2022,313,317,310,316,0.96%,12755,3991532.1,0.009584665,0.009539023,314.88,313.18,314.5650353,315.4080073,35.66433566,-0.842972075,-1.536537756,7.685714286,313.18,5.132620137,323.4452403,302.9147597,4585477
ADBL,10/23/2022,320,320,312,317.9,0.60%,17351,5480341.7,0.006012658,0.005994654,315.28,313.025,315.0781068,315.5925994,37.77777778,-0.514492627,-1.332128731,7.585714286,313.025,4.9267129,322.8784258,303.1715742,4602828
ADBL,10/31/2022,319,323,312,317.5,-0.13%,13157,4153072.6,-0.001258257,-0.00125905,315.58,313.1,315.4507057,315.7338883,44.52554745,-0.283182602,-1.122339505,7.657142857,313.1,4.985452521,323.070905,303.129095,4589671
ADBL,11/1/2022,317.5,325,313.5,324,2.05%,35973,11517735,0.020472441,0.020265697,317.68,313.55,316.7659818,316.3461929,50.80645161,0.419788872,-0.81391383,8.05,313.55,5.541185509,324.632371,302.467629,4625644
ADBL,11/2/2022,324.1,329,322,324,0.00%,19128,6213082.5,0,0,319.88,314.05,317.8789077,316.9131416,36.36363636,0.965766079,-0.457977848,8.121428571,314.05,6.014850044,326.0797001,302.0202999,4625644
ADBL,11/3/2022,324,326,318,319,-1.54%,12711,4061403.7,-0.015432099,-0.015552413,320.48,314.745,318.0513834,317.0677237,33.61344538,0.983659719,-0.169650334,7.907142857,314.745,5.722207432,326.1894149,303.3005851,4612933
ADBL,11/6/2022,319,323,313,322,0.94%,16955,5399213.9,0.009404389,0.009360443,321.3,315.495,318.6588629,317.4330775,26.4957265,1.225785395,0.109436811,8.192857143,315.495,5.636019032,326.7670381,304.2229619,4629888
ADBL,11/7/2022,325,325,319,321,-0.31%,24381,7836657.7,-0.00310559,-0.003110422,322,316.295,319.0190378,317.697294,12.5,1.321743854,0.35189822,7.914285714,316.295,5.18545283,326.6659057,305.9240943,4605507
ADBL,11/8/2022,320,322,318,321,0.00%,9278,2971665.9,0,0,321.4,317.145,319.3238012,317.9419389,23.25581395,1.381862375,0.557891051,7.771428571,317.145,4.397424485,325.939849,308.350151,4605507
ADBL,11/9/2022,320,324.9,316,316.5,-1.40%,15234,4857122.9,-0.014018692,-0.014117882,319.9,317.665,318.8893703,317.8351286,24.3902439,1.054241702,0.657161181,7.707142857,317.665,3.557242427,324.7794849,310.5505151,4590273
ADBL,11/10/2022,322.8,322.8,311.8,314,-0.79%,15742,4950794.2,-0.007898894,-0.007930256,318.9,317.84,318.1371595,317.551045,26.31578947,0.586114489,0.642951843,7.707142857,317.84,3.259867611,324.3597352,311.3202648,4574531
ADBL,11/13/2022,314,316,311.1,311.7,-0.73%,11950,3751319.9,-0.007324841,-0.007351799,316.84,317.625,317.1468272,317.1176342,24.3902439,0.029193003,0.520200075,7.778571429,317.625,3.519102009,324.663204,310.586796,4562581
ADBL,11/14/2022,310.1,314.4,310,311,-0.22%,15187,4720438,-0.002245749,-0.002248275,314.84,317.15,316.2011615,316.6644761,20.43010753,-0.463314634,0.323497133,7.521428571,317.15,3.744539885,324.6390798,309.6609202,4547394
ADBL,11/15/2022,317.2,323.5,312,315,1.29%,8337,2617873.5,0.012861736,0.012779727,313.64,317.1,316.0163674,316.5411816,29.80769231,-0.524814183,0.15383487,8.157142857,317.1,3.767310921,324.6346218,309.5653782,4555731
ADBL,11/16/2022,317,317,314,314.5,-0.16%,13463,4234374.8,-0.001587302,-0.001588563,313.24,317.025,315.7830801,316.389983,38.04347826,-0.606902842,0.001687327,7.871428571,317.025,3.805103913,324.6352078,309.4147922,4542268
ADBL,11/17/2022,315,320,315,319.5,1.59%,17607,5598034.6,0.015898251,0.015773198,314.34,317.15,316.354914,316.6203546,44.79166667,-0.265440648,-0.051738268,7.692857143,317.15,3.845092566,324.8401851,309.4598149,4559875
ADBL,11/22/2022,320,322,316,319,-0.16%,8935,2853490.7,-0.001564945,-0.001566171,315.8,317.305,316.7618503,316.7966246,41.11111111,-0.034774363,-0.048345487,7.335714286,317.305,3.854522293,325.0140446,309.5959554,4550940
ADBL,11/23/2022,320,320,316.1,317,-0.63%,9236,2936074.7,-0.006269592,-0.006289329,317,317.355,316.7984887,316.8116895,38.46153846,-0.013200785,-0.041316546,6.792857143,317.355,3.843172346,325.0413447,309.6686553,4541704
ADBL,11/24/2022,317,319.9,315,319,0.63%,6331,2008843.3,0.006309148,0.006289329,317.8,317.63,317.1371827,316.9737866,35.71428571,0.163396187,-0.000374,6.642857143,317.63,3.74841721,325.1268344,310.1331656,4548035
ADBL,11/27/2022,325,325.3,316,316.5,-0.78%,25216,7999086.3,-0.007836991,-0.007867861,318.2,317.805,317.0391546,316.9386913,37.23404255,0.100463373,0.019793475,6.735714286,317.805,3.599630829,325.0042617,310.6057383,4522819
ADBL,11/28/2022,315,320,312.1,312.1,-1.39%,30870,9736715.1,-0.013902054,-0.013999592,316.72,317.61,316.2792847,316.5802697,39.3258427,-0.300984995,-0.044362219,6.585714286,317.61,3.802478416,325.2149568,310.0050432,4491949
ADBL,11/29/2022,312,317.9,311.7,314.3,0.70%,12352,3892511.1,0.007049023,0.007024295,315.78,317.43,315.9747793,316.4113608,31.53153153,-0.436581466,-0.122806069,6.6,317.43,3.872589233,325.1751785,309.6848215,4504301
ADBL,11/30/2022,314.4,319.5,314,317,0.86%,7447,2355373.8,0.008590519,0.00855383,315.78,317.405,316.1325056,316.4549637,36.66666667,-0.322458114,-0.162736478,6.707142857,317.405,3.873727295,325.1524546,309.6575454,4511748
ADBL,12/1/2022,322,322,315,318,0.32%,9580,3033970.7,0.003154574,0.003149609,315.58,317.105,316.4198124,316.5694108,37.93103448,-0.149598416,-0.160108865,6.571428571,317.105,3.555348084,324.2156962,309.9943038,4521328
ADBL,12/4/2022,320,320,314,317,-0.31%,25605,8074994.3,-0.003144654,-0.003149609,315.68,316.755,316.5090721,316.6013063,48.92086331,-0.092234283,-0.146533949,6.214285714,316.755,3.163854245,323.0827085,310.4272915,4495723
ADBL,12/5/2022,316.1,316.1,313,315,-0.63%,11332,3561034.4,-0.006309148,-0.006329135,316.26,316.555,316.2769071,316.4826911,63.68715084,-0.20578393,-0.158383945,6.15,316.555,3.140813673,322.8366273,310.2733727,4484391
ADBL,12/6/2022,312,315.4,311.1,311.7,-1.05%,16382,5113726.4,-0.01047619,-0.010531452,315.74,316.04,315.5727676,316.1284176,64.40677966,-0.555650077,-0.237837171,6.142857143,316.04,3.043958641,322.1279173,309.9520827,4468009
ADBL,12/7/2022,312,315,308,309,-0.87%,25574,7938888.2,-0.008662175,-0.00869991,314.14,315.44,314.5615726,315.6003867,57.62711864,-1.03881415,-0.398032567,5.75,315.44,3.193809802,321.8276196,309.0523804,4442435
ADBL,12/11/2022,308,309,305.2,307.5,-0.49%,9650,2965321.1,-0.004854369,-0.00486619,312.04,314.765,313.4751768,315.0003581,54.74860335,-1.525181284,-0.623462311,5.807142857,314.765,3.378145707,321.5212914,308.0087086,4432785
ADBL,12/12/2022,307,313,307,310,0.81%,9970,3092390.1,0.008130081,0.00809721,310.64,314.44,312.9405342,314.6299612,50,-1.689426971,-0.836655243,5.842857143,314.44,3.512444043,321.4648881,307.4151119,4442755
ADBL,12/13/2022,310,314.7,310,312.5,0.81%,6355,1979263.7,0.008064516,0.008032172,310.14,314.365,312.8727597,314.4721863,50.27624309,-1.599426562,-0.989209507,5.75,314.365,3.53825336,321.4415067,307.2884933,4449110
ADBL,12/14/2022,315,315,311,311.1,-0.45%,156925,48829366.9,-0.00448,-0.004490065,310.02,314.335,312.6000274,314.2223947,49.45652174,-1.622367249,-1.115841055,5.757142857,314.335,3.564484904,321.4639698,307.2060302,4292185
ADBL,12/15/2022,312,313,309,310,-0.35%,14709,4574270.9,-0.003535841,-0.003542106,310.22,314.285,312.2000232,313.9096247,51.41242938,-1.709601494,-1.234593143,5.692857143,314.285,3.620304581,321.5256092,307.0443908,4277476
ADBL,12/18/2022,316.2,316.2,302.1,306,-1.29%,201937,62511436,-0.012903226,-0.012987196,309.92,313.835,311.2461735,313.3237266,51.41242938,-2.077553093,-1.403185133,6.035714286,313.835,4.05946263,321.9539253,305.7160747,4075539
ADBL,12/19/2022,306,311,305,307,0.33%,8067,2468445.6,0.003267974,0.003262646,309.32,313.46,310.592916,312.8553024,53.33333333,-2.262386362,-1.575025379,5.9,313.46,4.332059192,322.1241184,304.7958816,4083606
ADBL,12/20/2022,309,310,305,305.2,-0.59%,13973,4283374.2,-0.005863192,-0.005880448,307.86,312.745,309.7632366,312.288243,69.35483871,-2.525006315,-1.765021566,5.814285714,312.745,4.460879663,321.6667593,303.8232407,4069633
ADBL,12/21/2022,302.79,308.7,301.1,307.7,0.82%,31483,9644399.4,0.00819135,0.008157983,307.18,312.18,309.4458156,311.9483731,54.06698565,-2.502557489,-1.912528751,5.964285714,312.18,4.340943385,320.8618868,303.4981132,4101116
ADBL,12/22/2022,310,310,302,306.9,-0.26%,15590,4769139,-0.002599935,-0.002603321,306.56,311.675,309.0541517,311.5744195,49.77973568,-2.520267867,-2.034076574,6.035714286,311.675,4.338187227,320.3513745,302.9986255,4085526
ADBL,12/26/2022,310,315,308.7,315,2.64%,21883,6841894.7,0.026392962,0.026050677,308.36,311.475,309.9688976,311.8281662,42.58373206,-1.859268672,-1.999114993,6.185714286,311.475,4.066406017,319.607812,303.342188,4107409
ADBL,12/27/2022,321,325,320,323.3,2.63%,51610,16664375.5,0.026349206,0.026008046,311.62,311.815,312.0198364,312.6779317,25.74850299,-0.6580953,-1.730911055,6.614285714,311.815,4.737562664,321.2901253,302.3398747,4159019
ADBL,12/28/2022,323,323,317.2,322.4,-0.28%,19569,6281694.4,-0.002783792,-0.002787674,315.06,312.33,313.6167847,313.3980849,25.5952381,0.218699738,-1.340988896,6.742857143,312.33,5.296980272,322.9239605,301.7360395,4139450
ADBL,12/29/2022,325,328.8,318.6,328,1.74%,25822,8386281.9,0.017369727,0.017220598,319.12,313.015,315.829587,314.4797083,26.875,1.349878759,-0.802815365,6.971428571,313.015,6.346924245,325.7088485,300.3211515,4165272
ADBL,1/1/2023,334.5,336.6,325,326,-0.61%,39484,13009745,-0.006097561,-0.006116227,322.94,313.465,317.3942659,315.3330632,38.67403315,2.061202736,-0.230011745,7.528571429,313.465,6.9360443,327.3370886,299.5929114,4125788
ADBL,1/2/2023,326,329.5,319.5,326,0.00%,25571,8341448.9,0,0,325.14,313.865,318.718225,316.1232067,35.1758794,2.595018356,0.334994275,7.814285714,313.865,7.424800192,328.7146004,299.0153996,4125788
ADBL,1/3/2023,332,332.5,326,329,0.92%,42776,14056834.4,0.009202454,0.009160369,326.28,314.465,320.3000366,317.0770432,27.65957447,3.222993348,0.91259409,7.942857143,314.465,8.141723275,330.7484466,298.1815534,4168564
ADBL,1/4/2023,332,335,329,334.5,1.67%,47144,15643352.9,0.016717325,0.016579129,328.7,315.44,322.4846463,318.3676326,28.38427948,4.117013716,1.553478015,8.085714286,315.44,9.295069434,334.0301389,296.8498611,4215708
ADBL,1/5/2023,340,342,333.5,342,2.24%,53538,18065349.5,0.022421525,0.022173857,331.5,316.955,325.4870084,320.1181783,28.88888889,5.368830088,2.316548429,8.407142857,316.955,10.97151695,338.8980339,295.0119661,4269246
ADBL,1/8/2023,346.8,346.8,338.2,340,-0.58%,92031,31354479.1,-0.005847953,-0.005865119,334.3,318.505,327.7197764,321.5909059,28.88888889,6.128870492,3.079012842,8.014285714,318.505,11.93590228,342.3768046,294.6331954,4177215
ADBL,1/9/2023,340,349,335.2,346,1.76%,105273,35851888.9,0.017647059,0.017493157,338.3,320.43,330.5321185,323.3989869,27.02702703,7.133131544,3.889836582,8.571428571,320.43,13.11407841,346.6581568,294.2018432,4282488
ADBL,1/10/2023,340,355.8,330,340,-1.73%,248684,85036229.1,-0.01734104,-0.017493157,340.5,321.93,331.9887156,324.6286916,11.53846154,7.360024031,4.583874072,10.05714286,321.93,13.56621578,349.0624316,294.7975684,4033804
ADBL,1/12/2023,340,349.4,330,330.2,-2.88%,67648,22710315.7,-0.028823529,-0.029247086,339.64,322.815,331.7135286,325.0413811,13.63636364,6.672147501,5.001528758,10.9,322.815,13.49581904,349.8066381,295.8233619,3966156
ADBL,1/17/2023,329,331,325,328,-0.67%,62496,20427991,-0.006662629,-0.006684923,336.84,323.66,331.1422165,325.2605381,21.53846154,5.881678453,5.177558697,10.75714286,323.66,13.25055709,350.1611142,297.1588858,3903660
ADBL,1/18/2023,328,331,323.4,324,-1.22%,40481,13204379.9,-0.012195122,-0.012270093,333.64,324.36,330.043414,325.1671649,21.10552764,4.876249103,5.117296778,10.72142857,324.36,12.85483321,350.0696664,298.6503336,3863179
ADBL,1/19/2023,324,328,322.1,324,0.00%,37215,12068029.4,0,0,329.24,325.26,329.113658,325.0807082,23.5,4.032949764,4.900427375,10.42857143,325.26,12.1103001,349.4806002,301.0393998,3863179
ADBL,1/23/2023,317.6,320,308,312.1,-3.67%,126466,39777772.9,-0.036728395,-0.037419867,323.66,325.515,326.4961721,324.1191743,23.97959184,2.376997864,4.395741473,11.13571429,325.515,11.75402619,349.0230524,302.0069476,3736713
ADBL,1/24/2023,312,318,306.1,308,-1.31%,79173,24373733.1,-0.013136815,-0.013223866,319.22,325.655,323.6506072,322.9251614,27.13567839,0.725445829,3.661682344,11.25714286,325.655,11.5135378,348.6820756,302.6279244,3657540
ADBL,1/25/2023,313,314,308.5,311.2,1.04%,34199,10645495.8,0.01038961,0.010336009,315.86,325.83,321.7351292,322.0566309,14.91712707,-0.321501729,2.86504553,10.85714286,325.83,11.24984678,348.3296936,303.3303064,3691739
ADBL,1/26/2023,315,315,308,308,-1.03%,31528,9756988.3,-0.010282776,-0.010336009,312.66,325.885,319.6220324,321.015399,16.26506024,-1.393366605,2.013363103,10.64285714,325.885,11.1547146,348.1944292,303.5755708,3660211
ADBL,1/29/2023,308,310,305.1,305.1,-0.94%,37956,11672254.4,-0.009415584,-0.009460191,308.88,325.39,317.3878735,319.8364805,20.14925373,-2.448606988,1.120969085,10.52857143,325.39,11.86050057,349.1110011,301.6689989,3622255
ADBL,1/30/2023,305.5,308,302.5,302.7,-0.79%,66765,20320457.9,-0.007866273,-0.007897376,307,324.36,315.1282007,318.5671116,18.12080537,-3.438910912,0.208993085,10.49285714,324.36,12.90044471,350.1608894,298.5591106,3555490
ADBL,1/31/2023,302,308,300.1,301,-0.56%,32832,9891840.5,-0.005616122,-0.005631951,305.6,323.29,312.9546314,317.2658441,18.24324324,-4.311212723,-0.695048076,10.45,323.29,13.91885885,351.1277177,295.4522823,3522658
ADBL,2/1/2023,307,307,299,300,-0.33%,45514,13666086.9,-0.003322259,-0.00332779,303.36,321.89,310.9616111,315.9868927,18.36734694,-5.025281518,-1.561094765,10.40714286,321.89,14.80042318,351.4908464,292.2891536,3477144
ADBL,2/2/2023,300,304,298.4,298.5,-0.50%,32404,9709012.4,-0.005,-0.005012542,301.46,320.515,309.0444402,314.6915673,17.76315789,-5.647127081,-2.378301228,9.821428571,320.515,15.65144268,351.8178854,289.2121146,3444740
ADBL,2/5/2023,304.4,304.4,297.5,298,-0.17%,34791,10413392.3,-0.001675042,-0.001676446,300.04,319.115,307.3452956,313.4551549,24.10714286,-6.109859335,-3.124612849,8.471428571,319.115,16.37074653,351.8564931,286.3735069,3409949
ADBL,2/6/2023,300,300,297,298,0.00%,21360,6363027.5,0,0,299.1,317.565,305.9075578,312.3103286,20.14925373,-6.402770825,-3.780244444,7.3,317.565,16.84621697,351.2574339,283.8725661,3409949
ADBL,2/7/2023,300,305.9,299,304.4,2.15%,41141,12433526,0.02147651,0.021249139,299.78,316.06,305.6756258,311.7243783,19.54887218,-6.048752523,-4.23394606,7.435714286,316.06,16.59633441,349.2526688,282.8673312,3451090
ADBL,2/8/2023,308,312.2,305.3,307,0.85%,66790,20613478.9,0.008541393,0.008505122,301.18,314.31,305.8793757,311.3744244,20.63492063,-5.495048697,-4.486166588,7.45,314.31,15.52803577,345.3660715,283.2539285,3517880
ADBL,2/9/2023,306,309.9,305,308,0.33%,29687,9127165.5,0.003257329,0.003252035,303.08,312.71,306.2056256,311.124467,14.18918919,-4.918841441,-4.572701558,7.378571429,312.71,14.34521376,341.4004275,284.0195725,3547567
ADBL,2/12/2023,312,312,300,300.2,-2.53%,28593,8652037.6,-0.025324675,-0.025650864,303.52,310.42,305.2816832,310.3152472,42.02898551,-5.033564059,-4.664874058,7.092857143,310.42,12.25456306,334.9291261,285.9108739,3518974
ADBL,2/14/2023,300,302,298,298.5,-0.57%,22019,6591888.4,-0.005662891,-0.005678986,303.62,308.345,304.2383473,309.4400437,40,-5.201696434,-4.772238533,6.528571429,308.345,10.34741132,329.0398226,287.6501774,3496955
ADBL,2/15/2023,300,300,296,296.1,-0.80%,37344,11092721.3,-0.008040201,-0.008072698,301.96,306.64,302.9862939,308.4518924,40.20100503,-5.465598477,-4.910910522,6.385714286,306.64,9.314583924,325.2691678,288.0108322,3459611
ADBL,2/16/2023,290.2,298,290.2,295,-0.37%,23137,6837342.5,-0.003714961,-0.003721879,299.56,304.99,301.7576333,307.4554559,48.55769231,-5.697822603,-5.068292938,6.442857143,304.99,8.186182196,321.3623644,288.6176356,3436474
ADBL,2/20/2023,292,297,291.1,293,-0.68%,25304,7406993.1,-0.006779661,-0.006802747,296.56,303.44,300.4103051,306.3846814,54.62962963,-5.97437629,-5.249509609,6.514285714,303.44,7.282235053,318.0044701,288.8755299,3411170
ADBL,2/22/2023,293,302,293,294,0.34%,26153,7710363.8,0.003412969,0.003407158,295.32,301.94,299.4241043,305.4672976,64.3776824,-6.043193267,-5.40824634,6.764285714,301.94,5.753662449,313.4473249,290.4326751,3437323
ADBL,2/23/2023,296,296,289,289.1,-1.67%,41640,12091990.1,-0.016666667,-0.016807118,293.44,300.79,297.8357806,304.2549052,72.37762238,-6.419124593,-5.610421991,6.7,300.79,5.912422248,312.6148445,288.9651555,3395683
ADBL,2/26/2023,290,290,280,286,-1.07%,32146,9093044.6,-0.010722933,-0.010780838,291.42,299.69,296.0148912,302.90269,75.24752475,-6.887798713,-5.865897335,6.842857143,299.69,6.516125746,312.7222515,286.6577485,3363537
ADBL,2/27/2023,286.7,292,283,285,-0.35%,23893,6827199,-0.003496503,-0.003502631,289.42,298.38,294.3202926,301.5765648,77.77777778,-7.256272184,-6.143972305,7.085714286,298.38,6.7110749,311.8021498,284.9578502,3339644
ADBL,2/28/2023,290,290,284,285,0.00%,18954,5406306.8,0,0,287.82,297.23,292.8864014,300.3486711,80,-7.462269665,-6.407631777,7.021428571,297.23,6.942477944,311.1149559,283.3450441,3339644
ADBL,3/1/2023,289.4,289.4,281,282,-1.05%,18727,5281953.1,-0.010526316,-0.010582109,285.42,296.075,291.2115704,298.9895103,85.71428571,-7.777939832,-6.681693388,7.407142857,296.075,7.46605476,311.0071095,281.1428905,3320917
ADBL,3/2/2023,280.2,281.1,278.6,279.3,-0.96%,17392,4865932.9,-0.009574468,-0.009620598,283.46,294.905,289.3790211,297.531028,83.50877193,-8.152006888,-6.975756088,7.085714286,294.905,8.17322168,311.2514434,278.5585566,3303525
ADBL,3/5/2023,284.7,284.8,281.3,283.9,1.65%,37017,10457455.1,0.016469746,0.016335591,283.04,294.05,288.5360948,296.5213222,84.39716312,-7.985227437,-7.177650358,6.921428571,294.05,8.393512532,310.8370251,277.2629749,3340542
ADBL,3/7/2023,285,291,282,291,2.50%,34653,9957479.3,0.025008806,0.024701204,284.24,293.6,288.9151571,296.1123354,94.33333333,-7.197178267,-7.18155594,7.214285714,293.6,8.298446272,310.1968925,277.0031075,3375195
ADBL,3/9/2023,293,303,291.4,302,3.78%,45885,13584479.6,0.037800687,0.03710375,287.64,293.775,290.9282099,296.5484587,92.73504274,-5.620248823,-6.869294516,7.214285714,293.775,8.442865253,310.6607305,276.8892695,3421080
ADBL,3/12/2023,305,307.7,296.1,298.5,-1.16%,44726,13367084,-0.011589404,-0.011657085,290.94,293.8,292.0931007,296.6930173,92.85714286,-4.599916651,-6.415418943,7.757142857,293.8,8.456763099,310.7135262,276.8864738,3376354
ADBL,3/13/2023,299,300.8,294.5,299,0.17%,69587,20616616.3,0.001675042,0.001673641,294.88,293.85,293.1557006,296.8639049,93.6440678,-3.708204361,-5.873976027,7.921428571,293.85,8.485808587,310.8216172,276.8783828,3445941
ADBL,3/14/2023,299,299,279,281.7,-3.90%,36492,10300324.1,-0.057859532,-0.059600899,294.44,292.715,291.3932851,295.7406527,90.90909091,-4.347367616,-5.568654345,8.792857143,292.715,8.518479911,309.7519598,275.6780402,3409449
ADBL,3/15/2023,282,282.9,271.1,272,-3.44%,35903,9872955.8,-0.034433795,-0.035040609,290.64,290.965,288.4097028,293.9820858,88.83495146,-5.572383071,-5.56940009,9.214285714,290.965,9.010302583,308.9856052,272.9443948,3373546
ADBL,3/16/2023,268,268.5,259.1,261.5,-3.86%,59597,15626041.3,-0.038602941,-0.039367783,282.54,288.64,284.2697485,291.5760054,84.83146067,-7.306256912,-5.916771454,9.492857143,288.64,10.29156016,309.2231203,268.0568797,3313949
ADBL,3/19/2023,264.5,264.5,258,258.2,-1.26%,21040,5460177.1,-0.012619503,-0.012699805,274.48,286.54,280.259018,289.1037087,77.68595041,-8.844690753,-6.502355314,9.457142857,286.54,11.95863044,310.4572609,262.6227391,3292909
ADBL,3/20/2023,258.2,262.8,256.1,258,-0.08%,13799,3565015.9,-0.000774593,-0.000774893,266.28,284.515,276.8345537,286.7997303,74.52830189,-9.965176632,-7.194919578,9.221428571,284.515,13.19219366,310.8993873,258.1306127,3279110
ADBL,3/22/2023,263.1,263.1,256.1,256.5,-0.58%,20447,5276028.6,-0.005813953,-0.00583092,261.24,282.535,273.7061608,284.5553058,80.43478261,-10.84914504,-7.92576467,9.078571429,282.535,14.28813549,311.111271,253.958729,3258663
ADBL,3/23/2023,254,257,252,254,-0.97%,17649,4487409.4,-0.009746589,-0.009794398,257.64,280.485,270.6744437,282.2919498,76.37795276,-11.61750609,-8.664112955,9.007142857,280.485,15.31027433,311.1055487,249.8644513,3241014
ADBL,3/26/2023,254,254,247,248,-2.36%,30751,7643212.4,-0.023622047,-0.023905521,254.94,278.235,267.1860678,279.7518054,80.15267176,-12.56573762,-9.444437888,8.907142857,278.235,16.62446754,311.4839351,244.9860649,3210263
ADBL,3/27/2023,248,250,242,244.9,-1.25%,39301,9581545,-0.0125,-0.012578782,252.28,275.78,263.757442,277.1701902,84.44444444,-13.41274822,-10.23809995,9.235714286,275.78,17.76044096,311.3008819,240.2591181,3170962
ADBL,3/28/2023,244,248.5,243.1,247.3,0.98%,20785,5140169.7,0.009799918,0.009752211,250.14,273.69,261.2255278,274.9575835,82.60869565,-13.73205569,-10.9368911,9.228571429,273.69,18.55228458,310.7945692,236.5854308,3191747
ADBL,3/29/2023,245,249.8,244,246,-0.53%,10613,2606354.2,-0.005256773,-0.005270639,248.04,271.69,258.8831389,272.8125773,69.6969697,-13.9294384,-11.53540056,9,271.69,19.29652,310.28304,233.09696,3181134
ADBL,3/30/2023,244,248.7,244,244.5,-0.61%,12174,2990079.3,-0.006097561,-0.006116227,246.14,269.665,256.6703483,270.7153494,70,-14.04500105,-12.03732066,8.478571429,269.665,19.94055046,309.5461009,229.7838991,3168960
ADBL,4/2/2023,244.5,249.3,241,242,-1.02%,14559,3550577.2,-0.010224949,-0.010277583,244.94,267.515,254.4133717,268.5882865,59.45945946,-14.1749148,-12.46483949,8.242857143,267.515,20.51010726,308.5352145,226.4947855,3154401
ADBL,4/3/2023,240,242,238,240,-0.83%,13807,3307962.9,-0.008264463,-0.008298803,243.96,265.415,252.1959299,266.4706356,64.54545455,-14.27470575,-12.82681274,8.078571429,265.415,21.09088791,307.5967758,223.2332242,3140594
ADBL,4/4/2023,237,239.9,236,239.9,-0.04%,20737,4937997.4,-0.000416667,-0.000416753,242.48,263.445,250.3042483,264.5024404,70.68965517,-14.19819203,-13.1010886,6.935714286,263.445,21.5605506,306.5661012,220.3238988,3119857
ADBL,4/5/2023,241,241,237,240,0.04%,16295,3894263.1,0.00041684,0.000416753,241.28,261.25,248.7189794,262.6874448,68.90756303,-13.96846543,-13.27456396,6.378571429,261.25,21.6031065,304.456213,218.043787,3136152
ADBL,4/6/2023,244,244,238.2,239,-0.42%,12283,2947758.3,-0.004166667,-0.004175371,240.18,258.65,247.2237518,260.9328193,74.21875,-13.70906748,-13.36146467,5.871428571,258.65,20.95357023,300.5571405,216.7428595,3123869
ADBL,4/9/2023,239,239,234,234,-2.09%,18981,4466257.6,-0.020920502,-0.021142437,238.58,255.25,245.1893284,258.9377956,74.80916031,-13.74846718,-13.43886517,5.764285714,255.25,18.97254249,293.195085,217.304915,3104888
ADBL,4/10/2023,234,235,230,232.1,-0.81%,19230,4475674,-0.008119658,-0.008152802,237,251.93,243.1755856,256.9498107,73.01587302,-13.77422516,-13.50593717,5.642857143,251.93,16.67664929,285.2832986,218.5767014,3085658
ADBL,4/11/2023,236.7,241,233,238,2.54%,16466,3907612.5,0.025420078,0.02510236,236.62,248.88,242.3793417,255.5461211,58.82352941,-13.16677941,-13.43810562,5.778571429,248.88,12.72484515,274.3296903,223.4303097,3102124
ADBL,4/12/2023,242,251,240.1,251,5.46%,31877,7811242.6,0.054621849,0.053182265,238.82,247.345,243.7055968,255.2093714,61.9047619,-11.50377457,-13.05123941,6.35,247.345,10.14819014,267.6413803,227.0486197,3134001
ADBL,4/13/2023,256,257,246,246,-1.99%,13846,3473257.6,-0.019920319,-0.020121403,240.22,246.045,244.0585819,254.5271957,57.14285714,-10.4686138,-12.53471429,6.635714286,246.045,8.325197959,262.6953959,229.3946041,3120155
ADBL,4/16/2023,248,255.9,245.9,247.5,0.61%,16060,3988445.7,0.006097561,0.006079046,242.92,245.345,244.5880308,254.0066627,50.72463768,-9.41863185,-11.9114978,6.778571429,245.345,7.505540059,260.3560801,230.3339199,3136215
ADBL,4/17/2023,245.1,248,242,242.1,-2.18%,15770,3854073.5,-0.021818182,-0.022059718,244.92,244.54,244.2052569,253.1246877,55.07246377,-8.919430811,-11.3130844,6.821428571,244.54,6.892589461,258.3251789,230.7548211,3120445
ADBL,4/18/2023,240,242,238,240,-0.87%,15338,3662616.9,-0.008674102,-0.008711941,245.32,243.64,243.5582943,252.1524886,50.66666667,-8.594194318,-10.76930638,6.7,243.64,6.180989531,256.0019791,231.2780209,3105107
ADBL,4/19/2023,242,243,236.2,239,-0.42%,16398,3910815.1,-0.004166667,-0.004175371,242.92,242.765,242.8570182,251.1782302,48.68421053,-8.321211945,-10.2796875,6.85,242.765,5.461470305,253.6879406,231.8420594,3088709
ADBL,4/20/2023,237.5,243.7,237.1,239,0.00%,30269,7220076.6,0,0,241.52,242.015,242.2636308,250.276139,63.63636364,-8.012508241,-9.826251646,6.728571429,242.015,4.830961003,251.676922,232.353078,3088709
ADBL,4/23/2023,235,238.6,230.5,233.5,-2.30%,14775,3454076.9,-0.023012552,-0.023281475,238.72,241.29,240.9153799,249.0334621,56.92307692,-8.118082168,-9.48461775,7.05,241.29,4.971487123,251.2329742,231.3470258,3073934
ADBL,4/24/2023,233.5,237,232.1,234,0.21%,12092,2825502.9,0.002141328,0.002139038,237.1,240.745,239.8514753,247.9198723,40,-8.068396986,-9.201373597,7.114285714,240.745,5.149192578,251.0433852,230.4466148,3086026
ADBL,4/25/2023,235,238,233.1,237.4,1.45%,12005,2831163.7,0.014529915,0.014425367,236.58,240.25,239.4743253,247.1406225,41.93548387,-7.666297234,-8.894358325,7.178571429,240.25,4.958193644,250.1663873,230.3336127,3098031
ADBL,4/26/2023,234,239.9,233.5,235.5,-0.80%,16448,3868828.3,-0.00800337,-0.008035569,235.88,239.725,238.8628906,246.2783542,20.3125,-7.415463556,-8.598579371,7.221428571,239.725,4.872465603,249.4699312,229.9800688,3081583
ADBL,4/27/2023,236,238.4,233,234.4,-0.47%,16190,3823831.4,-0.004670913,-0.004681856,234.96,239.22,238.1762921,245.3984761,15.15151515,-7.222184025,-8.323300302,7.25,239.22,4.874919702,248.9698394,229.4701606,3065393
ADBL,4/30/2023,230.5,235,230.2,233,-0.60%,10469,2441037.9,-0.005972696,-0.005990604,234.86,238.77,237.3799394,244.4800704,16.66666667,-7.100131013,-8.078666444,7.235714286,238.77,5.01808309,248.8061662,228.7338338,3054924
ADBL,5/2/2023,230,237,230,234.9,0.82%,13032,3050185.9,0.008154506,0.008121438,235.04,238.515,236.9984103,243.7704356,35.71428571,-6.772025309,-7.817338217,7.1,238.515,5.081470467,248.6779409,228.3520591,3067956
ADBL,5/3/2023,232,235,231.2,233.1,-0.77%,11916,2775059.2,-0.007662835,-0.007692346,234.18,238.175,236.3986549,242.980033,28.28282828,-6.581378101,-7.570146194,6.442857143,238.175,5.209795935,248.5945919,227.7554081,3056040
ADBL,5/4/2023,235,235,228,233.9,0.34%,41732,9643665.5,0.003432003,0.003426128,233.86,237.87,236.0142464,242.3074379,27.45098039,-6.293191506,-7.314755256,6.157142857,237.87,5.275474536,248.4209491,227.3190509,3097772
ADBL,5/7/2023,231,235,230.1,232,-0.81%,8889,2066413.6,-0.00812313,-0.008156302,233.38,237.52,235.39667,241.543924,31.77570093,-6.147253958,-7.081254997,5.792857143,237.52,5.426601146,248.3732023,226.6667977,3088883
ADBL,5/8/2023,227.6,234,227.6,229.2,-1.21%,13142,3018189.6,-0.012068966,-0.012142387,232.62,237.28,234.4433362,240.6295593,28.7037037,-6.18622307,-6.902248611,5.821428571,237.28,5.690213205,248.6604264,225.8995736,3075741
ADBL,5/9/2023,228,233.7,226.5,230.9,0.74%,5054,1163275.2,0.007417103,0.007389732,231.82,237.22,233.8982075,239.9088512,42.47787611,-6.010643621,-6.723927613,6.042857143,237.22,5.753680744,248.7273615,225.7126385,3080795
ADBL,5/10/2023,230,234.6,230,230,-0.39%,7179,1663440.7,-0.003897791,-0.003905407,231.2,236.82,233.2984833,239.1748622,42.10526316,-5.876378884,-6.554417867,5.885714286,236.82,5.97059461,248.7611892,224.8788108,3073616
ADBL,5/11/2023,230.1,239,225,239,3.91%,39101,8865325.2,0.039130435,0.038384243,232.22,236.22,234.1756397,239.1619094,37.39130435,-4.986269715,-6.240788237,6.414285714,236.22,4.993638058,246.2072761,226.2327239,3112717
ADBL,5/14/2023,239,239,224.5,227,-5.02%,69971,15865205.6,-0.050209205,-0.051513534,231.22,235.27,233.0716952,238.2610273,38.05309735,-5.189332107,-6.030497011,6.842857143,235.27,4.840084819,244.9501696,225.5898304,3042746
ADBL,5/15/2023,227,230,225,228,0.00%,7186,1629098.3,0.004405286,0.004395611,230.98,234.295,232.2914344,237.5009512,42.7184466,-5.209516806,-5.86630097,6.85,234.295,4.163560597,242.6221212,225.9678788,3049932
ADBL,5/16/2023,227,229.5,227,228.5,0.22%,7257,1656732.5,0.002192982,0.002190581,230.5,233.615,231.7081368,236.834214,40.74074074,-5.126077277,-5.718256231,6.678571429,233.615,3.925527118,241.4660542,225.7639458,3057189
ADBL,5/17/2023,228.5,232,227,229,0.22%,10606,2432041.1,0.002188184,0.002185793,230.3,233.065,231.2915003,236.2539019,50,-4.962401551,-5.567085295,6.578571429,233.065,3.750547328,240.5660947,225.5639053,3067795
ADBL,5/18/2023,233,233,229,231,0.87%,16253,3766259.3,0.008733624,0.008695707,228.7,232.665,231.2466541,235.864724,53.19148936,-4.618069839,-5.377282204,6.478571429,232.665,3.502671912,239.6703438,225.6596562,3084048
ADBL,5/21/2023,234.9,235,230,230,-0.43%,15468,3577902.5,-0.004329004,-0.004338402,229.3,232.215,231.0548612,235.4303,52.12765957,-4.375438785,-5.17691352,6.492857143,232.215,3.2120292,238.6390584,225.7909416,3068580
ADBL,5/22/2023,230,232,229.1,230,0.00%,12210,2817272,0,0,229.7,232.04,230.8925749,235.0280555,39.47368421,-4.135480679,-4.968626952,6.2,232.04,3.233606427,238.5072129,225.5727871,3068580
ADBL,5/23/2023,230,234,229.2,233.1,1.35%,33102,7660084.2,0.013478261,0.013388237,230.62,231.995,231.2321787,234.8852366,48.38709677,-3.653057882,-4.705513138,6.271428571,231.995,3.211078684,238.4171574,225.5728426,3101682
ADBL,5/24/2023,233,237.1,228.6,234,0.39%,14945,3484322.1,0.003861004,0.003853569,231.62,231.825,231.6579974,234.8196635,47.61904762,-3.161666142,-4.396743739,6.378571429,231.825,2.992424646,237.8098493,225.8401507,3116627
ADBL,5/28/2023,235,238,230.3,232,-0.85%,69398,16328699.4,-0.008547009,-0.008583744,231.82,231.65,231.7106132,234.6107996,38.70967742,-2.90018639,-4.097432269,6.578571429,231.65,2.86586076,237.3817215,225.9182785,3047229
ADBL,5/30/2023,232,234,228,228,-1.72%,22898,5257586.5,-0.017241379,-0.017391743,231.42,231.33,231.1397496,234.1211107,45.16129032,-2.981361098,-3.874218035,6.55,231.33,2.899745905,237.1294918,225.5305082,3024331
ADBL,5/31/2023,232,232,224,225,-1.32%,33715,7604543.3,-0.013157895,-0.013245227,230.42,230.93,230.1951727,233.4454729,20.37037037,-3.25030013,-3.749434454,6.607142857,230.93,3.194089937,237.3181799,224.5418201,2990616
ADBL,6/1/2023,225,230,225,227,0.89%,21938,4996928,0.008888889,0.008849615,229.2,230.535,229.7036077,232.9680304,13.75,-3.264422732,-3.65243211,6.635714286,230.535,3.165650345,236.8663007,224.2036993,3012554
ADBL,6/4/2023,227,232.5,227,229.5,1.10%,22179,5108535.9,0.011013216,0.010953012,228.3,230.355,229.6722834,232.7111393,43.75,-3.038855851,-3.529716858,6.028571429,230.355,3.114055572,236.5831111,224.1268889,3034733
ADBL,6/5/2023,230,233.4,227.5,228,-0.65%,16703,3843326.8,-0.006535948,-0.006557401,227.5,230.06,229.4150091,232.362166,38.58267717,-2.947156946,-3.413204875,5.414285714,230.06,3.039113444,236.1382269,223.9817731,3018030
ADBL,6/6/2023,230,230,226.1,228,0.00%,15859,3612562.4,0,0,227.5,229.86,229.1973154,232.0390426,48,-2.84172724,-3.298909348,5.335714286,229.86,3.036341289,235.9326826,223.7873174,3018030
ADBL,6/7/2023,227,231.5,227,228.1,0.04%,19984,4574871.1,0.000438596,0.0004385,228.12,229.805,229.0284976,231.7472617,55.97484277,-2.718764055,-3.18288029,5.478571429,229.805,3.058805236,235.9226105,223.6873895,3038014
ADBL,6/8/2023,230.9,231,226.5,228,-0.04%,20562,4696865.7,-0.000438404,-0.0004385,228.32,229.66,228.8702672,231.4696867,50,-2.599419519,-3.066188135,5.442857143,229.66,3.072869394,235.8057388,223.5142612,3017452
ADBL,6/11/2023,228,230,226,228.1,0.04%,24092,5510806.9,0.000438596,0.0004385,228.04,229.565,228.7517646,231.2200803,56.25,-2.468315742,-2.946613657,5.442857143,229.565,3.09112056,235.7472411,223.3827589,3041544
ADBL,6/12/2023,229,234,229,230,0.83%,34741,8015736.7,0.00832968,0.00829518,228.44,229.115,228.9438008,231.129704,55.10204082,-2.185903202,-2.794471566,5.507142857,229.115,2.160232687,233.4354654,224.7945346,3076285
ADBL,6/13/2023,230,234.5,228,231,0.43%,34769,8053410.7,0.004347826,0.004338402,229.04,229.315,229.2601391,231.1200963,52.68292683,-1.859957159,-2.607568684,5.764285714,229.315,2.139177166,233.5933543,225.0366457,3111054
ADBL,6/14/2023,233,236,231.3,233,0.87%,28078,6563418.4,0.008658009,0.008620743,230.02,229.565,229.8355023,231.2593484,53.92156863,-1.423846075,-2.370824162,5.778571429,229.565,2.265827373,234.0966547,225.0333453,3139132
ADBL,6/15/2023,235,235,230,231,-0.86%,15875,3674187.1,-0.008583691,-0.008620743,230.62,229.69,230.0146558,231.2401374,55.72139303,-1.225481595,-2.141755649,5.528571429,229.69,2.272929943,234.2358599,225.1441401,3123257
ADBL,6/18/2023,235,235,229.1,232,0.43%,31348,7245485.6,0.004329004,0.004319661,231.4,229.84,230.3200934,231.2964235,53.33333333,-0.976330146,-1.908670548,5.4,229.84,2.323427595,234.4868552,225.1931448,3154605
ADBL,6/19/2023,232,233,229.4,230,-0.86%,28445,6551303.8,-0.00862069,-0.008658063,231.4,229.79,230.2708483,231.2003922,53.11004785,-0.92954391,-1.712845221,5.228571429,229.79,2.307858428,234.4057169,225.1742831,3126160
ADBL,6/20/2023,231.5,234,230,230,0.00%,24757,5726135.6,0,0,231.2,229.79,230.2291793,231.1114742,53.36538462,-0.882294934,-1.546735163,4.942857143,229.79,2.307858428,234.4057169,225.1742831,3126160
ADBL,6/21/2023,234.6,234.6,228,229,-0.43%,27190,6218582.3,-0.004347826,-0.004357305,230.4,229.74,230.0400748,230.9550687,60,-0.914993942,-1.420386919,5.057142857,229.74,2.313893961,234.3677879,225.1122121,3098970
ADBL,6/22/2023,233.5,233.5,226.5,228,-0.44%,25728,5856457.6,-0.004366812,-0.004376375,229.8,229.485,229.7262171,230.7361747,50,-1.009957622,-1.33830106,5.164285714,229.485,2.202456762,233.8899135,225.0800865,3073242
ADBL,6/25/2023,226,230,226,228,0.00%,55988,12751615,0,0,229,229.185,229.4606453,230.5334951,52.4822695,-1.072849876,-1.285210823,5.028571429,229.185,1.949163113,233.0833262,225.2866738,3073242
ADBL,6/26/2023,230,233.6,226.7,229.9,0.83%,54335,12509900,0.008333333,0.008298803,228.98,229.08,229.5282383,230.4865696,40.32258065,-0.958331274,-1.219834913,5.242857143,229.08,1.84322372,232.7664474,225.3935526,3127577
ADBL,6/27/2023,233.9,237.4,230,237.4,3.26%,75381,17674710,0.03262288,0.03210205,230.46,229.55,230.7392786,230.9986755,30,-0.259396969,-1.027747324,5.457142857,229.55,2.597468403,234.7449368,224.3550632,3202958
ADBL,6/28/2023,242.1,246.9,236.1,236.5,-0.38%,64742,15549388.8,-0.00379107,-0.003798274,231.96,230.125,231.6255434,231.406181,34.375,0.219362351,-0.778325389,5.907142857,230.125,2.802043427,235.7290869,224.5209131,3138216
ADBL,7/2/2023,240,240,231.8,232.5,-1.69%,40449,9467573.6,-0.016913319,-0.017057983,232.86,230.4,231.7600752,231.4872047,11.26760563,0.27287051,-0.568086209,6.207142857,230.4,2.748588154,235.8971763,224.9028237,3097767
ADBL,7/3/2023,231.1,235.9,229,230.8,-0.73%,45071,10468913.7,-0.007311828,-0.00733869,233.42,230.465,231.6123713,231.4363006,17.14285714,0.176070686,-0.41925483,6.278571429,230.465,2.741546816,235.9480936,224.9819064,3052696
ADBL,7/4/2023,229.1,235,229,234,1.39%,36910,8561953.2,0.013864818,0.013769581,234.24,230.765,231.9796988,231.6262043,27.27272727,0.353494519,-0.26470496,6.242857143,230.765,2.785540673,236.3360813,225.1939187,3089606
ADBL,7/5/2023,232,235,230.2,233,-0.43%,23932,5579157.8,-0.004273504,-0.004282662,233.36,231.015,232.1366682,231.7279669,28.35820896,0.408701289,-0.13002371,6.228571429,231.015,2.748449323,236.5118986,225.5181014,3065674
ADBL,7/6/2023,229.9,232,228,229,-1.72%,26895,6163132.1,-0.017167382,-0.01731645,231.86,231.06,231.6541039,231.5258953,25,0.128208573,-0.078377254,6.228571429,231.06,2.705238583,236.4704772,225.6495228,3038779
ADBL,7/9/2023,229,234.5,228,230,0.44%,19087,4393406.6,0.004366812,0.004357305,231.36,231.16,231.3996264,231.412866,26.98412698,-0.013239665,-0.065349736,6.271428571,231.16,2.621851495,236.403703,225.916297,3057866
ADBL,7/10/2023,234.6,234.6,229.1,230,0.00%,20809,4794585.3,0,0,231.2,231.255,231.1842992,231.3082093,21.21212121,-0.123910054,-0.0770618,6.407142857,231.255,2.538228765,236.3314575,226.1785425,3057866
ADBL,7/11/2023,233,233,228.6,228.6,-0.61%,28173,6464168.2,-0.006086957,-0.006105558,230.12,231.185,230.7867147,231.1076012,22.95081967,-0.320886455,-0.125826731,6.435714286,231.185,2.593367045,236.3717341,225.9982659,3029693
ADBL,7/12/2023,229,230,228.1,228.1,-0.22%,21029,4812157.4,-0.002187227,-0.002189622,229.14,231.04,230.373374,230.8848159,24.56140351,-0.51144191,-0.202949767,6.1,231.04,2.683752283,236.4075046,225.6724954,3008664
ADBL,7/13/2023,232.5,232.5,228.2,228.2,0.04%,31352,7214075.8,0.000438404,0.000438308,228.98,230.8,230.0390088,230.6859407,43.42105263,-0.646931888,-0.291746191,5.914285714,230.8,2.713707893,236.2274158,225.3725842,3040016
ADBL,7/16/2023,231.9,234,228,233.9,2.50%,46266,10659794.2,0.024978089,0.024671236,229.76,230.945,230.6330074,230.9240191,52.17391304,-0.291011707,-0.291599294,6.057142857,230.945,2.801028946,236.5470579,225.3429421,3086282
ADBL,7/17/2023,234,240.7,232.1,240,2.61%,39477,9400800.3,0.026079521,0.02574525,231.76,231.345,232.0740832,231.596314,61.19402985,0.477769195,-0.137725596,6.178571429,231.345,3.454588863,238.2541777,224.4358223,3125759
ADBL,7/18/2023,244,248,241.2,247,2.92%,74737,18275175.5,0.029166667,0.028749413,235.44,232.195,234.3703781,232.7373278,57.74647887,1.63305031,0.216429585,6.214285714,232.195,4.896666428,241.9883329,222.4016671,3200496
ADBL,7/19/2023,248,259.9,243,258.8,4.78%,109807,27885873.7,0.047773279,0.046667226,241.58,233.635,238.1287815,234.6678961,57.74647887,3.460885368,0.865320741,6.65,233.635,7.667791489,248.970583,218.299417,3310303
ADBL,7/20/2023,262,262,252,255,-1.47%,50631,13018196.6,-0.014683153,-0.014792017,246.94,234.935,240.7243535,236.1739779,62.5,4.55037568,1.602331729,6.778571429,234.935,8.939226094,252.8134522,217.0565478,3259672
ADBL,7/23/2023,255,275,253,267,4.71%,95198,24836954.4,0.047058824,0.045985113,253.56,236.885,244.7667607,238.4573869,51.68539326,6.309373779,2.543740139,7.857142857,236.885,11.29113649,259.467273,214.302727,3354870
ADBL,7/24/2023,264,274,256.8,260,-2.62%,94779,25205947.3,-0.026217228,-0.026567027,257.56,238.485,247.110336,240.053136,50.57471264,7.05719994,3.446432099,8.657142857,238.485,12.19677589,262.8785518,214.0914482,3260091
ADBL,7/25/2023,260,262,247,249,-4.23%,76633,19268382.43,-0.042307692,-0.043228735,257.96,239.44,247.4010535,240.7158667,53.76344086,6.685186818,4.094183043,9.385714286,239.44,12.23688987,263.9137797,214.9662203,3183458
ADBL,7/26/2023,253,258,246,251,0.80%,48886,12352419.3,0.008032129,0.008000043,256.4,240.12,247.9547376,241.4776543,48.54368932,6.477083241,4.570763083,9.885714286,240.12,12.49276001,265.10552,215.13448,3232344
ADBL,7/27/2023,255,255,248.2,250,-0.40%,30072,7531321.6,-0.003984064,-0.003992021,255.4,240.795,248.2693933,242.1089392,62.39316239,6.160454133,4.888701293,9.907142857,240.795,12.65058663,266.0961733,215.4938267,3202272
ADBL,7/30/2023,250,255,246,246.8,-1.28%,18263,4539196.7,-0.0128,-0.012882626,251.36,241.51,248.0433328,242.4564252,66.37168142,5.586907635,5.028342561,10.15714286,241.51,12.56087912,266.6317582,216.3882418,3184009
ADBL,7/31/2023,251,252,246.4,247,0.08%,13082,3252929.9,0.000810373,0.000810045,248.76,242.32,247.8828201,242.7929863,62.5,5.089833795,5.040640808,10.24285714,242.32,12.35452613,267.0290523,217.6109477,3197091
ADBL,8/1/2023,246.1,249.7,244,244,-1.21%,24677,6068522.2,-0.012145749,-0.012220111,247.76,242.82,247.2854632,242.8823947,57.69230769,4.403068436,4.913126333,10.51428571,242.82,12.20149257,267.2229851,218.4170149,3172414
ADBL,8/2/2023,242,250,242,250,2.46%,31501,7725061.5,0.024590164,0.024292693,247.56,243.67,247.7030842,243.4096247,52.17391304,4.293459468,4.78919296,10.77142857,243.67,12.07285341,267.8157068,219.5242932,3203915
ADBL,8/3/2023,254,254.7,248.3,248.3,-0.68%,30989,7760670.6,-0.0068,-0.006823225,247.22,244.635,247.7949174,243.7718748,52.99145299,4.023042648,4.635962898,10.8,244.635,11.60064767,267.8362953,221.4337047,3172926
ADBL,8/6/2023,253.2,273.1,253.2,265,6.73%,277818,74599478.5,0.06725735,0.065092133,250.86,246.385,250.4418532,245.3443285,46.34146341,5.09752471,4.72827526,11.95714286,246.385,11.91245589,270.2099118,222.5600882,3450744
ADBL,8/7/2023,260,264.8,256,258,-2.64%,86650,22509521.1,-0.026415094,-0.026770241,253.06,247.785,251.604645,246.2817856,52.03252033,5.322859378,4.847192084,12.02857143,247.785,11.52449451,270.833989,224.736011,3364094
ADBL,8/8/2023,257.1,261,255,257.9,-0.04%,27802,7142925.1,-0.000387597,-0.000387672,255.84,249.25,252.5731612,247.1423941,54.96183206,5.430767059,4.963907079,11.25,249.25,10.79666128,270.8433226,227.6566774,3336292
ADBL,8/9/2023,257,258,252,258,0.04%,42358,10756388.8,0.000387747,0.000387672,257.44,250.745,253.4080594,247.9466612,52.41935484,5.461398238,5.063405311,10.96428571,250.745,9.731472275,270.2079445,231.2820555,3378650
ADBL,8/10/2023,261,262,256,260,0.78%,23004,5951091,0.007751938,0.007722046,259.78,252.335,254.4222041,248.8395011,55.08474576,5.582703029,5.167264854,9.821428571,252.335,8.354467762,269.0439355,235.6260645,3401654
ADBL,8/13/2023,262,266,258,264,1.54%,76591,20154531.8,0.015384615,0.015267472,259.58,253.84,255.8957112,249.962501,59.84848485,5.933210166,5.320453917,9.164285714,253.84,7.529129397,268.8982588,238.7817412,3478245
ADBL,8/14/2023,269,271,264,267.3,1.25%,56788,15263156.2,0.0125,0.01242252,261.44,255.205,257.6502172,251.2467602,57.93650794,6.403456953,5.537054524,8.592857143,255.205,7.360740452,269.9264809,240.4835191,3535033
ADBL,8/15/2023,268,271,262.3,263,-1.61%,36592,9699228.1,-0.016086794,-0.016217591,262.46,256.005,258.4732607,252.1173706,65.2173913,6.355890111,5.700821642,8.357142857,256.005,7.291196927,270.5873939,241.4226061,3498441
ADBL,8/16/2023,262,265,260.1,261.4,-0.61%,19294,5046469.7,-0.00608365,-0.006102231,263.14,256.135,258.9235283,252.8049727,59.18367347,6.118555519,5.784368417,8.221428571,256.135,7.36644419,270.8678884,241.4021116,3479147
ADBL,8/17/2023,264.9,264.9,261,261.9,0.19%,18286,4788137.5,0.001912777,0.00191095,263.52,256.48,259.381447,253.4786785,66.38655462,5.902768525,5.808048439,7.857142857,256.48,7.471320605,271.4226412,241.5373588,3497433
ADBL,8/20/2023,261.9,265,259,260,-0.73%,19605,5114960.3,-0.007254677,-0.00728112,262.72,256.13,259.476609,253.9617393,60.76923077,5.514869671,5.749412685,7.885714286,256.13,7.107675614,270.3453512,241.9146488,3477828
ADBL,8/21/2023,263.8,263.8,260,260.8,0.31%,21850,5689723.3,0.003076923,0.003072199,261.42,256.17,259.6802076,254.4682772,64.22764228,5.211930459,5.64191624,7.75,256.17,7.132807818,270.4356156,241.9043844,3499678
ADBL,8/22/2023,261.9,263,258,263,0.84%,17678,4605045.6,0.008435583,0.008400202,261.42,256.87,260.1909449,255.1002566,59.67741935,5.09068828,5.531670648,7.535714286,256.87,7.078886323,271.0277726,242.7122274,3517356
ADBL,8/23/2023,260.1,265,260.1,263,0.00%,19743,5199045,0,0,261.74,257.47,260.6231072,255.6854228,58.67768595,4.937684426,5.412873404,7.428571429,257.47,7.063702622,271.5974052,243.3425948,3517356
ADBL,8/24/2023,261,264,260,260.1,-1.10%,22080,5775998.2,-0.011026616,-0.01108786,261.38,257.975,260.5426292,256.0124285,64.54545455,4.530200673,5.236338857,5.942857143,257.975,6.859635942,271.6942719,244.2557281,3495276
ADBL,8/27/2023,259,261,256.7,257,-1.19%,16373,4228741.8,-0.011918493,-0.011990088,260.78,258.485,259.9976093,256.085582,56.14035088,3.912027354,4.971476557,5.607142857,258.485,6.344933744,271.1748675,245.7951325,3478903
ADBL,8/28/2023,260,260,256,258,0.39%,15772,4064069.8,0.003891051,0.0038835,260.22,259.035,259.6902848,256.2273907,47.05882353,3.462894101,4.669760066,5.464285714,259.035,5.745412357,270.5258247,247.5441753,3494675
ADBL,8/29/2023,256,260,255,257,-0.39%,14786,3806786.6,-0.003875969,-0.0038835,259.02,259.685,259.2763948,256.284621,49.6,2.991773813,4.334162815,5.392857143,259.685,4.570071403,268.8251428,250.5448572,3479889
ADBL,8/30/2023,261.9,262.9,258.2,258.5,0.58%,18400,4790556.8,0.005836576,0.005819609,258.12,260.11,259.1569495,256.4487232,50.40650407,2.708226307,4.008975513,5.385714286,260.11,3.979010721,268.0680214,252.1519786,3498289
ADBL,9/3/2023,255,260,255,255.3,-1.24%,33984,8715813.3,-0.01237911,-0.01245637,257.16,260.46,258.5635726,256.3636326,59.06040268,2.199940069,3.647168425,5.171428571,260.46,3.095225525,266.6504511,254.2695489,3464305
ADBL,9/4/2023,258,258,252.1,254,-0.51%,17422,4431984.3,-0.005092049,-0.005105057,256.56,259.91,257.8614845,256.1885487,67.20430108,1.672935866,3.252321913,5.092857143,259.91,3.220804084,266.3516082,253.4683918,3446883
ADBL,9/5/2023,250,255,250,252.1,-0.75%,16605,4209442.9,-0.007480315,-0.007508433,255.38,259.615,256.9751023,255.8856932,65.42553191,1.089409086,2.819739348,4.828571429,259.615,3.646956193,266.9089124,252.3210876,3430278
ADBL,9/7/2023,252.2,253.9,250.6,251,-0.44%,10055,2529411.6,-0.004363348,-0.004372895,254.18,259.27,256.0558558,255.52379,66.14583333,0.53206578,2.362204634,4.714285714,259.27,4.114173192,267.4983464,251.0416536,3420223
ADBL,9/10/2023,256,256,252,254.9,1.55%,12819,3266248.1,0.015537849,0.015418372,253.46,259.115,255.8780318,255.4775833,62.42774566,0.400448479,1.969853403,4.792857143,259.115,4.221533146,267.5580663,250.6719337,3433042
ADBL,9/11/2023,259,264,255,263.9,3.53%,21840,5706368,0.035307964,0.034698932,255.18,259.31,257.1121808,256.1014661,71.24183007,1.010714714,1.778025665,5.014285714,259.31,4.352603577,268.0152072,250.6047928,3454882
ADBL,9/12/2023,267.5,267.5,259.2,260.8,-1.17%,9532,2487237.9,-0.011746874,-0.011816413,256.54,259.15,257.6795376,256.4495056,71.24183007,1.230031967,1.668426926,5.335714286,259.15,4.228163717,267.6063274,250.6936726,3445350
ADBL,9/13/2023,257,265.5,256,264,1.23%,18534,4888486.4,0.012269939,0.012195273,258.92,258.985,258.6519164,257.0088015,73.15436242,1.643114921,1.663364525,5.657142857,258.985,3.948520709,266.8820414,251.0879586,3463884
ADBL,9/17/2023,269,269,259,259.9,-1.55%,28163,7354852,-0.015530303,-0.015652161,260.7,258.83,258.8439293,257.2229643,73.15436242,1.620964928,1.654884605,6.021428571,258.83,3.842025233,266.5140505,251.1459495,3435721
ADBL,9/18/2023,258,260.9,258,259.3,-0.23%,24190,6270570.3,-0.00230858,-0.002311249,261.58,258.725,258.914094,257.3768188,70.77922078,1.537275162,1.631362717,5.942857143,258.725,3.796518488,266.318037,251.131963,3411531
ADBL,9/19/2023,263.9,263.9,258,261,0.66%,14795,3845276.7,0.006556113,0.006534715,261,258.68,259.2350026,257.6452026,80.23255814,1.589799988,1.623050171,6.057142857,258.68,3.76208229,266.2041646,251.1558354,3426326
ADBL,9/21/2023,265,270,262.2,262.7,0.65%,50228,13238156.5,0.00651341,0.006492289,261.38,258.815,259.7680791,258.0196321,89.11917098,1.748447074,1.648129551,6.414285714,258.815,3.859134754,266.5332695,251.0967305,3476554
ADBL,9/24/2023,267,267,260,261,-0.65%,13632,3565983.8,-0.00647126,-0.006492289,260.78,258.825,259.9576054,258.2404001,88.77005348,1.717205365,1.661944714,6.557142857,258.825,3.864804073,266.5546081,251.0953919,3462922
ADBL,9/25/2023,261,261.9,255.9,260.5,-0.19%,10018,2607137.8,-0.001915709,-0.001917546,260.9,258.7,260.0410507,258.4077778,92.039801,1.633272911,1.656210354,6.564285714,258.7,3.761718532,266.2234371,251.1765629,3452904
ADBL,9/26/2023,264.5,264.5,258.9,260,-0.19%,39214,10194999.1,-0.001919386,-0.00192123,261.04,258.55,260.0347352,258.5257202,90.24390244,1.509015029,1.626771289,6.607142857,258.55,3.639042673,265.8280853,251.2719147,3413690
ADBL,9/27/2023,262,265,257.1,259,-0.38%,30760,7998716,-0.003846154,-0.003853569,260.64,258.495,259.8755452,258.560852,80.59701493,1.314693156,1.564355662,6.75,258.495,3.622658954,265.7403179,251.2496821,3382930
ADBL,10/1/2023,259,263,257,258.9,-0.04%,60740,15724017,-0.0003861,-0.000386175,259.88,258.59,259.7254613,258.5859741,85.13513514,1.139487208,1.479381971,6.821428571,258.59,3.606266476,265.802533,251.377467,3322190
ADBL,10/2/2023,257,262.1,256.2,260.3,0.54%,40811,10592210.4,0.005407493,0.005392925,259.74,258.705,259.8138519,258.712939,85.71428571,1.100912893,1.403688156,7.007142857,258.705,3.623094781,265.9511896,251.4588104,3363001
ADBL,10/3/2023,257,262.9,257,261.8,0.58%,35324,9219741.5,0.005762582,0.005746041,260,258.945,260.1194131,258.9416102,85.80645161,1.177802955,1.358511115,7.071428571,258.945,3.662969029,266.2709381,251.6190619,3398325
ADBL,10/4/2023,263,264.6,259,259.3,-0.95%,8133,2113414.5,-0.009549274,-0.009595161,259.86,258.985,259.9933496,258.9681576,85.98726115,1.025192001,1.291847293,6.821428571,258.985,3.662221787,266.3094436,251.6605564,3390192
ADBL,10/5/2023,263,263,256,258,-0.50%,7398,1905020.8,-0.005013498,-0.005026108,259.66,259.12,259.6866804,258.8964422,89.63414634,0.790238211,1.191525476,6.728571429,259.12,3.56777979,266.2555596,251.9844404,3382794
ADBL,10/8/2023,263,263.1,254.4,254.5,-1.36%,28146,7191107.3,-0.013565891,-0.013658749,258.78,259.145,258.8887296,258.5707798,91.01796407,0.317949764,1.016810334,6.671428571,259.145,3.531583065,266.2081661,252.0818339,3354648
ADBL,10/9/2023,252.5,254,251.1,253,-0.59%,10233,2584008.3,-0.00589391,-0.005911347,257.32,259.19,257.9827712,258.1581295,88.23529412,-0.175358277,0.778376612,6.2,259.19,3.441679517,266.073359,252.306641,3344415
ADBL,10/10/2023,257,258,251.1,252,-0.40%,9470,2394063.6,-0.003952569,-0.003960401,255.36,259.24,257.0623448,257.7019717,90.90909091,-0.639626875,0.494775914,6.485714286,259.24,3.321603924,265.8832078,252.5967922,3334945
ADBL,10/11/2023,250,255,248,250.3,-0.67%,19245,4807925,-0.006746032,-0.006768889,253.56,259.01,256.0219841,257.1536775,88.32116788,-1.131693419,0.169482048,6.564285714,259.01,3.767296951,266.5445939,251.4754061,3315700
ADBL,10/12/2023,250,251.9,247.3,248.3,-0.80%,28503,7090011.9,-0.007990412,-0.008022506,251.62,258.23,254.8339865,256.4978496,84.61538462,-1.663863009,-0.197186964,6.25,258.23,4.281428684,266.7928574,249.6671426,3287197
ADBL,10/16/2023,250,250,246,248,-0.12%,11941,2946188.8,-0.001208216,-0.001208946,250.32,257.59,253.782604,255.8683792,84.61538462,-2.085775217,-0.574904614,6.035714286,257.59,4.802071921,267.1941438,247.9858562,3275256
ADBL,10/17/2023,252,253.9,249,251,1.21%,8118,2034157.9,0.012096774,0.012024193,249.92,256.94,253.3545111,255.5077585,81.6091954,-2.153247457,-0.890573183,6.028571429,256.94,4.768471012,266.476942,247.403058,3283374
ADBL,10/18/2023,252,270,251,260,3.59%,23077,6008028,0.035856574,0.035228692,251.52,256.945,254.376894,255.8405172,76.19047619,-1.463623173,-1.005183181,6.985714286,256.945,4.771789359,266.4885787,247.4014213,3306451
ADBL,10/19/2023,264,264,255.3,259,-0.38%,9050,2343455.1,-0.003846154,-0.003853569,253.26,256.93,255.0881411,256.0745529,85.33333333,-0.986411861,-1.001428917,7.042857143,256.93,4.764462746,266.4589255,247.4010745,3297401
ADBL,10/29/2023,259,259,253,255,-1.54%,16265,4147753.6,-0.015444015,-0.015564517,254.6,256.63,255.0745809,255.9949564,70.76923077,-0.920375512,-0.985218236,7.042857143,256.63,4.682902833,265.9958057,247.2641943,3281136
ADBL,10/30/2023,253.5,255,251,255,0.00%,33815,8569072.2,0,0,256,256.245,255.0631069,255.9212559,60,-0.858149022,-0.959804393,6.907142857,256.245,4.46924873,265.1834975,247.3065025,3281136
ADBL,10/31/2023,260,260,250,251.7,-1.29%,12366,3102423.1,-0.012941176,-0.013025643,256.14,255.78,254.5457059,255.6085703,54.34782609,-1.062864461,-0.980416407,7.2,255.78,4.432131482,264.644263,246.915737,3268770
ADBL,11/1/2023,250,251.7,248,251,-0.28%,24366,6084726.5,-0.002781089,-0.002784963,254.34,255.305,254.0002126,255.2671947,44,-1.26698209,-1.037729543,7.064285714,255.305,4.408660735,264.1223215,246.4876785,3244404
ADBL,11/2/2023,254,254,248,248.2,-1.12%,14152,3521359.9,-0.011155378,-0.011218066,252.18,254.715,253.1078722,254.7436988,37.77777778,-1.635826591,-1.157348953,6.992857143,254.715,4.535041925,263.7850839,245.6449161,3230252
ADBL,11/5/2023,244,244,236,240.9,-2.94%,67192,16163462.5,-0.029411765,-0.029852963,249.36,253.81,251.229738,253.7182397,26.08695652,-2.488501609,-1.423579484,7.242857143,253.81,5.364983936,264.5399679,243.0800321,3163060
ADBL,11/6/2023,240,253.2,236.1,245,1.70%,36331,8824926.9,0.01701951,0.016876301,247.36,253.115,250.2713168,253.0724441,46.2962963,-2.801127317,-1.699089051,8.221428571,253.115,5.567412231,264.2498245,241.9801755,3199391
ADBL,11/7/2023,248.9,248.9,242,244,-0.41%,28233,6880582.3,-0.004081633,-0.004089985,245.82,252.3,249.3064988,252.4004112,48.21428571,-3.09391239,-1.978053718,8.221428571,252.3,5.652665882,263.6053318,240.9946682,3171158
ADBL,11/8/2023,244,246.9,240.3,246.5,1.02%,8644,2117730.1,0.010245902,0.010193768,244.92,251.535,248.8747298,251.9633437,52.54237288,-3.088613943,-2.200165763,8.192857143,251.535,5.325141461,262.1852829,240.8847171,3179802
ADBL,11/9/2023,241.6,245.9,241,244,-1.01%,10046,2445056.7,-0.010141988,-0.010193768,244.08,250.77,248.1247714,251.3734664,51.72413793,-3.248695059,-2.409871622,8.257142857,250.77,5.24937089,261.2687418,240.2712582,3169756
ADBL,11/20/2023,244,248.5,239.6,239.6,-1.80%,13280,3203566.2,-0.018032787,-0.018197359,243.82,249.85,246.8132681,250.5013578,55.55555556,-3.688089721,-2.665515242,8.607142857,249.85,5.520917163,260.8918343,238.8081657,3156476
ADBL,11/21/2023,239.6,239.9,235,239,-0.25%,12618,3005996.9,-0.002504174,-0.002507314,242.62,249.075,245.6112268,249.6494054,50.76923077,-4.038178534,-2.940047901,8.535714286,249.075,5.908145581,260.8912912,237.2587088,3143858
ADBL,11/22/2023,238,245,238,245,2.51%,8661,2091879.6,0.025104603,0.024794659,242.82,248.675,245.5171919,249.305005,59.42028986,-3.787813034,-3.109600927,7.678571429,248.675,5.899230547,260.4734611,236.8765389,3152519
ADBL,11/23/2023,245,269.5,240.2,245,0.00%,6824,1669458.4,0,0,242.52,248.325,245.4376239,248.9861157,62.5,-3.548491766,-3.197379095,9.15,248.325,5.899230547,260.1234611,236.5265389,3152519
ADBL,11/26/2023,240.5,246,240.1,242,-1.22%,15023,3660075.4,-0.012244898,-0.012320484,242.12,247.91,244.9087587,248.4686257,71.64179104,-3.559866936,-3.269876663,9.142857143,247.91,6.043169263,259.9963385,235.8236615,3137496
ADBL,11/27/2023,240,245.1,240,244,0.83%,13748,3342653.5,0.008264463,0.008230499,243,247.695,244.7689497,248.1376163,72.72727273,-3.368666662,-3.289634663,9.221428571,247.695,6.10474147,259.9044829,235.4855171,3151244
ADBL,11/28/2023,245,245,240.2,242,-0.82%,8124,1961479.3,-0.008196721,-0.008230499,243.6,247.395,244.3429574,247.6829781,71.64179104,-3.340020674,-3.299711865,8.85,247.395,6.23500095,259.8650019,234.9249981,3143120
ADBL,11/29/2023,242,245,240.1,241.8,-0.08%,9876,2394995.2,-0.000826446,-0.000826788,242.96,246.935,243.9517332,247.2472019,76.19047619,-3.295468738,-3.29886324,8.935714286,246.935,6.294130516,259.523261,234.346739,3133244
ADBL,11/30/2023,240,241,238,239,-1.16%,10214,2447712.8,-0.011579818,-0.011647386,241.76,245.885,243.1899281,246.6362981,71.92982456,-3.446369999,-3.328364591,8.778571429,245.885,5.725866976,257.336734,234.433266,3123030
ADBL,12/3/2023,236.6,242.9,236.6,239,0.00%,14293,3412903.1,0,0,241.16,244.885,242.5453238,246.0706464,83.05084746,-3.525322611,-3.367756195,8.357142857,244.885,5.017472104,254.9199442,234.8500558,3123030
ADBL,12/4/2023,236,243,236,240,0.42%,7552,1805414.8,0.0041841,0.004175371,240.36,244.135,242.1537355,245.6209689,73.46938776,-3.467233374,-3.387651631,7.635714286,244.135,4.522606957,253.1802139,235.0897861,3130582
ADBL,12/5/2023,239.9,240,236,238,-0.83%,10287,2451001.6,-0.008333333,-0.00836825,239.56,243.285,241.5146993,245.0564527,73.46938776,-3.541753392,-3.418471983,7.428571429,243.285,3.932091314,251.1491826,235.4208174,3120295
ADBL,12/6/2023,240,240,235.1,236,-0.84%,10646,2515241.8,-0.008403361,-0.008438869,238.4,242.5,240.666284,244.3856043,74.50980392,-3.719320319,-3.47864165,7.307142857,242.5,3.725445929,249.9508919,235.0491081,3109649
ADBL,12/7/2023,236.1,240.5,236.1,239,1.27%,16898,4044117.9,0.012711864,0.012631747,238.4,241.9,240.4099326,243.9866707,64.40677966,-3.57673805,-3.49826093,7.235714286,241.9,3.215914374,248.3318287,235.4681713,3126547
ADBL,12/10/2023,243.7,248.5,243.7,248.5,3.97%,60,14862,0.039748954,0.038979294,240.3,241.915,241.6545584,244.3209914,54.38596491,-2.66643299,-3.331895342,7.278571429,241.915,3.247391666,248.4097833,235.4202167,3126607
ADBL,12/11/2023,253.4,258,245,246,-1.01%,36977,9184349.5,-0.010060362,-0.01011131,241.5,242.17,242.3230878,244.4453624,58.49056604,-2.122274519,-3.089971178,7.857142857,242.17,3.361719485,248.893439,235.446561,3089630
ADBL,12/12/2023,246.2,252,242,245.4,-0.24%,68084,16885697.6,-0.002439024,-0.002442004,242.98,242.19,242.7964589,244.5160763,46.93877551,-1.719617317,-2.815900406,8.071428571,242.19,3.380579209,248.9511584,235.4288416,3021546
ADBL,12/13/2023,250.3,251.5,246,246.7,0.53%,31055,7726674.7,0.005297474,0.005283491,245.12,242.325,243.3970037,244.6778484,38,-1.280844669,-2.508889258,6.414285714,242.325,3.508167163,249.3413343,235.3086657,3052601
ADBL,12/14/2023,242.6,249,242.6,248,0.53%,13670,3377975.2,0.005269558,0.005255723,246.92,242.4,244.105157,244.9239337,32,-0.8187767,-2.170866746,6.45,242.4,3.616482734,249.6329655,235.1670345,3066271
ADBL,12/17/2023,243.1,249.8,243.1,248.5,0.20%,25584,6334500.4,0.002016129,0.002014099,246.92,242.625,244.7812867,245.1888275,30.76923077,-0.407540807,-1.818201559,6.564285714,242.625,3.853484411,250.3319688,234.9180312,3091855
ADBL,12/18/2023,250,255,247,251,1.01%,44779,11264998.7,0.010060362,0.010010094,247.92,243.195,245.7380118,245.6192847,34.61538462,0.118727095,-1.430815828,6.792857143,243.195,4.209197323,251.6133946,234.7766054,3136634
ADBL,12/19/2023,250,262.2,250,261,3.98%,62432,16066588.4,0.039840637,0.039067468,251.04,244.295,248.08601,246.758597,35.29411765,1.327413034,-0.879170056,7.314285714,244.295,5.674733938,255.6444679,232.9455321,3199066
ADBL,12/20/2023,256,267.2,256,261.3,0.11%,57332,15045854.6,0.001149425,0.001148765,253.96,245.11,250.1189315,247.8357379,33.96226415,2.283193607,-0.246697323,7.842857143,245.11,6.833501068,258.7770021,231.4429979,3256398
ADBL,12/21/2023,261,264,255.3,256,-2.03%,39429,10219189.5,-0.020283199,-0.020491728,255.56,245.66,251.0237113,248.4404981,22.22222222,2.583213217,0.319284785,8.014285714,245.66,7.2539209,260.1678418,231.1521582,3216969
ADBL,12/24/2023,259,260,253.1,253.5,-0.98%,44028,11289852,-0.009765625,-0.009813621,256.56,246.235,251.4046788,248.815276,28.88888889,2.58940279,0.773308386,8.007142857,246.235,7.402792858,261.0405857,231.4294143,3172941
ADBL,12/27/2023,258.5,258.5,248.5,249.6,-1.54%,15367,3846320.8,-0.015384615,-0.015504187,256.28,246.515,251.1270359,248.8734037,27.27272727,2.253632195,1.069373148,8.435714286,246.515,7.419694631,261.3543893,231.6756107,3157574
ADBL,12/28/2023,249,249.9,245.3,247,-1.04%,19671,4850830.6,-0.010416667,-0.0104713,253.48,246.765,250.4921073,248.7346331,23.80952381,1.75747424,1.206993366,8.414285714,246.765,7.343401979,261.451804,232.078196,3137903
ADBL,1/1/2024,251,251,246.2,248.9,0.77%,33313,8278812.6,0.007692308,0.007662873,251,247.12,250.2471677,248.7468825,22.72727273,1.500285252,1.265651743,8.435714286,247.12,7.261912174,261.6438243,232.5961757,3171216
ADBL,1/2/2024,249,249,245,248.5,-0.16%,34706,8575110.5,-0.001607071,-0.001608364,249.5,247.595,249.9783727,248.7285949,18.51851852,1.249777809,1.262476957,8.042857143,247.595,7.009127508,261.613255,233.576745,3136510
ADBL,1/3/2024,248,248,243.1,246.9,-0.64%,17254,4227147.1,-0.006438632,-0.006459449,248.18,247.99,249.5047769,248.5931434,16.94915254,0.911633484,1.192308262,7.5,247.99,6.71572389,261.4214478,234.5585522,3119256
ADBL,1/4/2024,247,249.9,244,245,-0.77%,30433,7457873.7,-0.007695423,-0.007725186,247.26,248.24,248.8117343,248.3269846,26.2295082,0.484749656,1.050796541,7.207142857,248.24,6.491970749,261.2239415,235.2560585,3088823
ADBL,1/7/2024,245,246,241,243.4,-0.65%,39659,9644017.6,-0.006530612,-0.00655203,246.54,248.51,247.9791598,247.9620228,43.66197183,0.017136975,0.844064628,7.128571429,248.51,6.14679206,260.8035841,236.2164159,3049164
ADBL,1/8/2024,248,248,241,243.7,0.12%,15763,3826990.5,0.001232539,0.00123178,245.5,248.895,247.3208275,247.6463174,51.94805195,-0.325489906,0.610153721,7.171428571,248.895,5.532437837,259.9598757,237.8301243,3064927
ADBL,1/9/2024,248,248,243.1,245.1,0.57%,29582,7253697.7,0.005744768,0.00572833,244.82,249.2,246.9791617,247.4577013,58.82352941,-0.478539572,0.392415062,7.042857143,249.2,5.110258001,259.420516,238.979484,3094509
ADBL,1/10/2024,245,248,244,245,-0.04%,31999,7854889.8,-0.000407997,-0.00040808,244.44,249.025,246.6746753,247.2756494,55.81395349,-0.600974044,0.193737241,6.757142857,249.025,5.194721511,259.414443,238.635557,3062510
ADBL,1/11/2024,244.1,246.1,242.5,245,0.00%,13027,3183707.5,0,0,244.44,248.975,246.417033,247.1070827,57.14285714,-0.690049781,0.016979837,6.142857143,248.975,5.230062393,259.4351248,238.5148752,3062510
ADBL,1/14/2024,246.1,247,243.7,245.9,0.37%,25759,6323452.5,0.003673469,0.003666739,244.94,249,246.3374894,247.0176692,60.24096386,-0.680179777,-0.122452086,5.578571429,249,5.213242248,259.4264845,238.5735155,3088269
ADBL,1/16/2024,245.9,252,245,246.8,0.37%,43763,10872335,0.003660024,0.003653343,245.56,249.005,246.4086449,247.0015456,62.92134831,-0.59290066,-0.216541801,5.457142857,249.005,5.210967685,259.4269354,238.5830646,3132032
ADBL,1/17/2024,247.2,251,245,247,0.08%,76378,18940463.1,0.000810373,0.000810045,245.94,248.955,246.4996226,247.0014311,65.625,-0.501808466,-0.273595134,5.392857143,248.955,5.225894534,259.4067891,238.5032109,3208410
ADBL,1/18/2024,246,250,243.1,247,0.00%,29336,7223646.1,0,0,246.34,248.88,246.5766037,247.0013251,62.62626263,-0.424721323,-0.303820372,5.171428571,248.88,5.243502245,259.3670045,238.3929955,3208410
ADBL,1/21/2024,247,248.2,243.4,243.9,-1.26%,48190,11812583.6,-0.012550607,-0.012630031,246.12,248.525,246.1648186,246.7715973,64.42307692,-0.606778732,-0.364412044,5.185714286,248.525,5.332016011,259.189032,237.860968,3160220
ADBL,1/22/2024,243,248,243,244,0.04%,45887,11234734.5,0.000410004,0.00040992,245.74,247.675,245.8317695,246.5662938,71.875,-0.734524238,-0.438434483,5.2,247.675,4.533950874,256.7429017,238.6070983,3206107
ADBL,1/23/2024,242.1,246.9,242.1,245.2,0.49%,21982,5382654.6,0.004918033,0.004905979,245.42,246.87,245.7345742,246.4650868,86.20689655,-0.730512605,-0.496850107,5.257142857,246.87,3.228996911,253.3279938,240.4120062,3228089
ADBL,1/24/2024,245,247,242.3,245.5,0.12%,25650,6275597.1,0.001223491,0.001222743,245.12,246.345,245.6984859,246.3935989,91.95402299,-0.695113035,-0.536502693,5.207142857,246.345,2.418236635,251.1814733,241.5085267,3253739
ADBL,1/25/2024,244.5,247,244.5,245.1,-0.16%,35252,8657513.2,-0.001629328,-0.001630657,244.74,245.925,245.6064111,246.2977768,91.56626506,-0.691365644,-0.567475283,4.964285714,245.925,1.746236555,249.4174731,242.4325269,3218487
ADBL,1/28/2024,245,248,244,245,-0.04%,23496,5750915.7,-0.000407997,-0.00040808,244.96,245.695,245.5131171,246.2016452,89.85507246,-0.688528052,-0.591685837,4.892857143,245.695,1.52573537,248.7464707,242.6435293,3194991
ADBL,1/29/2024,249.5,249.5,245.1,246.5,0.61%,22283,5496052.8,0.006122449,0.006103783,245.46,245.67,245.6649453,246.2237455,86.8852459,-0.558800274,-0.585108724,4.714285714,245.67,1.507210738,248.6844215,242.6555785,3217274
ADBL,1/30/2024,249.5,249.5,244.5,245.5,-0.41%,17528,4295121,-0.004056795,-0.004065046,245.52,245.5,245.6395691,246.1701347,84.31372549,-0.530565687,-0.574200117,4.721428571,245.5,1.301416232,248.1028325,242.8971675,3199746
ADBL,1/31/2024,245,247.4,243.2,243.2,-0.94%,16597,4046904.8,-0.009368635,-0.009412797,245.06,245.235,245.2642507,245.9501248,89.58333333,-0.685874022,-0.596534898,4.735714286,245.235,1.193524193,247.6220484,242.8479516,3183149
ADBL,2/1/2024,242,242.5,240.1,240.5,-1.11%,18935,4566695.2,-0.011101974,-0.011164061,244.14,244.915,244.5312891,245.5464118,89.79591837,-1.015122729,-0.680252464,4.7,244.915,1.53323703,247.9814741,241.8485259,3164214
ADBL,2/4/2024,245,245,239.2,240.5,0.00%,21433,5149031.6,0,0,243.24,244.69,243.9110908,245.1726035,87.5,-1.261512768,-0.796504525,4.878571429,244.69,1.822924198,248.3358484,241.0441516,3164214
ADBL,2/5/2024,240,242.5,239,242,0.62%,19382,4662138.5,0.006237006,0.006217637,242.34,244.62,243.6170768,244.9375959,87.23404255,-1.320519063,-0.901307432,4.628571429,244.62,1.900304685,248.4206094,240.8193906,3183596
ADBL,2/6/2024,244.9,244.9,240,240.7,-0.54%,12116,2916847.4,-0.005371901,-0.005386381,241.38,244.47,243.1682958,244.6236999,77.5,-1.455404119,-1.01212677,4.55,244.47,2.086069081,248.6421382,240.2978618,3171480
ADBL,2/7/2024,245.5,245.5,239,241,0.12%,22381,5380378.9,0.001246365,0.001245589,240.94,244.265,242.8347118,244.3552777,88.0952381,-1.520565869,-1.11381459,4.521428571,244.265,2.218172553,248.7013451,239.8286549,3193861
ADBL,2/8/2024,239,242,239,242,0.41%,19510,4706656.8,0.004149378,0.004140793,241.24,244.115,242.7062946,244.1808127,84.84848485,-1.474518056,-1.185955283,4.392857143,244.115,2.266756319,248.6485126,239.5814874,3213371
ADBL,2/11/2024,240,240,233.6,236.8,-2.15%,42535,10079327.6,-0.021487603,-0.021721823,240.5,243.705,241.7976339,243.6340858,81.25,-1.8364519,-1.316054606,4.635714286,243.705,2.781418608,249.2678372,238.1421628,3170836
ADBL,2/12/2024,237.2,239,235.2,238,0.51%,17401,4122720.1,0.005067568,0.005054771,239.7,243.31,241.2133825,243.2167461,78.57142857,-2.003363579,-1.453516401,4.564285714,243.31,3.005241036,249.3204821,237.2995179,3188237
ADBL,2/13/2024,238,238,231.3,231.3,-2.82%,23082,5401946.5,-0.028151261,-0.028555104,237.82,242.535,239.6882467,242.3340242,62.96296296,-2.645777418,-1.691968604,4.707142857,242.535,3.917877379,250.3707548,234.6992452,3165155
ADBL,2/14/2024,232,235,230.1,233,0.73%,19694,4575045.8,0.007349762,0.007322884,236.22,241.835,238.6592857,241.642615,57.69230769,-2.983329259,-1.950240735,4.878571429,241.835,4.309264805,250.4535296,233.2164704,3184849
ADBL,2/15/2024,230.1,236.7,230,236.7,1.59%,42526,9956723.2,0.015879828,0.015755063,235.16,241.32,238.3578571,241.2764953,60.71428571,-2.918638202,-2.143920229,5.071428571,241.32,4.274846873,249.8696937,232.7703063,3227375
ADBL,2/18/2024,233,235.9,230,230.6,-2.58%,48129,11105439.7,-0.025771018,-0.026108909,233.92,240.655,237.1643407,240.4856438,64.28571429,-3.321303179,-2.379396819,5.228571429,240.655,4.848382801,250.3517656,230.9582344,3179246
ADBL,2/20/2024,230,234.5,230,230,-0.26%,31788,7349419.2,-0.002601908,-0.002605299,232.32,239.955,236.0621344,239.7089295,56.25,-3.646795075,-2.63287647,5.192857143,239.955,5.327038774,250.6090775,229.3009225,3147458
ADBL,2/21/2024,233,234.4,229.3,230.3,0.13%,11891,2743350.1,0.001304348,0.001303498,232.12,239.21,235.1756522,239.0119717,54.54545455,-3.836319552,-2.873565086,5.257142857,239.21,5.590301752,250.3906035,228.0293965,3159349
ADBL,2/22/2024,230,232,228.9,229,-0.56%,15542,3566557.9,-0.005644811,-0.005660803,231.32,238.385,234.2255518,238.2703442,57.14285714,-4.044792352,-3.10781054,5.257142857,238.385,5.825739167,250.0364783,226.7335217,3143807
ADBL,2/25/2024,230,230,227.1,227.1,-0.83%,22617,5165066.5,-0.008296943,-0.008331554,229.4,237.485,233.1293131,237.4429113,68.18181818,-4.313598194,-3.34896807,5.05,237.485,6.116868394,249.7187368,225.2512632,3121190
ADBL,2/26/2024,228,230,225.1,228,0.40%,14222,3226207.8,0.003963012,0.00395518,228.88,236.635,232.340188,236.7434364,64.1025641,-4.403248376,-3.559824132,5.15,236.635,6.198240412,249.0314808,224.2385192,3135412
ADBL,2/27/2024,226.2,229.9,226,227,-0.44%,15986,3624302,-0.004385965,-0.004395611,228.28,235.66,231.5186206,236.0217004,69.44444444,-4.503079734,-3.748475252,5.078571429,235.66,6.097661329,247.8553227,223.4646773,3119426
ADBL,2/28/2024,231,231,226.2,228,0.44%,10145,2304421.2,0.004405286,0.004395611,227.82,234.785,230.9772944,235.4275003,52.77777778,-4.450205957,-3.888821393,4.957142857,234.785,5.862393529,246.5097871,223.0602129,3129571
ADBL,2/29/2024,227,228,225.1,225.8,-0.96%,16986,3847648.7,-0.009649123,-0.009695977,227.18,233.915,230.1807875,234.7143522,50,-4.533564611,-4.017770037,4.95,233.915,5.838914373,245.5928287,222.2371713,3112585
ADBL,3/3/2024,230,230,223,224,-0.80%,14194,3184330.9,-0.007971656,-0.0080036,226.56,233.09,229.2298972,233.9206964,60,-4.690799288,-4.152375887,4.85,233.09,6.022318141,245.1346363,221.0453637,3098391
ADBL,3/4/2024,228,237.4,228,237.4,5.98%,530,121182,0.059821429,0.05810043,228.44,232.935,230.4868361,234.1784226,60,-3.691586578,-4.060218025,5.535714286,232.935,5.859250446,244.6535009,221.2164991,3098921
ADBL,3/5/2024,242.1,242.1,228.6,229.5,-3.33%,22320,5174348.4,-0.033277169,-0.033843453,228.94,232.31,230.3350151,233.8318728,65.85365854,-3.496857685,-3.947545957,6.021428571,232.31,5.496879498,243.303759,221.316241,3076601
ADBL,3/6/2024,229.5,231,225.5,228.3,-0.52%,22025,5043571.3,-0.005228758,-0.005242476,229,231.69,230.0219359,233.4221045,64.28571429,-3.400168578,-3.838070481,6.064285714,231.69,5.191582255,242.0731645,221.3068355,3054576
ADBL,3/7/2024,229,229.9,226.1,228.1,-0.09%,23094,5282655.3,-0.00087604,-0.000876424,229.46,231.045,229.7262534,233.0278745,62.5,-3.301621061,-3.730780597,5.857142857,231.045,4.757207828,240.5594157,221.5305843,3031482
ADBL,3/10/2024,232.6,236,228,231,1.27%,12089,2790977.4,0.012713722,0.012633581,230.86,230.495,229.9222144,232.8776616,57.14285714,-2.955447125,-3.575713903,5.95,230.495,3.999536157,238.4940723,222.4959277,3043571
ADBL,3/12/2024,235,239.7,231.2,239.7,3.77%,34642,8161336.3,0.037662338,0.036970431,231.32,230.64,231.4264891,233.38302,64.1025641,-1.956530826,-3.251877288,6.25,230.64,4.282694676,239.2053894,222.0746106,3078213
ADBL,3/13/2024,240,242,235,236,-1.54%,14493,3431701.7,-0.015435962,-0.015556336,232.62,230.54,232.1301062,233.5768703,64.1025641,-1.446764144,-2.890854659,6.385714286,230.54,4.122135369,238.7842707,222.2957293,3063720
ADBL,3/14/2024,236,236,231.4,233.5,-1.06%,23461,5456473.3,-0.01059322,-0.010649728,233.66,230.65,232.3408591,233.5711762,51.1627907,-1.230317152,-2.558747158,6.492857143,230.65,4.172529209,238.9950584,222.3049416,3040259
ADBL,3/17/2024,233,235,230,235,0.64%,26682,6226215.1,0.006423983,0.006403437,235.04,230.75,232.7499577,233.677015,36.36363636,-0.927057348,-2.232409196,6.642857143,230.75,4.254966139,239.2599323,222.2400677,3066941
ADBL,3/18/2024,239.7,239.7,234,235,0.00%,21615,5097592.9,0,0,235.84,230.665,233.096118,233.7750139,34.28571429,-0.678895878,-1.921706532,6.7,230.665,4.145419158,238.9558383,222.3741617,3066941
ADBL,3/19/2024,235,236,232,234.4,-0.26%,24816,5826880.8,-0.002553191,-0.002556456,234.78,230.855,233.2967153,233.8213092,30,-0.52459392,-1.64228401,6.707142857,230.855,4.228534025,239.312068,222.397932,3042125
ADBL,3/20/2024,239,239,230.2,234.5,0.04%,21729,5059894.2,0.000426621,0.00042653,234.48,231.08,233.481836,233.8715826,34.28571429,-0.389746585,-1.391776525,6.992857143,231.08,4.299767436,239.6795349,222.4804651,3063854
ADBL,3/21/2024,230.1,238,230,235,0.21%,18890,4432653,0.002132196,0.002129926,234.78,231.315,233.7153997,233.9551691,32.43243243,-0.239769368,-1.161375093,7.357142857,231.315,4.382534114,240.0800682,222.5499318,3082744
ADBL,3/25/2024,235,235,230.3,233.5,-0.64%,30270,7070949.7,-0.006382979,-0.006403437,234.48,231.54,233.6822613,233.9214528,13.79310345,-0.239191556,-0.976938386,7.192857143,231.54,4.37293109,240.2858622,222.7941378,3052474
ADBL,3/26/2024,234,235,231.2,233.5,0.00%,24395,5683731.7,0,0,234.18,231.86,233.6542211,233.8902341,7.407407407,-0.236013024,-0.828753313,6.507142857,231.86,4.263727057,240.3874541,223.3325459,3052474
ADBL,3/27/2024,233.5,234.4,228.5,230.1,-1.46%,35243,8108945.8,-0.014561028,-0.01466808,233.32,231.965,233.1074178,233.609476,13.79310345,-0.502058185,-0.763414288,5.964285714,231.965,4.188866823,240.3427336,223.5872664,3017231
ADBL,3/28/2024,234.7,234.7,228.4,230,-0.04%,17792,4089951.5,-0.000434594,-0.000434688,232.42,232.115,232.6293536,233.3421074,13.33333333,-0.712753873,-0.753282205,6.021428571,232.115,4.053234576,240.2214692,224.0085308,2999439
ADBL,3/31/2024,228,232,227.4,228.4,-0.70%,12071,2773438.3,-0.006956522,-0.006980831,231.1,232.135,231.9786838,232.9760254,13.33333333,-0.997341619,-0.802094088,6.078571429,232.135,4.03279647,240.2005929,224.0694071,2987368
ADBL,4/1/2024,228,230,225,228,-0.18%,29683,6717812.7,-0.001751313,-0.001752849,230,232.245,231.3665786,232.6074309,14.81481481,-1.240852342,-0.889845739,5.864285714,232.245,3.877936918,240.0008738,224.4891262,2957685
ADBL,4/2/2024,232.5,232.5,225.3,228,0.00%,14167,3206644.7,0,0,228.9,232.445,230.8486434,232.2661397,23.33333333,-1.417496329,-0.995375857,5.757142857,232.445,3.516648374,239.4782967,225.4117033,2957685
ADBL,4/3/2024,230,230,226,230,0.88%,27641,6282366.7,0.00877193,0.00873368,228.88,232.075,230.7180829,232.0982775,31.25,-1.380194651,-1.072339615,5.542857143,232.075,3.353376146,238.7817523,225.3682477,2985326
ADBL,4/4/2024,226.1,227.5,226,226.2,-1.65%,16873,3818198.6,-0.016521739,-0.016659745,228.12,231.91,230.0229932,231.6613681,25.64102564,-1.638374879,-1.185546668,5.5,231.91,3.561475153,239.0329503,224.7870497,2968453
ADBL,4/7/2024,227,229,225.1,228,0.80%,23508,5305895.7,0.00795756,0.007926065,228.04,231.895,229.7117635,231.3901556,23.80952381,-1.678392153,-1.284115765,5.421428571,231.895,3.578072842,239.0511457,224.7388543,2991961
ADBL,4/9/2024,228,230,226,227.5,-0.22%,14615,3322977.9,-0.002192982,-0.002195391,227.94,231.865,229.3714922,231.101996,42.30769231,-1.730503781,-1.373393368,5.3,231.865,3.61390225,239.0928045,224.6371955,2977346
ADBL,4/10/2024,230,230,226.6,227,-0.22%,16651,3786957.5,-0.002197802,-0.002200221,227.74,231.665,229.0066472,230.7981444,47.91666667,-1.79149718,-1.457014131,5.257142857,231.665,3.771538148,239.2080763,224.1219237,2960695
ADBL,4/14/2024,225,229,224,226.1,-0.40%,34920,7905865.8,-0.003964758,-0.003972638,226.96,230.985,228.5594707,230.4501337,40.35087719,-1.89066298,-1.5437439,4.985714286,230.985,3.45973455,237.9044691,224.0655309,2925775
ADBL,4/15/2024,226,228,224.5,225,-0.49%,11054,2489757.3,-0.004865104,-0.004876977,226.72,230.435,228.0118599,230.0464201,41.81818182,-2.034560253,-1.641907171,4.664285714,230.435,3.494698993,237.424398,223.445602,2914721
ADBL,4/16/2024,225.1,226,223,223.6,-0.62%,9690,2174354.7,-0.006222222,-0.006241661,225.84,229.94,227.3331122,229.5689075,52.23880597,-2.235795323,-1.760684801,4.542857143,229.94,3.73086698,237.401734,222.478266,2905031
ADBL,4/18/2024,225,225,223,223.4,-0.09%,8650,1934318.2,-0.000894454,-0.000894855,225.02,229.36,226.728018,229.1119514,52.94117647,-2.383933393,-1.88533452,4.414285714,229.36,3.803793121,236.9675862,221.7524138,2896381
ADBL,4/21/2024,227.8,234,225,233,4.30%,50829,11649302.1,0.042972247,0.042074567,226.22,229.26,227.6929383,229.399955,54.92957746,-1.707016686,-1.849670953,4.75,229.26,3.671712636,236.6034253,221.9165747,2947210
ADBL,4/22/2024,234,235,229,229.4,-1.55%,20603,4769306.5,-0.015450644,-0.015571249,226.88,229.01,227.9555632,229.3999583,60.81081081,-1.444395144,-1.768615791,4.728571429,229.01,3.467882715,235.9457654,222.0742346,2926607
ADBL,4/24/2024,230,231.9,228.1,229.5,0.04%,18242,4195411.4,0.00043592,0.000435825,227.78,228.76,228.1931688,229.4073688,56.41025641,-1.214199974,-1.657732628,4.671428571,228.76,3.222846078,235.2056922,222.3143078,2944849
ADBL,4/25/2024,229,232.9,227.5,230,0.22%,13249,3043740.4,0.002178649,0.002176279,229.06,228.51,228.4711429,229.4512674,56.41025641,-0.980124557,-1.522211014,4.7,228.51,2.890073756,234.2901475,222.7298525,2958098
ADBL,4/28/2024,228.1,250.9,226.1,235.5,2.39%,30349,6992774.2,0.023913043,0.023631605,231.48,228.61,229.5525055,229.8993217,60.46511628,-0.346816186,-1.287132048,5.957142857,228.61,3.098879254,234.8077585,222.4122415,2988447
ADBL,4/29/2024,240.2,240.2,232,236.2,0.30%,25653,6064420.6,0.002972399,0.00296799,232.12,228.745,230.575197,230.3660386,53.84615385,0.209158363,-0.987873966,6.257142857,228.745,3.370065594,235.4851312,222.0048688,3014100
ADBL,4/30/2024,240.9,240.9,235,240,1.61%,35982,8592327.4,0.016088061,0.01596002,234.24,229.24,232.0251667,231.0796654,56.32183908,0.94550129,-0.601198915,6.392857143,229.24,4.203557391,237.6471148,220.8328852,3050082
ADBL,5/2/2024,244.8,244.8,238,241,0.42%,68990,16586807.2,0.004166667,0.00415801,236.54,229.79,233.4059103,231.814505,52.68817204,1.591405278,-0.162678076,6.6,229.79,4.959828095,239.7096562,219.8703438,3119072
ADBL,5/5/2024,238,240,234.5,239,-0.83%,22003,5207394.7,-0.008298755,-0.008333382,238.34,230.32,234.2665394,232.3467639,47.61904762,1.919775579,0.253812655,6.778571429,230.32,5.354152348,241.0283047,219.6116953,3097069
ADBL,5/6/2024,239.8,240,235,235.5,-1.46%,22081,5213374.2,-0.014644351,-0.014752638,238.34,230.695,234.4563026,232.5803369,47.61904762,1.875965695,0.578243263,6.892857143,230.695,5.444985622,241.5849712,219.8050288,3074988
ADBL,5/7/2024,235.1,237.9,235,237.1,0.68%,20390,4815076.2,0.006794055,0.00677108,238.52,231.15,234.8630253,232.9151268,51.28205128,1.947898512,0.852174313,6.742857143,231.15,5.586308451,242.3226169,219.9773831,3095378
ADBL,5/8/2024,236.5,236.8,228,233,-1.73%,7893,1845944.2,-0.017292282,-0.01744354,237.12,231.3,234.576406,232.9214137,47.61904762,1.654992332,1.012737917,7.142857143,231.3,5.594075814,242.4881516,220.1118484,3087485
ADBL,5/9/2024,236.8,241.5,233.1,239,2.58%,37949,9016046,0.025751073,0.025425098,236.72,231.94,235.2569589,233.3716793,41.33333333,1.8852796,1.187246253,7.535714286,231.94,5.71087605,243.3617521,220.5182479,3125434
ADBL,5/12/2024,243.7,243.7,234.4,239,0.00%,14870,3514468.3,0,0,236.72,232.49,235.8328114,233.788592,40.54054054,2.04421943,1.358640889,8.057142857,232.49,5.839691773,244.1693835,220.8106165,3125434
ADBL,5/13/2024,243.7,246,235,245,2.51%,51018,12398418.2,0.025104603,0.024794659,238.62,233.365,237.2431481,234.6190666,33.78378378,2.624081468,1.611729004,8.085714286,233.365,6.342112798,246.0492256,220.6807744,3176452
ADBL,5/14/2024,249.9,249.9,242.5,245,0.00%,13509,3314731.6,0,0,240.2,234.265,238.4365099,235.3880247,26.76056338,3.048485271,1.899080258,8.185714286,234.265,6.660510096,247.5860202,220.9439798,3176452
ADBL,5/15/2024,241.1,247,240.1,244,-0.41%,24472,5958962.5,-0.004081633,-0.004089985,242.4,235.16,239.2924315,236.0259488,30.88235294,3.26648272,2.17256075,8.407142857,235.16,6.708078398,248.5761568,221.7438432,3151980
ADBL,5/16/2024,248.8,248.8,239,241.1,-1.19%,24081,5854379.7,-0.011885246,-0.01195644,242.82,235.965,239.570519,236.4018044,30.88235294,3.168714537,2.371791508,8.721428571,235.965,6.382812035,248.7306241,223.1993759,3127899
ADBL,5/19/2024,245.9,260.1,242,254,5.35%,67790,16906481.8,0.05350477,0.052122482,245.82,237.485,241.7904391,237.7053745,15,4.085064655,2.714446137,8.307142857,237.485,6.883334183,251.2516684,223.7183316,3195689
ADBL,5/20/2024,259,265.1,254,261.1,2.80%,147012,38457283.5,0.027952756,0.027569209,249.04,239.37,244.7611408,239.4383097,17.30769231,5.322831104,3.236123131,8.514285714,239.37,7.908829177,255.1876584,223.5523416,3342701
ADBL,5/21/2024,266.3,266.3,260.1,261.5,0.15%,38353,10041766.6,0.00153198,0.001530808,252.34,240.795,247.3363499,241.072509,23.25581395,6.263840931,3.841666691,8.535714286,240.795,9.167992089,259.1309842,222.4590158,3381054
ADBL,5/22/2024,258,287.6,258,280,7.07%,168134,45697872.8,0.070745698,0.06835532,259.54,243.325,252.3615268,243.9560268,27.77777778,8.405500016,4.754433356,10.16428571,243.325,12.30352431,267.9320486,218.7179514,3549188
ADBL,5/26/2024,285,285.6,276,277.5,-0.89%,93070,26082482.6,-0.008928571,-0.00896867,266.82,245.725,256.2289842,246.4407656,25.71428571,9.788218672,5.761190419,10.38571429,245.725,14.02583612,273.7766722,217.6733278,3456118
ADBL,5/27/2024,277.5,280,272,277,-0.18%,63787,17497028.4,-0.001801802,-0.001803427,271.42,248.075,259.4245251,248.7044126,22.85714286,10.72011256,6.752974848,10.6,248.075,15.1451877,278.3653754,217.7846246,3392331
ADBL,5/29/2024,282.5,292.9,267,270,-2.53%,55763,15262204.4,-0.025270758,-0.025595547,273.2,249.8,261.0515213,250.2818635,25,10.76965778,7.556311433,12.24285714,249.8,15.59557967,280.9911593,218.6088407,3336568
ADBL,5/30/2024,267,267.3,260,261,-3.33%,30737,8058622.4,-0.033333333,-0.033901552,273.1,251.04,261.0435949,251.0757995,42.85714286,9.967795389,8.038608224,12.30714286,251.04,15.44250457,281.9250091,220.1549909,3305831
ADBL,6/2/2024,264.9,265.6,258.1,265,1.53%,36533,9581141.9,0.01532567,0.015209419,270.1,252.29,261.6522726,252.1072218,40.74074074,9.545050837,8.339896747,12.23571429,252.29,15.51348819,283.3169764,221.2630236,3342364
ADBL,6/3/2024,270.3,270.3,261.2,262,-1.13%,26425,6961479.2,-0.011320755,-0.011385322,267,253.34,261.7057691,252.8400202,33.33333333,8.86574897,8.445067192,12.22142857,253.34,15.419516,284.179032,222.500968,3315939
ADBL,6/4/2024,267.2,267.2,258,266.9,1.87%,39795,10462244.8,0.01870229,0.018529553,264.98,254.735,262.5048816,253.8815002,37.93103448,8.623381423,8.480730038,12.09285714,254.735,15.31560178,285.3662036,224.1037964,3355734
ADBL,6/5/2024,272.2,272.2,262.4,264,-1.09%,16572,4373892.2,-0.010865493,-0.010924953,263.78,256.16,262.7348998,254.6310187,40.74074074,8.103881134,8.405360257,12.26428571,256.16,14.74703895,285.6540779,226.6659221,3339162
ADBL,6/6/2024,268.5,268.5,260,261.9,-0.80%,23243,6060520.5,-0.007954545,-0.007986352,263.96,257.4,262.6064537,255.1694617,42.85714286,7.43699195,8.211686596,12.37857143,257.4,14.08795678,285.5759136,229.2240864,3315919
ADBL,6/9/2024,267.1,267.1,255,255,-2.63%,30419,7820682.6,-0.026345934,-0.026699206,261.96,258.5,261.43623,255.156909,36.36363636,6.279321028,7.825213482,12.54285714,258.5,12.89051059,284.2810212,232.7189788,3285500
ADBL,6/10/2024,260.1,260.1,249.9,254,-0.39%,38941,9767907.9,-0.003921569,-0.003929278,260.36,259.25,260.2921946,255.071212,37.5,5.220982601,7.304367306,11.91428571,259.25,12.10891364,283.4678273,235.0321727,3246559
ADBL,6/11/2024,259,261,254,259,1.97%,26904,6911805.4,0.019685039,0.019493795,258.78,260.25,260.0933955,255.3622334,30.76923077,4.731162095,6.789726264,11.62142857,260.25,11.13526877,282.5205375,237.9794625,3273463
ADBL,6/12/2024,263,282.9,259.6,269,3.86%,35200,9303155.4,0.038610039,0.037883318,259.78,261.45,261.4636423,256.3724383,35.71428571,5.091204011,6.450021813,12.88571429,261.45,10.68961621,282.8292324,240.0707676,3308663
ADBL,6/13/2024,269,269,264.6,266,-1.12%,17533,4657802.5,-0.011152416,-0.011215071,260.6,262.5,262.1615435,257.085591,34.09090909,5.075952475,6.175207945,11.08571429,262.5,9.997736586,282.4954732,242.5045268,3291130
ADBL,6/16/2024,270,270,261.2,268,0.75%,33067,8772513.7,0.007518797,0.007490672,263.2,263.7,263.0597676,257.8940658,27.65957447,5.165701813,5.973306719,11.02857143,263.7,9.056373156,281.8127463,245.5872537,3324197
ADBL,6/18/2024,267.9,267.9,261.5,261.5,-2.43%,19809,5224418.5,-0.024253731,-0.024552697,264.7,264.72,262.8198033,258.161172,25.49019608,4.65863133,5.710371641,10.92142857,264.72,7.368539097,279.4570782,249.9829218,3304388
ADBL,6/19/2024,266.7,266.7,261.1,263,0.57%,8129,2129622.1,0.005736138,0.005719749,265.5,265.17,262.8475259,258.5196037,38.33333333,4.327922191,5.433881751,9.471428571,265.17,6.94187143,279.0537429,251.2862571,3312517
ADBL,6/20/2024,258,265,258,261,-0.76%,14554,3791134,-0.007604563,-0.007633625,263.9,265.165,262.5632911,258.7033368,33.92857143,3.859954378,5.119096276,9.257142857,265.165,6.944992516,279.054985,251.275015,3297963
ADBL,6/23/2024,258.1,287.1,258,260,-0.38%,22427,5847220.4,-0.003831418,-0.003838776,262.7,265.09,262.1689387,258.7993859,36.20689655,3.369552766,4.769187574,10.8,265.09,6.994576847,279.0791537,251.1008463,3275536
ADBL,6/24/2024,265.2,286,257.1,265,1.92%,41247,10856480.7,0.019230769,0.019048195,262.1,264.34,262.6044866,259.2586906,44.64285714,3.345795916,4.484509243,12.21428571,264.34,6.052437525,276.4448751,252.2351249,3316783
ADBL,6/25/2024,266,267,261,262.5,-0.94%,22605,5952486.8,-0.009433962,-0.009478744,262.3,263.59,262.5884117,259.4987876,47.36842105,3.089624071,4.205532208,11.98571429,263.59,5.206059223,274.0021184,253.1778816,3294178
ADBL,6/26/2024,260.1,264,260,263,0.19%,7484,1963148.1,0.001904762,0.00190295,262.3,262.89,262.651733,259.7581367,48.21428571,2.893596283,3.943145023,11.57142857,262.89,4.140162722,271.1703254,254.6096746,3301662
ADBL,6/27/2024,260.1,265,260,261,-0.76%,28727,7479023.3,-0.007604563,-0.007633625,262.3,262.44,262.3976202,259.8501266,45.28301887,2.547493643,3.664014747,11.32142857,262.44,3.801993937,270.0439879,254.8360121,3272935
ADBL,6/30/2024,262,262.9,257.3,259,-0.77%,17310,4482561.4,-0.007662835,-0.007692346,262.1,262.34,261.8749094,259.7871542,50,2.087755179,3.348762834,10.85714286,262.34,3.867598194,270.0751964,254.6048036,3255625
ADBL,7/1/2024,256,268,256,267.5,3.28%,62619,16596784.8,0.032818533,0.032291505,262.6,262.465,262.740308,260.3584761,53.33333333,2.381831823,3.155376631,10.98571429,262.465,3.996350309,270.4577006,254.4722994,3318244
ADBL,7/2/2024,272.8,286.6,268.4,272,1.68%,87848,23953893.4,0.01682243,0.0166825,264.5,262.965,264.164876,261.2208112,55.81395349,2.944064727,3.113114251,11.85,262.965,4.52563168,272.0162634,253.9137366,3406092
ADBL,7/3/2024,272,274.9,262,271,-0.37%,41796,11197687.8,-0.003676471,-0.003683245,266.1,263.17,265.2164335,261.9451956,56.81818182,3.271237918,3.144738984,11.06428571,263.17,4.797927184,272.7658544,253.5741456,3364296
ADBL,7/4/2024,270,275,267.1,272.9,0.70%,86098,23340200.9,0.00701107,0.006986607,268.48,263.615,266.3985207,262.7566626,62.5,3.641858077,3.244162803,11.31428571,263.615,5.26860363,274.1522073,253.0777927,3450394
ADBL,7/7/2024,271,283,271,281.1,3.00%,106759,29570800.6,0.030047636,0.02960505,272.9,264.575,268.6602867,264.1154283,71.42857143,4.544858394,3.504301921,11.54285714,264.575,6.536365882,277.6477318,251.5022682,3557153
ADBL,7/8/2024,282,286.4,279.4,280.5,-0.21%,49865,14044240.7,-0.002134472,-0.002136753,275.5,265.85,270.4817811,265.3291003,62.5,5.15268077,3.833977691,11.57857143,265.85,7.038129237,279.9262585,251.7737415,3507288
ADBL,7/9/2024,286.1,287.5,278,285.2,1.68%,274360,78261794.4,0.016755793,0.016616964,278.14,267.41,272.7461224,266.8010188,32.60869565,5.945103647,4.256202882,11.85714286,267.41,7.699958988,282.809918,252.010082,3781648
ADBL,7/10/2024,283,288,282,286.5,0.46%,42559,12128099.3,0.004558205,0.004547848,281.24,268.785,274.8621036,268.2602026,56.33802817,6.601901017,4.725342509,11.78571429,268.785,8.529779105,285.8445582,251.7254418,3824207
ADBL,7/11/2024,288.1,291.8,286,291,1.57%,139159,40177460.2,0.015706806,0.015584731,284.86,269.885,277.3448569,269.944632,57.53424658,7.400224871,5.260318981,10.12142857,269.885,9.871931235,289.6288625,250.1411375,3963366
ADBL,7/14/2024,296.8,308,294,298.5,2.58%,113142,33735563.7,0.025773196,0.025446666,288.34,271.51,280.5994943,272.0598445,51.35135135,8.539649829,5.916185151,9.271428571,271.51,11.70370612,294.9174122,248.1025878,4076508
ADBL,7/15/2024,304.4,308,290.2,294,-1.51%,115912,34259252.8,-0.015075377,-0.015190165,291.04,272.81,282.6611106,273.6850412,53.84615385,8.976069385,6.528161998,10.11428571,272.81,12.69529129,298.2005826,247.4194174,3960596
ADBL,7/16/2024,299,320,288.8,310,5.44%,270358,80587886.3,0.054421769,0.05299253,296,275.235,286.8670935,276.3750381,56.09756098,10.49205543,7.320940683,12.05714286,275.235,14.86749457,304.9699891,245.5000109,4230954
ADBL,7/17/2024,316.2,316.2,305,314,1.29%,147540,45815225.8,0.012903226,0.012820688,301.5,277.785,291.0413868,279.1620723,57.14285714,11.87931451,8.232615449,12.5,277.785,16.89407479,311.5731496,243.9968504,4378494
ADBL,7/18/2024,314.1,340,309,331.8,5.67%,213901,69657317.3,0.056687898,0.055139392,309.66,281.325,297.3119427,283.0611781,54.54545455,14.25076463,9.436245285,14.31428571,281.325,20.27188551,321.868771,240.781229,4592395
ADBL,7/21/2024,332,340,321.6,335,0.96%,304300,101808123.4,0.009644364,0.009598154,316.96,285.075,303.1101054,286.9084982,54.54545455,16.20160715,10.78931766,14.77142857,285.075,22.88764031,330.8502806,239.2997194,4896695
ADBL,7/22/2024,335,335,323.4,330,-1.49%,151988,50039806.4,-0.014925373,-0.015037877,324.16,288.325,307.2470122,290.1004613,58.33333333,17.14655092,12.06076431,14.23571429,288.325,24.44869763,337.2223953,239.4276047,4744707
ADBL,7/23/2024,330,350,324,343.5,4.09%,237532,80016071.5,0.040909091,0.040094457,330.86,292.375,312.824395,294.0559827,58.33333333,18.76841227,13.4022939,15.17142857,292.375,26.56307043,345.5011409,239.2488591,4982239
ADBL,7/24/2024,343,347,337.2,341.5,-0.58%,194863,66541531.3,-0.005822416,-0.005839433,336.36,296.3,317.2360265,297.5703544,54.44444444,19.66567216,14.65496955,15.30714286,296.3,27.76650766,351.8330153,240.7669847,4787376
ADBL,7/25/2024,337.5,354,337,352,3.07%,222739,77525495.9,0.030746706,0.030283497,340.4,300.85,322.5843301,301.60218,53.84615385,20.98215017,15.92040567,15.66428571,300.85,29.10141071,359.0528214,242.6471786,5010115
ADBL,7/28/2024,359,387.2,359,387.2,10.00%,671424,255583871.9,0.1,0.09531018,350.84,307.26,332.5252024,307.9427592,55.68181818,24.58244319,17.65281318,17.67857143,307.26,33.22498109,373.7099622,240.8100378,5681539
ADBL,7/29/2024,394.9,400,374,377,-2.63%,296529,113744206.1,-0.026342975,-0.026696168,360.24,312.735,339.367479,313.0581104,66.21621622,26.30936858,19.38412426,18.85714286,312.735,35.28633663,383.3076733,242.1623267,5385010
ADBL,7/30/2024,384.5,384.5,362,377,0.00%,230971,85649042,0,0,366.94,317.985,345.1570976,317.7945467,42.10526316,27.36255093,20.97980959,20.03571429,317.985,36.68987061,391.3647412,244.6052588,5385010
ADBL,7/31/2024,373,384.9,370.1,376.4,-0.16%,287817,109362943.2,-0.001591512,-0.00159278,373.92,323.255,349.963698,322.1356914,34.61538462,27.82800661,22.34944899,20.67857143,323.255,37.15263644,397.5602729,248.9497271,5097193
ADBL,8/1/2024,383,383,369.5,369.8,-1.75%,302530,112890009.8,-0.017534538,-0.017690089,377.48,328.1,353.0154367,325.6663809,49.12280702,27.34905585,23.34937037,20.42857143,328.1,36.55376718,401.2075344,254.9924656,4794663
ADBL,8/5/2024,377.1,400,377.1,386,4.38%,622697,241206158.6,0.043807463,0.042875051,377.24,333.345,358.0899849,330.1355379,47.27272727,27.95444708,24.27038571,21.31428571,333.345,36.97836458,407.3017292,259.3882708,5417360
ADBL,8/6/2024,393,393,372,372.1,-3.60%,338449,129531986.7,-0.036010363,-0.036674734,376.26,337.925,360.2453719,333.2440165,37.93103448,27.00135533,24.81657963,20.58571429,337.925,35.74059869,409.4061974,266.4438026,5078911
ADBL,8/7/2024,372.1,380.4,367,378,1.59%,181152,68040499.9,0.015855953,0.01573156,376.46,342.565,362.9768531,336.5592746,27.77777778,26.41757855,25.13677942,20.74285714,342.565,34.53899817,411.6429963,273.4870037,5260063
ADBL,8/8/2024,380,384.9,375,375.1,-0.77%,134799,50962171.5,-0.007671958,-0.007701539,376.2,346.995,364.8419526,339.4141431,35.13513514,25.42780952,25.19498544,19.23571429,346.995,32.59694004,412.1888801,281.8011199,5125264
ADBL,8/11/2024,379,384.9,376,383.9,2.35%,303869,115793416.4,0.023460411,0.023189445,379.02,351.64,367.7739599,342.7093918,51.02040816,25.06456815,25.16890198,18.62142857,351.64,30.76538383,413.1707677,290.1092323,5429133
ADBL,8/12/2024,383.9,392.5,383.1,392,2.11%,283100,110126483.8,0.021099245,0.020879738,380.22,356.315,371.501043,346.3605479,49,25.14049507,25.1632206,18.46428571,356.315,29.33618701,414.987374,297.642626,5712233
ADBL,8/13/2024,394,405,393,400,2.04%,357409,142668050.9,0.020408163,0.020202707,385.8,361.615,375.8854979,350.3338407,49,25.55165725,25.24090793,17.53571429,361.615,26.96493386,415.5448677,307.6851323,6069642
ADBL,8/14/2024,402,406,396,402.1,0.53%,259891,104298550.2,0.00525,0.005236267,390.62,366.22,379.9184983,354.168371,51.57894737,25.75012725,25.34275179,17.55,366.22,25.5114546,417.2429092,315.1970908,6329533
ADBL,8/15/2024,405,423.1,400,419,4.20%,511952,213614740.5,0.042029346,0.041170106,399.4,371.47,385.931037,358.9707139,51.04166667,26.96032309,25.66626605,17.98571429,371.47,24.99831784,421.4666357,321.4733643,6841485
ADBL,8/18/2024,427.3,428.4,407,410,-2.15%,573837,239581433,-0.021479714,-0.02171376,404.62,375.38,389.6339544,362.750661,55.05617978,26.88329336,25.90967151,17,375.38,24.57907968,424.5381594,326.2218406,6267648
ADBL,8/21/2024,412,417,406,414.9,1.20%,272796,112194875.1,0.01195122,0.011880368,409.2,379.375,393.5210383,366.613575,53.26086957,26.9074633,26.10922987,15.92857143,379.375,24.16018637,427.6953727,331.0546273,6540444
ADBL,8/22/2024,411,420.2,410.3,411,-0.94%,184187,76391676,-0.009399855,-0.009444313,411.4,383.425,396.2101093,369.9014583,60.22727273,26.308651,26.1491141,15.02857143,383.425,22.15350453,427.7320091,339.1179909,6356257
ADBL,8/25/2024,402.8,415,398.2,399,-2.92%,280315,112712398.5,-0.02919708,-0.029631798,410.78,386.2,396.6393233,372.0569059,62.63736264,24.58241742,25.83577476,15.17142857,386.2,20.28655246,426.7731049,345.6268951,6075942
ADBL,8/27/2024,397,397,379,382,-4.26%,316327,122150553.4,-0.042606516,-0.043540808,403.38,388.225,394.3871197,372.7934314,56.62650602,21.59368834,24.98735748,15.63571429,388.225,17.40670999,423.03842,353.41158,5759615
ADBL,8/28/2024,382,394.9,378,382.5,0.13%,173834,67225870.2,0.001308901,0.001308045,397.88,389.75,392.5583321,373.5124364,48.31460674,19.04589561,23.7990651,14.68571429,389.75,15.27104243,420.2920849,359.2079151,5933449
ADBL,8/29/2024,390,390,374,376.4,-1.59%,171319,64791396,-0.015947712,-0.016076246,390.18,389.21,390.0724348,373.72633,58.5106383,16.34610477,22.30847304,14.32857143,389.21,15.55428186,420.3185637,358.1014363,5762130
ADBL,9/1/2024,380,384.5,372.6,373,-0.90%,129467,48842445,-0.009032944,-0.009073988,382.58,389.01,387.4459064,373.6725278,73.86363636,13.77337857,20.60145414,14.22142857,389.01,15.74410165,420.4982033,357.5217967,5632663
ADBL,9/2/2024,373,387,371,385,3.22%,150424,57302444.7,0.032171582,0.031664915,379.78,389.41,387.0696131,374.5115998,76.28865979,12.55801326,18.99276597,14.65714286,389.41,15.52298466,420.4559693,358.3640307,5783087
ADBL,9/3/2024,390,392,379.2,385.2,0.05%,108022,41601901.1,0.000519481,0.000519346,380.42,389.85,386.7819803,375.3033332,70.12987013,11.47864713,17.4899422,14.87142857,389.85,15.25725022,420.3645004,359.3354996,5891109
ADBL,9/4/2024,392.9,392.9,375,376.8,-2.18%,136516,51779018.4,-0.021806854,-0.022048137,379.28,390.2,385.246291,375.4141974,66.66666667,9.832093645,15.95837249,15.47857143,390.2,14.84789547,419.8957909,360.5042091,5754593
ADBL,9/5/2024,378,378,368,373,-1.01%,96884,36058306.8,-0.010084926,-0.010136123,378.6,389.55,383.3622463,375.235368,64.93506494,8.126878307,14.39207365,15.26428571,389.55,15.31853023,420.1870605,358.9129395,5657709
ADBL,9/8/2024,378.4,378.4,370,373,0.00%,100624,37484875.1,0,0,378.6,389.595,381.7680545,375.0697851,63.29113924,6.698269386,12.8533128,15.15,389.595,15.26580199,420.126604,359.063396,5657709
ADBL,9/9/2024,368,374.5,362.6,362.6,-2.79%,86782,31794821.3,-0.027882038,-0.028278121,374.12,388.825,378.8191231,374.1460974,66.25,4.673025709,11.21725538,14.35,388.825,16.23880586,421.3026117,356.3473883,5570927
ADBL,9/10/2024,364,368.9,358.2,360,-0.72%,66020,23952823.8,-0.007170436,-0.007196267,369.08,388.07,375.9238734,373.0982383,68.96551724,2.82563507,9.538931319,13.58571429,388.07,17.23121708,422.5324342,353.6075658,5504907
ADBL,9/11/2024,365.2,365.2,350,356,-1.11%,88445,31608632.1,-0.011111111,-0.011173301,364.92,386.675,372.8586621,371.8317021,74.11764706,1.026959954,7.836537046,13.88571429,386.675,18.6569551,423.9889102,349.3610898,5416462
ADBL,9/12/2024,363.1,366.4,352,365,2.53%,61295,22062319,0.025280899,0.024966623,363.32,385.325,371.6496371,371.3256501,74.11764706,0.323987028,6.334027042,14.20714286,385.325,19.21972329,423.7644466,346.8855534,5477757
ADBL,9/15/2024,371,372.3,359.1,360,-1.37%,90671,33196564.2,-0.01369863,-0.013793322,360.72,383.325,369.8573853,370.4867131,70.23809524,-0.629327794,4.941356075,13.95,383.325,19.68777005,422.7005401,343.9494599,5387086
ADBL,9/16/2024,360,360,349,349.1,-3.03%,67066,23670900.5,-0.030277778,-0.030745617,358.02,380.675,366.6639414,368.9025121,70.23809524,-2.238570714,3.505370717,13.30714286,380.675,20.57458511,421.8241702,339.5258298,5320020
ADBL,9/18/2024,350,357.9,346,353.1,1.15%,86056,30412765,0.011458035,0.011392889,356.64,377.38,364.5771812,367.7319556,77.63157895,-3.154774475,2.173341679,12.95,377.38,19.35457514,416.0891503,338.6708497,5406076
ADBL,9/22/2024,360.1,365,355.5,355.6,0.71%,61970,22226710.5,0.007080147,0.007055201,356.56,374.66,363.1960764,366.8332923,75,-3.63721589,1.011230165,12.65714286,374.66,18.32416868,411.3083374,338.0116626,5468046
ADBL,9/23/2024,362.7,362.7,352,354,-0.45%,59299,21128620.4,-0.004499438,-0.004509591,354.36,371.615,361.7812954,365.882678,71.18644068,-4.101382629,-0.011292394,12.57142857,371.615,16.22516807,404.0653361,339.1646639,5408747
ADBL,9/24/2024,354,359,350.1,351.2,-0.79%,83688,29547922.3,-0.007909605,-0.007941051,352.6,368.625,360.1534038,364.7950722,63.04347826,-4.641668448,-0.937367605,12.06428571,368.625,13.93340836,396.4918167,340.7581833,5325059
ADBL,9/25/2024,351,359.9,348.9,359,2.22%,78883,27964765.1,0.022209567,0.021966527,354.58,366.625,359.9759571,364.3658076,52.08333333,-4.389850575,-1.627864199,11.93571429,366.625,12.09318534,390.8113707,342.4386293,5403942
ADBL,9/26/2024,359,365,355,357,-0.56%,34594,12391495.7,-0.005571031,-0.005586607,355.36,365.375,359.5181175,363.8201923,59.52380952,-4.302074742,-2.162706307,11.37142857,365.375,11.70617808,388.7873562,341.9626438,5369348
ADBL,9/29/2024,357,357,350,352.3,-1.32%,35272,12434920.1,-0.013165266,-0.013252696,354.7,363.865,358.4076379,362.9668447,63.04347826,-4.559206785,-2.642006403,11.15714286,363.865,11.32241721,386.5098344,341.2201656,5334076
ADBL,9/30/2024,350,358,350,357.5,1.48%,36555,13010791.5,0.014760148,0.014652277,355.4,362.92,358.2680013,362.5618932,60.41666667,-4.293891926,-2.972383508,11.12857143,362.92,11.00543406,384.9308681,340.9091319,5370631
ADBL,10/1/2024,357,372,357,370.1,3.52%,87013,32006134.4,0.035244755,0.034637877,359.18,362.775,360.0883088,363.1202715,54.16666667,-3.031962713,-2.984299349,11.35,362.775,10.88407214,384.5431443,341.0068557,5457644
ADBL,10/2/2024,370.1,377,359,369,-0.30%,79249,29332657.8,-0.00297217,-0.002976595,361.18,361.975,361.4593382,363.5558069,53.19148936,-2.09646874,-2.806733227,11.87142857,361.975,9.686663376,381.3483268,342.6016732,5378395
ADBL,10/6/2024,369,378,367,378,2.44%,89543,33569771.2,0.024390244,0.024097552,365.38,361.615,364.0040554,364.6257472,50,-0.621691767,-2.369724935,11.57142857,361.615,8.878138437,379.3712769,343.8587231,5467938
ADBL,10/7/2024,378,385,378,382,1.06%,72876,27796217.9,0.010582011,0.010526413,371.32,361.875,366.7726623,365.9127289,46.34146341,0.859933403,-1.723793268,11.04285714,361.875,9.40665358,380.6883072,343.0616928,5540814
ADBL,10/8/2024,387,387,378,381.4,-0.16%,55126,21053876.7,-0.001570681,-0.001571915,376.1,362.295,369.0230219,367.0599341,52.5,1.963087785,-0.986417057,10.74285714,362.295,10.0920748,382.4791496,342.1108504,5485688
ADBL,10/9/2024,378,384,376,383.5,0.55%,52289,19865539.8,0.00550603,0.005490928,378.78,362.82,371.2502493,368.2777168,61.36363636,2.972532525,-0.194627141,10.52857143,362.82,10.91761493,384.6552299,340.9847701,5537977
ADBL,10/15/2024,383.5,389,381,387.5,1.04%,51430,19810485.3,0.010430248,0.010376228,382.48,364.065,373.750211,369.7015896,65.90909091,4.048621339,0.654022555,10.25,364.065,12.23185122,388.5287024,339.6012976,5589407
ADBL,10/16/2024,388,396,388,395.4,2.04%,88954,35037706.5,0.020387097,0.020182062,385.96,365.835,377.0809477,371.6051756,62.5,5.47577216,1.618372476,10.00714286,365.835,14.04025322,393.9155064,337.7544936,5678361
ADBL,10/17/2024,400,400,392.3,394,-0.35%,84201,33256727.1,-0.003540718,-0.003547001,388.36,367.735,379.6838789,373.2640515,60,6.419827395,2.57866346,9.792857143,367.735,15.16537868,398.0657574,337.4042426,5594160
ADBL,10/20/2024,390,394.9,380,386.6,-1.88%,112813,43954547.9,-0.018781726,-0.018960343,389.4,368.815,380.7478975,374.2518995,64.44444444,6.495997993,3.362130367,10.22142857,368.815,15.71935699,400.253714,337.376286,5481347
ADBL,10/21/2024,381.1,385.9,377.5,377.6,-2.33%,85200,32426996.9,-0.023279876,-0.023555133,388.22,369.695,380.2636056,374.4999069,74.35897436,5.763698627,3.842444019,10.08571429,369.695,15.69252169,401.0800434,338.3099566,5396147
ADBL,10/22/2024,375.5,382,374.2,378.1,0.13%,53921,20337142.8,0.001324153,0.001323277,386.34,371.145,379.9307432,374.7665805,77.5,5.164162672,4.106787749,9.928571429,371.145,15.01453594,401.1740719,341.1159281,5450068
ADBL,10/23/2024,378.1,384,365,367,-2.94%,135310,50127693.2,-0.029357313,-0.029796863,380.66,371.84,377.9413981,374.1912782,76.92307692,3.750119827,4.035454165,10.78571429,371.84,14.44624883,400.7324977,342.9475023,5314758
ADBL,10/24/2024,373,373,352.8,361.1,-1.61%,118792,42683503.8,-0.016076294,-0.01620692,374.08,372.115,375.3504138,373.2215539,88.23529412,2.128859823,3.654135297,11.65714286,372.115,14.17055045,400.4561009,343.7738991,5195966
ADBL,10/27/2024,354.8,365,354.8,358.9,-0.61%,43996,15803994.9,-0.006092495,-0.00611113,368.54,372.36,372.8195809,372.1606981,93.75,0.658882785,3.055084794,11.31428571,372.36,13.88025481,400.1205096,344.5994904,5151970
ADBL,10/28/2024,354.1,366,354.1,366,1.98%,44073,15958086.9,0.019782669,0.019589535,366.22,373.1,371.7704146,371.7043501,93.5483871,0.066064504,2.457280736,10.87857143,373.1,13.06324696,399.2264939,346.9735061,5196043
ADBL,10/29/2024,367,373.3,366,371,1.37%,63203,23360199.4,0.013661202,0.013568729,364.8,373.7,371.6518893,371.652176,93.5483871,-0.000286736,1.965767242,10.61428571,373.7,12.65060847,399.0012169,348.3987831,5259246
ADBL,10/30/2024,377,377,370,371.5,0.13%,33749,12577446.7,0.001347709,0.001346802,365.7,374.425,371.6285217,371.6409037,93.75,-0.012382019,1.57013739,10.61428571,374.425,12.04412392,398.5132478,350.3367522,5292995
ADBL,11/5/2024,371,376,366.2,366.5,-1.35%,31483,11626714.3,-0.01345895,-0.013550343,366.78,375.135,370.8395183,371.260096,90.32258065,-0.420577673,1.171994377,10.67142857,375.135,11.04861387,397.2322277,353.0377723,5261512
ADBL,11/6/2024,369.5,369.5,363.1,366.1,-0.11%,32031,11716757.3,-0.001091405,-0.001092001,368.22,375.565,370.1103617,370.8778667,88.88888889,-0.767505007,0.7840945,10.55714286,375.565,10.47881447,396.5226289,354.6073711,5229481
ADBL,11/10/2024,373.4,373.4,363,369.9,1.04%,58328,21462792.6,0.010379678,0.010326179,369,375.555,370.0779983,370.8054321,84.61538462,-0.727433772,0.481788846,10.72857143,375.555,10.48439818,396.5237964,354.5862036,5287809
ADBL,11/11/2024,369,375.9,369,370,0.03%,71670,26728029.5,0.000270343,0.000270307,368.8,375.605,370.0659986,370.7457705,85.18518519,-0.679771879,0.249476701,10.61428571,375.605,10.45383209,396.5126642,354.6973358,5359479
ADBL,11/12/2024,377,377,369,369,-0.27%,62383,23141590.5,-0.002702703,-0.002706362,368.3,375.155,369.9019988,370.6164541,88.46153846,-0.714455332,0.056690294,10.63571429,375.155,10.53867439,396.2323488,354.0776512,5297096
ADBL,11/13/2024,375,375,364,367.2,-0.49%,34318,12612880.7,-0.004878049,-0.004889985,368.44,374.415,369.4863067,370.3633835,84.21052632,-0.877076779,-0.13006312,10.35714286,374.415,10.55233948,395.519679,353.310321,5262778
ADBL,11/14/2024,367,371.4,365,365.1,-0.57%,46503,17077353.2,-0.005718954,-0.00573537,368.24,373.6,368.8114903,369.9735032,84.21052632,-1.162012936,-0.336453084,10.16428571,373.6,10.61374481,394.8274896,352.3725104,5216275
ADBL,11/17/2024,366,370.9,361,363,-0.58%,72913,26511770.1,-0.005751849,-0.005768454,366.86,372.575,367.9174148,369.4569474,77.77777778,-1.53953257,-0.577068981,10.31428571,372.575,10.59721289,393.7694258,351.3805742,5143362
ADBL,11/19/2024,360,365,359,359.1,-1.07%,65017,23467311.9,-0.010743802,-0.010801933,364.68,371.155,366.5608895,368.6897661,73.33333333,-2.128876641,-0.887430513,9.385714286,371.155,10.39283534,391.9406707,350.3693293,5078345
ADBL,11/20/2024,365,365,353,358.9,-0.06%,26760,9557312.8,-0.000556948,-0.000557103,362.66,369.33,365.3822911,367.9645983,73.33333333,-2.582307162,-1.226405843,8.8,369.33,9.02616664,387.3823333,351.2776667,5051585
ADBL,11/21/2024,357,359,352.7,353,-1.64%,55719,19742115.6,-0.01643912,-0.016575741,359.82,367.28,363.4773232,366.8561095,78.57142857,-3.378786264,-1.656881927,8.521428571,367.28,7.684475122,382.6489502,351.9110498,4995866
ADBL,11/24/2024,359,359,350,350,-0.85%,41256,14533107.2,-0.008498584,-0.008534902,356.8,365.45,361.4038889,365.6075088,70,-4.203619904,-2.166229522,8.314285714,365.45,7.183057552,379.8161151,351.0838849,4954610
ADBL,11/25/2024,357,357,350,351.9,0.54%,32139,11298876.7,0.005428571,0.00541389,354.58,364.165,359.9417521,364.5921378,53.84615385,-4.650385635,-2.663060745,8.292857143,364.165,7.193877148,378.5527543,349.7772457,4986749
ADBL,11/26/2024,358.9,358.9,351,356.8,1.39%,28610,10128807.8,0.01392441,0.013828356,354.12,363.1,359.4584057,364.0149424,53.84615385,-4.556536728,-3.041755942,8.357142857,363.1,6.572110131,376.2442203,349.9557797,5015359
ADBL,11/27/2024,358,358.4,356,358,0.34%,38927,13908128.5,0.003363229,0.003357586,353.94,362.65,359.2340356,363.5693911,50,-4.335355542,-3.300475862,7.828571429,362.65,6.599082871,375.8481657,349.4518343,5054286
ADBL,11/28/2024,358,361,356,360,0.56%,42328,15176775.5,0.005586592,0.005571045,355.34,362.595,359.3518762,363.3049918,33.33333333,-3.953115517,-3.431003793,7.728571429,362.595,6.617240242,375.8294805,349.3605195,5096614
ADBL,12/1/2024,367.2,367.2,350,355.6,-1.22%,43405,15422350.8,-0.012222222,-0.012297528,356.46,362.43,358.7746645,362.7342516,35.71428571,-3.959587117,-3.536720458,8.214285714,362.43,6.753954008,375.937908,348.922092,5053209
ADBL,12/2/2024,359.9,359.9,351.2,352.4,-0.90%,47343,16725839.3,-0.008998875,-0.00903961,356.56,361.75,357.7939469,361.9687515,26.66666667,-4.174804613,-3.664337289,8.342857143,361.75,7.053591843,375.8571837,347.6428163,5005866
ADBL,12/3/2024,354,354,350.2,351.6,-0.23%,33741,11881557.6,-0.002270148,-0.002272728,355.52,360.78,356.841032,361.2006958,35.29411765,-4.359663853,-3.803402602,8.042857143,360.78,7.048523548,374.8770471,346.6829529,4972125
ADBL,12/4/2024,358.6,358.6,350.5,352,0.11%,38930,13710860.5,0.001137656,0.00113701,354.32,359.805,356.0962578,360.5191628,45,-4.42290498,-3.927303077,7.835714286,359.805,6.833006197,373.4710124,346.1389876,5011055
ADBL,12/5/2024,350.2,352.1,348,349,-0.85%,35035,12267815.4,-0.008522727,-0.008559253,352.12,358.93,355.0045259,359.6658915,50,-4.661365635,-4.074115589,7.671428571,358.93,7.047664787,373.0253296,344.8346704,4976020
ADBL,12/8/2024,346.1,349,340,341.2,-2.23%,53335,18317019.6,-0.02234957,-0.022603107,349.24,357.685,352.8807527,358.2980477,56.52173913,-5.41729503,-4.342751477,7.607142857,357.685,7.866201852,373.4174037,341.9525963,4922685
ADBL,12/9/2024,341.6,345,336.7,339,-0.64%,32050,10878210.8,-0.006447831,-0.006468708,346.56,356.14,350.7452522,356.8685627,58.33333333,-6.123310424,-4.698863266,7.771428571,356.14,8.359828757,372.8596575,339.4203425,4890635
ADBL,12/10/2024,340,340,330,331,-2.36%,46578,15550207.2,-0.02359882,-0.023881732,342.44,354.19,347.7075211,354.9523728,56,-7.244851711,-5.208060955,7.628571429,354.19,9.435983758,373.0619675,335.3180325,4844057
ADBL,12/11/2024,330,336,323,336,1.51%,69547,22915794.5,0.01510574,0.014992785,339.24,352.54,345.906364,353.5484934,56,-7.642129338,-5.694874632,8.107142857,352.54,9.593879628,371.7277593,333.3522407,4913604
ADBL,12/12/2024,342.7,342.7,329,333,-0.89%,27811,9272861.5,-0.008928571,-0.00896867,336.04,350.83,343.9207696,352.0263828,56,-8.105613185,-6.177022343,8.442857143,350.83,9.886785439,370.6035709,331.0564291,4885793
ADBL,12/16/2024,333,333,320,321,-3.60%,72485,23480331.9,-0.036036036,-0.036701367,332,348.625,340.3944973,349.7281322,65.2173913,-9.333634852,-6.808344844,8.871428571,348.625,11.34663757,371.3182751,325.9317249,4813308
ADBL,12/17/2024,322,324.9,319.1,322,0.31%,38502,12430122.2,0.003115265,0.003110422,328.6,346.575,337.5645747,347.6741965,61.9047619,-10.1096218,-7.468600236,8.721428571,346.575,12.27830243,371.1316049,322.0183951,4851810
ADBL,12/18/2024,321,324.9,321,322.5,0.16%,27913,9012849.1,0.001552795,0.001551591,326.9,344.745,335.2469478,345.8094412,68.42105263,-10.56249338,-8.087378864,8.828571429,344.745,13.01846765,370.7819353,318.7080647,4879723
ADBL,12/19/2024,328.9,328.9,323.8,324,0.47%,99471,32378691.1,0.004651163,0.00464038,324.5,343,333.5166481,344.193927,76.47058824,-10.67727888,-8.605358867,8.928571429,343,13.35589757,369.7117951,316.2882049,4979194
ADBL,12/22/2024,317.6,326.4,317.6,323.2,-0.25%,30552,9872536,-0.002469136,-0.002472189,322.54,341.51,331.9294715,342.6388213,76.47058824,-10.70934981,-9.026157055,8.328571429,341.51,13.83522963,369.1804593,313.8395407,4948642
ADBL,12/23/2024,321,326,318,325,0.56%,34848,11232673.4,0.005569307,0.005553856,323.34,340.26,330.863399,341.3322419,86.66666667,-10.46884299,-9.314694242,8.278571429,340.26,14.15349687,368.5669937,311.9530063,4983490
ADBL,12/24/2024,327.4,329,322.1,326.9,0.58%,24396,7956093.7,0.005846154,0.005829131,324.32,339.01,330.2536453,340.263187,61.11111111,-10.00954172,-9.453663737,8.5,339.01,14.17532697,367.3606539,310.6593461,5007886
ADBL,12/26/2024,323.4,335,322,333.8,2.11%,53904,17759346.6,0.021107372,0.020887697,326.58,337.86,330.7992383,339.7844324,50,-8.98519409,-9.359969807,8.85,337.86,13.57642694,365.0128539,310.7071461,5061790
ADBL,12/29/2024,334.2,337,332,333.9,0.03%,105485,35314898.3,0.000299581,0.000299536,328.56,336.655,331.2762786,339.3485485,50,-8.072269948,-9.102429836,8.914285714,336.655,12.73844058,362.1318812,311.1781188,5167275
ADBL,12/31/2024,321.9,321.9,309.8,314,-3.14%,52420,16402482.9,-0.059598682,-0.061448561,326.72,334.355,328.6183896,337.4708783,50,-8.852488698,-9.052441608,9.992857143,334.355,12.45106104,359.2571221,309.4528779,5114855
ADBL,1/1/2025,314,315,307,307.1,-2.20%,33089,10242782,-0.021974522,-0.022219558,323.14,331.93,325.3078681,335.2211836,63.63636364,-9.913315483,-9.224616383,9.971428571,331.93,12.81327847,357.5565569,306.3034431,5081766
ADBL,1/2/2025,307,308,304,306,-0.36%,28790,8795851.9,-0.003581895,-0.003588325,318.96,329.61,322.3374268,333.0566515,66.66666667,-10.71922461,-9.523538028,9.542857143,329.61,13.10909287,355.8281857,303.3918143,5052976
ADBL,1/5/2025,310,310,300.1,302,-1.31%,31591,9548285.4,-0.013071895,-0.013158085,312.6,327.13,319.2085919,330.7561588,63.63636364,-11.54756681,-9.928343784,9.321428571,327.13,13.41809854,353.9661971,300.2938029,5021385
ADBL,1/6/2025,301,305,300,305,0.99%,33107,10004250.9,0.009933775,0.009884759,306.82,324.78,317.0226547,328.8482951,46.42857143,-11.82564042,-10.30780311,8.7,324.78,12.94041405,350.6608281,298.8991719,5054492
ADBL,1/7/2025,299,304.9,299,303,-0.66%,23953,7254800.9,-0.006557377,-0.006578971,304.62,322.48,314.8653232,326.9336066,50,-12.06828339,-10.65989917,8.2,322.48,12.48913633,347.4582727,297.5017273,5030539
ADBL,1/8/2025,309,309,300,302.1,-0.30%,27123,8216170.6,-0.002970297,-0.002974717,303.62,320.525,312.9014273,325.0940802,59.45945946,-12.19265285,-10.9664499,8.428571429,320.525,12.46480836,345.4546167,295.5953833,5003416
ADBL,1/9/2025,302,303.9,299.5,302.1,0.00%,47238,14199169.1,0,0,302.84,318.68,311.2396693,323.390815,55,-12.1511457,-11.20338906,8.464285714,318.68,12.31629644,343.3125929,294.0474071,5003416
ADBL,1/12/2025,305.5,305.5,296.3,296.3,-1.92%,23901,7116068.1,-0.019198941,-0.019385634,301.7,316.945,308.9412586,321.384088,53.65853659,-12.44282933,-11.45127712,8.664285714,316.945,12.91879394,342.7825879,291.1074121,4979515
ADBL,1/13/2025,297,297,290.5,293.9,-0.81%,38612,11284248.1,-0.008099899,-0.008132881,299.48,314.84,306.6272188,319.3482296,50,-12.72101075,-11.70522384,8.5,314.84,13.07944953,340.9988991,288.6811009,4940903
ADBL,1/15/2025,293,293,285,285.5,-2.86%,47411,13598084,-0.02858115,-0.028997544,295.98,312.465,303.3768775,316.8409533,42.30769231,-13.46407584,-12.05699424,8.564285714,312.465,13.89548488,340.2559698,284.6740302,4893492
ADBL,1/16/2025,285,286,280,283.8,-0.60%,46231,13046285.4,-0.005954466,-0.005972264,292.32,310.605,300.3650502,314.3934753,50,-14.02842513,-12.45128042,8.5,310.605,15.12796208,340.8609242,280.3490758,4847261
ADBL,1/19/2025,280,287,275.1,286.5,0.95%,41611,11706566.7,0.009513742,0.009468771,289.2,308.83,298.2319655,312.3272919,46.2962963,-14.09532641,-12.78008962,8.421428571,308.83,15.78880683,340.4076137,277.2523863,4888872
ADBL,1/20/2025,288.1,289.8,284,285,-0.52%,19577,5593474.5,-0.005235602,-0.005249356,286.94,306.955,296.1962785,310.3030481,44.23076923,-14.10676957,-13.04542561,8.478571429,306.955,16.29841694,339.5518339,274.3581661,4869295
ADBL,1/21/2025,285,285,280,281,-1.40%,29055,8184569.9,-0.014035088,-0.014134511,284.36,304.805,293.8583895,308.1324519,43.1372549,-14.27406242,-13.29115297,7.114285714,304.805,16.76118558,338.3273712,271.2826288,4840240
ADBL,1/22/2025,281,284.9,280.5,284,1.07%,36936,10429877.6,0.010676157,0.010619569,284.06,302.845,292.3417142,306.3448629,38.29787234,-14.0031487,-13.43355212,6.857142857,302.845,16.7888583,336.4227166,269.2672834,4877176
ADBL,1/23/2025,287.5,290,285,289,1.76%,40746,11768404.1,0.017605634,0.01745245,285.1,301.045,291.8276043,305.0600583,44.23076923,-13.23245392,-13.39333248,7,301.045,16.20833038,333.4616608,268.6283392,4917922
ADBL,1/26/2025,290,292.7,283.3,287.6,-0.48%,43687,12571731.8,-0.004844291,-0.004856062,285.32,299.08,291.1772037,303.7667206,50,-12.58951693,-13.23256937,6.964285714,299.08,15.26356515,329.6071303,268.5528697,4874235
ADBL,1/27/2025,287,287,283,283.5,-1.43%,23094,6572040.2,-0.014255911,-0.014358503,285.02,296.565,289.9960954,302.265482,46.66666667,-12.26938663,-13.03993282,6.935714286,296.565,13.25321312,323.0714262,270.0585738,4851141
ADBL,1/28/2025,285,287,281.1,286,0.88%,27911,7954617.2,0.008818342,0.008779688,286.02,294.17,289.3813115,301.0606315,39.0625,-11.67932002,-12.76781026,6.928571429,294.17,10.10550137,314.3810027,273.9589973,4879052
ADBL,2/2/2025,288,295,286,294.9,3.11%,53452,15597732.3,0.031118881,0.030644505,288.2,293.215,290.2303405,300.6042884,28.57142857,-10.37394794,-12.2890378,6.928571429,293.215,8.971784719,311.1585694,275.2714306,4932504
ADBL,2/3/2025,296,303.9,296,299,1.39%,49607,14874076.6,0.013903018,0.013807258,290.2,292.81,291.5795189,300.4854523,30,-8.905933376,-11.61241691,7.257142857,292.81,8.481428628,309.7728573,275.8471427,4982111
ADBL,2/4/2025,300,304.9,297,297,-0.67%,51668,15563801,-0.006688963,-0.006711435,292.08,292.36,292.4134391,300.2272706,30,-7.813831555,-10.85269984,7.164285714,292.36,7.967988586,308.2959772,276.4240228,4930443
ADBL,2/5/2025,296,299,295,297.2,0.07%,27079,8045263.8,0.000673401,0.000673174,294.82,292.12,293.149833,300.0030283,28.57142857,-6.853195296,-10.05279893,6.985714286,292.12,7.731112809,307.5822256,276.6577744,4957522
ADBL,2/6/2025,297,302,296.7,298,0.27%,39334,11756797,0.00269179,0.002688174,297.22,291.77,293.8960126,299.8546559,44.7761194,-5.958643295,-9.233967804,6.728571429,291.77,7.261513544,306.2930271,277.2469729,4996856
ADBL,2/9/2025,298,301,293.2,295,-1.01%,22682,6712938.7,-0.010067114,-0.01011813,297.24,291.37,294.0658568,299.4950517,53.16455696,-5.429194938,-8.473013231,6.857142857,291.37,6.817091524,305.004183,277.735817,4974174
ADBL,2/10/2025,293.5,296,293.1,295,0.00%,16601,4874477,0,0,296.44,291.015,294.2095711,299.1620849,61.44578313,-4.952513804,-7.768913346,6.214285714,291.015,6.401091601,303.8171832,278.2128168,4974174
ADBL,2/11/2025,295,295,290.1,291.8,-1.08%,13397,3910760.5,-0.010847458,-0.01090672,295.4,290.5,293.8388679,298.6167453,64.04494382,-4.777877431,-7.170706163,6.15,290.5,5.853204251,302.2064085,278.7935915,4960777
ADBL,2/12/2025,291,295,290.6,291.5,-0.10%,24571,7168466.7,-0.001028101,-0.00102863,294.26,290.26,293.4790421,298.089579,65.59139785,-4.610536939,-6.658672318,6.107142857,290.26,5.699252028,301.6585041,278.8614959,4936206
ADBL,2/13/2025,295.3,295.3,290.1,293.1,0.55%,21247,6206659.8,0.005488851,0.005473842,293.28,290.22,293.4207279,297.7199806,63.33333333,-4.299252658,-6.186788386,6.164285714,290.22,5.675116507,301.570233,278.869767,4957453
ADBL,2/16/2025,293,295,289.3,291.4,-0.58%,30069,8740886.8,-0.005800068,-0.005816954,292.56,290.515,293.1098467,297.2518338,62.06896552,-4.141987165,-5.777828142,6.142857143,290.515,5.569208108,301.6534162,279.3765838,4927384
ADBL,2/17/2025,292,300.9,289.5,295,1.24%,70893,20876768.9,0.012354152,0.012278463,292.56,291.075,293.4006395,297.0850313,60.71428571,-3.684391839,-5.359140881,6.285714286,291.075,5.419543096,301.9140862,280.2359138,4998277
ADBL,2/18/2025,298,301.9,296,300,1.69%,61491,18437745.5,0.016949153,0.016807118,294.2,291.75,294.4159257,297.3009549,71.42857143,-2.885029213,-4.864318547,6.45,291.75,5.655318875,303.0606378,280.4393622,5059768
ADBL,2/20/2025,300,300,295,296,-1.33%,41190,12208324.3,-0.013333333,-0.01342302,295.1,292.3,294.6596295,297.2045879,77.46478873,-2.544958446,-4.400446527,6.385714286,292.3,5.496984819,303.2939696,281.3060304,5018578
ADBL,2/23/2025,290.1,299,285,294,-0.68%,54840,16102961.8,-0.006756757,-0.006779687,295.28,292.95,294.558148,296.967211,83.33333333,-2.40906302,-4.002169826,6.742857143,292.95,4.817020263,302.5840405,283.3159595,4963738
ADBL,2/24/2025,292,299,292,293.9,-0.03%,31364,9243592.2,-0.000340136,-0.000340194,295.78,293.445,294.4568945,296.7400102,84.50704225,-2.283115742,-3.658359009,6.6,293.445,4.333283063,302.1115661,284.7784339,4932374
ADBL,2/25/2025,295.5,297.8,292,293.1,-0.27%,36537,10756621.5,-0.002722014,-0.002725726,295.4,293.65,294.2481415,296.4703798,86.95652174,-2.222238352,-3.371134878,6.45,293.65,4.207074243,302.0641485,285.2358515,4895837
ADBL,2/27/2025,298.9,310,297,303,3.38%,72598,21975153.2,0.033776868,0.033218958,296,294.42,295.5945812,296.9540554,93.75,-1.359474147,-2.968802731,7.371428571,294.42,4.444109052,303.3082181,285.5317819,4968435
ADBL,3/2/2025,305,311,300,309,1.98%,140917,43384695.3,0.01980198,0.019608471,298.6,295.695,297.6569534,297.8463476,92.59259259,-0.189394224,-2.41292103,7.778571429,295.695,4.790722943,305.2764459,286.1135541,5109352
ADBL,3/3/2025,314,315,306.5,309,0.00%,77760,24204318,0,0,301.6,296.845,299.4020375,298.6725441,89.74358974,0.729493399,-1.784438144,7.828571429,296.845,5.092044879,307.0290898,286.6609102,5109352
ADBL,3/4/2025,302.9,310.9,302.9,304.3,-1.52%,74386,22817879.8,-0.015210356,-0.01532722,303.68,297.315,300.1555702,299.0893926,88.23529412,1.06617751,-1.214315013,8.192857143,297.315,5.331265772,307.9775315,286.6524685,5034966
ADBL,3/5/2025,301.1,306,300.2,301.5,-0.92%,55112,16722408.4,-0.009201446,-0.009244041,305.36,297.44,300.3624055,299.2679562,75,1.094449362,-0.752562138,8.257142857,297.44,5.40169564,308.2433913,286.6366087,4979854
ADBL,3/6/2025,301.5,305,300.2,301,-0.17%,29555,8910185.3,-0.001658375,-0.001659751,304.96,297.64,300.460497,299.3962557,74.19354839,1.064241277,-0.389201455,8.285714286,297.64,5.458301259,308.5566025,286.7233975,4950299
ADBL,3/9/2025,300,305,296,297,-1.33%,24088,7173557.2,-0.013289037,-0.013378126,302.56,297.63,299.9281128,299.2187553,78.125,0.709357549,-0.169489654,8.557142857,297.63,5.459332907,308.5486658,286.7113342,4926211
ADBL,3/10/2025,297,300,294.2,294.2,-0.94%,30724,9095409.5,-0.009427609,-0.009472331,299.6,297.44,299.0468647,298.8469956,78.125,0.199869072,-0.095617909,8.564285714,297.44,5.511652728,308.4633055,286.4166945,4895487
ADBL,3/11/2025,299.8,299.8,291,292,-0.75%,26267,7709102.5,-0.007477906,-0.007506006,297.14,297.29,297.9627317,298.3398108,74.19354839,-0.377079098,-0.151910147,8.378571429,297.29,5.621284738,308.5325695,286.0474305,4869220
ADBL,3/12/2025,289.1,294.9,289.1,293,0.34%,24116,7025526.5,0.003424658,0.003418807,295.44,297.19,297.1992345,297.9442692,67.85714286,-0.745034739,-0.270535065,8.3,297.19,5.681632456,308.5532649,285.8267351,4893336
ADBL,3/16/2025,293,293,289,290,-1.02%,35376,10276644.4,-0.010238908,-0.010291686,293.24,297.1,296.09166,297.3558048,65.51724138,-1.264144889,-0.46925703,8.228571429,297.1,5.784825886,308.6696518,285.5303482,4857960
ADBL,3/17/2025,290,291.8,289,290,0.00%,20075,5822417.9,0,0,291.84,297.025,295.1544815,296.8109304,57.57575758,-1.65644891,-0.706695406,7.428571429,297.025,5.870342499,308.765685,285.284315,4857960
ADBL,3/18/2025,295.8,295.8,289,289.6,-0.14%,19349,5621101.9,-0.00137931,-0.001380262,290.92,296.85,294.2999459,296.2767874,51.72413793,-1.976841532,-0.960724631,7.414285714,296.85,6.043134425,308.9362689,284.7637311,4838611
ADBL,3/19/2025,291,291,286,286.1,-1.21%,21954,6317880.1,-0.012085635,-0.01215926,289.74,296.585,293.0384157,295.5229513,51.72413793,-2.484535563,-1.265486818,7.357142857,296.585,6.400351553,309.3857031,283.7842969,4816657
ADBL,3/20/2025,284,288,283,285.66,-0.15%,16174,4618907,-0.001537924,-0.001539108,288.272,296.118,291.9032749,294.7923623,56.66666667,-2.889087461,-1.590206946,6.507142857,296.118,6.847231942,309.8124639,282.4235361,4800483
ADBL,3/23/2025,290,290,282,282.36,-1.16%,55957,15852138.4,-0.011552195,-0.01161944,286.744,295.236,290.4350787,293.8714466,62.85714286,-3.436367866,-1.95943913,6.292857143,295.236,7.432012124,310.1000242,280.3719758,4744526
ADBL,3/24/2025,282.9,287.9,280,285.87,1.24%,15084,4279533.9,0.012430939,0.01235431,285.918,294.7295,289.7327589,293.2787468,67.5,-3.545987923,-2.276748889,6.25,294.7295,7.716928401,310.1633568,279.2956432,4759610
ADBL,3/25/2025,289.5,290,280,280.58,-1.85%,33659,9487318.2,-0.018504915,-0.018678273,284.114,294.0585,288.3246422,292.3380989,53.48837209,-4.013456766,-2.624090464,6.392857143,294.0585,8.341841444,310.7421829,277.3748171,4725951
ADBL,3/26/2025,280,283,278.5,282.17,0.57%,18208,5119018.8,0.005666833,0.005650837,283.328,293.472,287.3777741,291.5849064,58.97435897,-4.207132278,-2.940698827,6.3,293.472,8.755664993,310.98333,275.96067,4744159
ADBL,3/27/2025,287.8,287.8,283.7,285.38,1.14%,21529,6129493.5,0.011376121,0.011311899,283.272,293.086,287.0704243,291.1252837,45.23809524,-4.054859449,-3.163530951,6.359285714,293.086,8.941134627,310.9682693,275.2037307,4765688
ADBL,3/30/2025,285,290,285,287.3,0.67%,28128,8102372.4,0.006727872,0.00670534,284.26,292.301,287.1057436,290.8419294,55.76923077,-3.736185756,-3.278061912,6.073571429,292.301,8.711153709,309.7233074,274.8786926,4793816
ADBL,4/1/2025,290,290,285,288.99,0.59%,16186,4653391.8,0.005882353,0.005865119,284.884,291.3005,287.3956292,290.7047494,59.64912281,-3.309120205,-3.284273571,6.016428571,291.3005,7.792999203,306.8864984,275.7145016,4810002
ADBL,4/2/2025,288,313,285.2,295.23,2.16%,41118,11995502.9,0.021592443,0.021362628,287.814,290.612,288.600917,291.0399532,49.27536232,-2.439036139,-3.115226085,7.373571429,290.612,6.675067199,303.9621344,277.2618656,4851120
ADBL,4/3/2025,295,303.9,295,299.13,1.32%,79398,23849007.6,0.01321004,0.013123548,291.206,290.3535,290.2207759,291.6392159,41.46341463,-1.418439948,-2.775868857,7.595,290.3535,6.200307526,302.7541151,277.9528849,4930518
ADBL,4/7/2025,305,305,291.1,291.72,-2.48%,20209,5920361,-0.024771838,-0.025083823,292.474,289.8645,290.4514258,291.6451999,45.88235294,-1.193774102,-2.459449906,8.302142857,289.8645,5.63482076,301.1341415,278.5948585,4910309
ADBL,4/8/2025,290,293,285,291.09,-0.22%,33174,9530833.2,-0.002159605,-0.00216194,293.232,289.369,290.549668,291.604074,54.44444444,-1.054405999,-2.178441125,8.673571429,289.369,5.004550456,299.3781009,279.3598991,4877135
ADBL,4/9/2025,296.9,300,289.9,290.37,-0.25%,23950,6979137.6,-0.002473462,-0.002476526,293.508,289.0375,290.5220268,291.5126611,48.48484848,-0.990634339,-1.940879768,8.909285714,289.0375,4.681638124,298.4007762,279.6742238,4853185
ADBL,4/10/2025,291,293,287.1,287.85,-0.87%,19731,5687713.3,-0.008678582,-0.008716461,292.032,288.72,290.1109457,291.2413529,50.48543689,-1.130407149,-1.778785244,8.973571429,288.72,4.525829962,297.7716599,279.6683401,4833454
ADBL,4/13/2025,290,290,285,288.18,0.11%,24409,7024076.9,0.00114643,0.001145774,289.842,288.529,289.8138771,291.014586,49.5049505,-1.200708842,-1.663169964,8.973571429,288.529,4.460252412,297.4495048,279.6084952,4857863
ADBL,4/15/2025,292,292.9,286.2,288.45,0.09%,21484,6236362.3,0.000936914,0.000936476,289.188,288.3015,289.6040499,290.8246167,44.79166667,-1.220566763,-1.574649324,8.880714286,288.3015,4.334466852,296.9704337,279.6325663,4879347
ADBL,4/16/2025,294,294,289,289.97,0.53%,23865,6952798.4,0.005269544,0.005255709,288.964,288.3,289.6603499,290.7613117,43.01075269,-1.100961809,-1.479911821,8.712857143,288.3,4.333853275,296.9677066,279.6322934,4903212
ADBL,4/17/2025,295,295,289.5,291.96,0.69%,26221,7651074.8,0.006862779,0.006839337,289.282,288.398,290.0141422,290.8501034,47.72727273,-0.835961212,-1.351121699,8.391428571,288.398,4.396032422,297.1900648,279.6059352,4929433
ADBL,4/20/2025,296,297,288.2,290.92,-0.36%,37196,10809294.5,-0.003562132,-0.003568491,289.896,288.464,290.153505,290.855281,54,-0.701776001,-1.221252559,8.698571429,288.464,4.424843024,297.313686,279.614314,4892237
ADBL,4/21/2025,293,293,287,287.56,-1.15%,23794,6867513.3,-0.011549567,-0.011616781,289.772,288.537,289.7545042,290.6111861,54,-0.856681878,-1.148338423,8.725,288.537,4.395737289,297.3284746,279.7455254,4868443
ADBL,4/22/2025,291,291,285.1,285.99,-0.55%,20167,5767480.3,-0.00545973,-0.005474689,289.28,288.5535,289.1753497,290.268876,44.21052632,-1.093526291,-1.137375997,8.789285714,288.5535,4.384975875,297.3234517,279.7835483,4848276
ADBL,4/23/2025,286,287,282.1,282.91,-1.08%,21640,6142098.4,-0.010769607,-0.010828019,287.868,288.581,288.2114498,289.7237741,38.46153846,-1.51232432,-1.212365661,8.782142857,288.581,4.34563774,297.2722755,279.8897245,4826636
ADBL,4/24/2025,282.1,284.8,280.5,283.45,0.19%,20455,5766008.1,0.001908734,0.001906915,286.166,288.46,287.478919,289.2590501,44.87179487,-1.780131046,-1.325918738,7.103571429,288.46,4.457351113,297.3747022,279.5452978,4847091
ADBL,4/27/2025,285,285.9,280.3,281.27,-0.77%,26308,7412711,-0.007690951,-0.007720679,284.236,288.4945,286.5237007,288.6672686,59.72222222,-2.14356787,-1.489448565,6.867857143,288.4945,4.395389301,297.2852786,279.7037214,4820783
ADBL,4/28/2025,280.4,282.8,280,282.06,0.28%,22512,6342921.2,0.002808689,0.002804752,283.136,288.489,285.8369775,288.1778413,57.97101449,-2.340863754,-1.659731603,6.075,288.489,4.403780553,297.2965611,279.6814389,4843295
ADBL,4/29/2025,280,283,280,281.09,-0.34%,16939,4768573.8,-0.003438985,-0.003444912,282.156,288.2745,285.1066733,287.652816,53.96825397,-2.546142709,-1.837013824,5.717857143,288.2745,4.660198183,297.5948964,278.9541036,4826356
ADBL,4/30/2025,280,281.9,279,280.63,-0.16%,25703,7211538.1,-0.001636487,-0.001637827,281.7,287.941,284.4179543,287.1326074,52.30769231,-2.714653084,-2.012541676,5.203571429,287.941,4.962468507,297.865937,278.016063,4800653
ADBL,5/4/2025,285,285,279,280.11,-0.19%,19617,5507240.8,-0.001852974,-0.001854693,281.032,287.497,283.7551921,286.6124143,42.25352113,-2.857222146,-2.18147777,5.210714286,287.497,5.252454163,298.0019083,276.9920917,4781036
ADBL,5/5/2025,280,281.5,279,280.16,0.02%,14774,4139184.2,0.000178501,0.000178485,280.81,286.7435,283.2020856,286.1344577,43.83561644,-2.932372014,-2.331656619,5.032142857,286.7435,5.164933662,297.0733673,276.4136327,4795810
ADBL,5/6/2025,279,281,277.5,277.83,-0.83%,24515,6822398.1,-0.008316676,-0.008351453,279.964,285.6785,282.3756109,285.5193126,53.57142857,-3.143701716,-2.494065638,4.803571429,285.6785,4.646418287,294.9713366,276.3856634,4771295
ADBL,5/7/2025,272.3,287,272.3,286.33,3.06%,29812,8423092.2,0.030594248,0.030135576,281.012,285.409,282.9839785,285.5793636,55.68181818,-2.595385082,-2.514329527,5.457142857,285.409,4.428775404,294.2665508,276.5514492,4801107
ADBL,5/8/2025,292,292,283,287.17,0.29%,22151,6385490.4,0.002933678,0.002929383,282.32,285.213,283.6279818,285.6971885,57.60869565,-2.069206692,-2.42530496,5.707142857,285.213,4.247141577,293.7072832,276.7187168,4823258
ADBL,5/11/2025,292,292,284,284.27,-1.01%,21211,6046435.5,-0.010098548,-0.010149884,283.152,284.908,283.7267538,285.5914708,51.85185185,-1.864716994,-2.313187367,5.65,284.908,4.072760088,293.0535202,276.7624798,4802047
ADBL,5/13/2025,286.79,286.79,280.9,282.06,-0.78%,21636,6119318.96,-0.007774299,-0.007804676,283.532,284.6185,283.4703302,285.3298804,55.26315789,-1.859550228,-2.222459939,5.642142857,284.6185,4.058387384,292.7352748,276.5017252,4780411
ADBL,5/14/2025,280.1,285,280,281.08,-0.35%,18859,5300226.6,-0.003474438,-0.003480488,284.182,284.2635,283.1025871,285.0150744,56,-1.912487374,-2.160465426,5.577857143,284.2635,4.040947355,292.3453947,276.1816053,4761552
ADBL,5/15/2025,280,282,278.2,281.11,0.01%,26415,7412963.8,0.000106731,0.000106725,283.138,283.8965,282.7960352,284.7258097,54.54545455,-1.929774456,-2.114327232,5.499285714,283.8965,3.973463655,291.8434273,275.9495727,4787967
ADBL,5/18/2025,281.5,283.5,278,280.36,-0.27%,26842,7510458.4,-0.002667995,-0.00267156,281.776,283.416,282.4212606,284.4024163,60.6741573,-1.981155795,-2.087692945,5.585,283.416,3.776531965,290.9690639,275.8629361,4761125
ADBL,5/19/2025,280.1,284.9,280.1,282.78,0.86%,21693,6134099.5,0.008631759,0.008594719,281.478,282.957,282.4764512,284.2822374,61.11111111,-1.805786122,-2.03131158,5.527857143,282.957,3.196812722,289.3506254,276.5633746,4782818
ADBL,5/20/2025,282,290.7,280,289.4,2.34%,29990,8586259.2,0.023410425,0.023140604,282.946,282.881,283.5416126,284.6613309,63.15789474,-1.119718303,-1.848992925,6.092142857,282.881,3.010158065,288.9013161,276.8606839,4812808
ADBL,5/21/2025,295.1,305,288.1,289.29,-0.04%,57459,16941172.5,-0.000380097,-0.000380169,284.588,282.9675,284.4259799,285.0041953,61.95652174,-0.578215387,-1.594837417,7.085,282.9675,3.172186486,289.311873,276.623127,4755349
ADBL,5/22/2025,290,303,284,296.73,2.57%,59233,17531706.8,0.025718138,0.025392989,287.712,283.5045,286.3189061,285.8727734,71.25,0.446132657,-1.186643402,8.235,283.5045,4.387158864,292.2788177,274.7301823,4814582
ADBL,5/25/2025,300,300,294.1,294.98,-0.59%,29709,8816051.4,-0.005897617,-0.005915077,290.636,284.108,287.651382,286.5473828,81.42857143,1.103999271,-0.728514868,8.227857143,284.108,5.077014871,294.2620297,273.9539703,4784873
ADBL,5/26/2025,300.8,303,297,297.05,0.70%,56707,16946564.2,0.007017425,0.006992917,293.49,284.788,289.0973233,287.3253544,80.88235294,1.771968848,-0.228418124,8.622142857,284.788,5.837987757,296.4639755,273.1120245,4841580
ADBL,5/27/2025,295,296,290,294.44,-0.88%,37980,11143808.2,-0.0087864,-0.008825228,294.498,285.4465,289.9192735,287.8523652,76.78571429,2.066908331,0.230647167,8.875714286,285.4465,6.154468873,297.7554377,273.1375623,4803600
ADBL,5/28/2025,293,300,291.8,299.6,1.75%,49484,14693755.4,0.017524793,0.017373004,296.56,286.3235,291.4086161,288.7225604,72.54901961,2.686055694,0.721728872,8.411428571,286.3235,6.856202935,300.0359059,272.6110941,4853084
ADBL,6/2/2025,305.5,306,294.6,296.78,-0.94%,56718,16928950.1,-0.00941255,-0.009457128,296.57,287.108,292.2349828,289.3194078,69.56521739,2.915575073,1.160498112,8.582857143,287.108,7.118481949,301.3449639,272.8710361,4796366
ADBL,6/3/2025,295,298,291.1,291.42,-1.81%,37267,10906849,-0.018060516,-0.018225598,295.858,287.6475,292.1096009,289.4750072,67.39130435,2.634593674,1.455317225,8.504285714,287.6475,7.009732238,301.6669645,273.6280355,4759099
ADBL,6/4/2025,285.7,291,285.7,290.21,-0.42%,21673,6263062.5,-0.004152083,-0.004160727,294.49,288.1525,291.8173546,289.5294511,71.11111111,2.287903476,1.621834475,8.492142857,288.1525,6.798771464,301.7500429,274.5549571,4737426
ADBL,6/5/2025,290,291,283,288.25,-0.68%,43892,12598798.4,-0.00675373,-0.00677664,293.252,288.557,291.2685308,289.4346769,80,1.833853852,1.66423835,8.706428571,288.557,6.533716682,301.6244334,275.4895666,4693534
ADBL,6/8/2025,288.5,290,285,287.6,-0.23%,10481,3010633.6,-0.002254987,-0.002257533,290.852,289.0455,290.7041414,289.2987749,92.10526316,1.405366495,1.612463979,8.792142857,289.0455,6.035745691,301.1169914,276.9740086,4683053
ADBL,6/9/2025,286,291,285,288.44,0.29%,17735,5128465.9,0.002920723,0.002916466,289.184,289.151,290.355812,289.235162,76.66666667,1.120650002,1.514101184,8.827857143,289.151,6.004140589,301.1592812,277.1427188,4700788
ADBL,6/10/2025,293,293,287.2,288.33,-0.04%,25016,7230860.2,-0.000381362,-0.000381435,288.566,289.209,290.0441486,289.1681129,68.18181818,0.876035655,1.386488078,8.899285714,289.209,5.989582096,301.1881642,277.2298358,4675772
ADBL,6/11/2025,284.5,291,284.2,288.09,-0.08%,13387,3857620.9,-0.00083238,-0.000832726,288.142,289.4,289.7435104,289.0882527,58.82352941,0.655257627,1.240241988,8.620714286,289.4,5.883767143,301.1675343,277.6324657,4662385
ADBL,6/12/2025,285,289.3,285,286.2,-0.66%,28838,8250613.9,-0.00656045,-0.006582064,287.732,289.607,289.1983549,288.8743081,63.15789474,0.324046834,1.057002957,7.720714286,289.607,5.681285159,300.9695703,278.2444297,4633547
ADBL,6/15/2025,286.1,288,284,284.25,-0.68%,35850,10207666.6,-0.006813417,-0.006836734,287.062,289.7655,288.4370695,288.5317667,60,-0.094697198,0.826662926,6.649285714,289.7655,5.471208348,300.7079167,278.8230833,4597697
ADBL,6/16/2025,289,289,284.5,286.05,0.63%,25471,7275801.7,0.006332454,0.006312488,286.584,290.0125,288.0698281,288.3479322,57.14285714,-0.278104093,0.605709522,6.567142857,290.0125,5.162697046,300.3378941,279.6871059,4623168
ADBL,6/17/2025,286.2,287,283.1,284.77,-0.45%,19099,5428592.1,-0.004474742,-0.004484784,285.872,290.233,287.5621622,288.0829002,57.14285714,-0.520737938,0.38042003,6.272857143,290.233,4.810930646,299.8548613,280.6111387,4604069
ADBL,6/18/2025,285,288,284,285.52,0.26%,17243,4924385.6,0.002633704,0.002630242,285.358,290.37,287.2479834,287.8930557,55,-0.645072285,0.175321567,6.055,290.37,4.622859675,299.6157194,281.1242806,4621312
ADBL,6/19/2025,280,285,280,284.18,-0.47%,19789,5620534.7,-0.004693191,-0.004704239,284.954,290.109,286.775986,287.6180145,55,-0.842028571,-0.02814846,5.863571429,290.109,4.823509205,299.7560184,280.4619816,4601523
ADBL,6/22/2025,284,287,280.5,281.08,-1.09%,37857,10678944,-0.010908579,-0.010968514,284.32,289.6985,285.8996804,287.1337172,47.61904762,-1.234036731,-0.269326115,5.513571429,289.6985,5.22917149,300.156843,279.240157,4563666
ADBL,6/23/2025,278.5,282.4,278.5,281.24,0.06%,28893,8105916.6,0.000569233,0.000569071,283.358,288.924,285.1828065,286.6971455,50,-1.514339002,-0.518328692,5.299285714,288.924,5.279791064,299.4835821,278.3644179,4592559
ADBL,6/24/2025,280.1,285.7,277,281.48,0.09%,24677,6983497.5,0.000853364,0.000853,282.7,288.249,284.613144,286.3106903,50,-1.69754632,-0.754172218,5.512142857,288.249,5.327550933,298.9041019,277.5938981,4617236
ADBL,6/25/2025,286,286,281,281.73,0.09%,17868,5036748.6,0.000888163,0.000887768,281.942,287.483,284.1695834,285.9713799,47.61904762,-1.801796539,-0.963697082,5.297857143,287.483,5.091674422,297.6663488,277.2996512,4635104
ADBL,6/26/2025,281.8,284,281.1,281.85,0.04%,30005,8456034.1,0.00042594,0.000425849,281.476,286.8535,283.8127244,285.6660925,35,-1.853368118,-1.141631289,5.147857143,286.8535,4.962932362,296.7793647,276.9276353,4665109
ADBL,6/29/2025,285,287.4,280,286.67,1.71%,37928,10772527.8,0.017101295,0.016956714,282.594,286.207,284.2523053,285.740456,47.05882353,-1.488150773,-1.210935186,5.247857143,286.207,3.95490648,294.116813,278.297187,4703037
ADBL,6/30/2025,290,291,286,287.28,0.21%,25817,7430581.2,0.002127882,0.002125621,283.802,285.732,284.7181044,285.8544963,43.75,-1.136391875,-1.196026524,5.190714286,285.732,3.095284359,291.9225687,279.5414313,4728854
ADBL,7/1/2025,281.6,296,281.6,293.7,2.23%,65159,18965466.8,0.022347536,0.022101488,286.246,285.846,286.0999345,286.4356447,33.33333333,-0.335710211,-1.023963261,5.733571429,285.846,3.347510308,292.5410206,279.1509794,4794013
ADBL,7/2/2025,295,301.8,294,300.65,2.37%,124408,37171581.2,0.023663602,0.023387959,290.03,286.368,288.3384061,287.4885599,23.07692308,0.849846196,-0.64920137,6.005,286.368,4.631556065,295.6311121,277.1048879,4918421
ADBL,7/3/2025,303,305,297,300.74,0.03%,123907,37182630.5,0.000299351,0.000299307,293.808,286.9925,290.2463437,288.4701481,30.76923077,1.776195561,-0.164121984,6.290714286,286.9925,5.632552824,298.2576056,275.7273944,5042328
ADBL,7/6/2025,300,306,297,299.94,-0.27%,72632,21844890.7,-0.002660105,-0.002663649,296.462,287.6095,291.7376754,289.3197668,28.57142857,2.417908646,0.352284142,6.594285714,287.6095,6.334709294,300.2789186,274.9400814,4969696
ADBL,7/7/2025,297,303.5,296,296.51,-1.14%,58749,17604399.3,-0.01143562,-0.01150151,298.308,288.013,292.4718792,289.8523766,28.57142857,2.619502561,0.805727826,6.851428571,288.013,6.640050808,301.2931016,274.7328984,4910947
ADBL,7/8/2025,295.2,299,294,297.08,0.19%,76334,22577732.4,0.001922363,0.001920518,298.984,288.4505,293.1808208,290.3877561,33.33333333,2.793064715,1.203195204,6.922857143,288.4505,6.943369025,302.3372381,274.5637619,4987281
ADBL,7/9/2025,301,307,295.1,304.2,2.40%,122851,37052937.6,0.023966608,0.023683917,299.694,289.256,294.8760792,291.4108853,29.41176471,3.465193871,1.655594937,7.378571429,289.256,7.783035803,304.8220716,273.6899284,5110132
ADBL,7/10/2025,304.2,320,304.1,314.7,3.45%,258347,81470959.8,0.034516765,0.033934424,302.486,290.681,297.9259132,293.1360049,41.17647059,4.789908236,2.282457597,8.05,290.681,9.592713188,309.8664264,271.4955736,5368479
ADBL,7/13/2025,320.9,333.5,320.9,327.02,3.91%,215092,70109382.3,0.039148395,0.038401527,307.902,292.8195,302.4019265,295.6459305,44.44444444,6.755996036,3.177165285,9.114285714,292.8195,12.43103987,317.6815797,267.9574203,5583571
ADBL,7/14/2025,329,329,314.2,315.71,-3.46%,115004,36558787.3,-0.034585041,-0.03519726,311.742,294.3025,304.4493224,297.1321579,38.88888889,7.317164584,4.005165145,9.55,294.3025,13.3184624,320.9394248,267.6655752,5468567
ADBL,7/15/2025,312.1,326,311.7,323.7,2.53%,106227,33639078,0.025308036,0.02499309,317.066,296.249,307.4109651,299.1001462,43.75,8.310818979,4.866295912,10.21428571,296.249,14.63200274,325.5130055,266.9849945,5574794
ADBL,7/16/2025,329.9,330.1,324,327.13,1.06%,142187,46621305,0.010596231,0.010540484,321.652,298.3295,310.4446628,301.1764316,46.66666667,9.268231181,5.746682965,10.46428571,298.3295,15.92708665,330.1836733,266.4753267,5716981
ADBL,7/17/2025,328,333.5,328,331.6,1.37%,187049,62017332.4,0.013664292,0.013571778,325.032,300.7005,313.6993301,303.4300293,42.85714286,10.26930078,6.651206529,10.39071429,300.7005,17.18943172,335.0793634,266.3216366,5904030
ADBL,7/20/2025,334.9,342,326,330.22,-0.42%,226513,76062087.3,-0.004161641,-0.004170324,325.672,303.1575,316.2409716,305.4144716,40,10.82650004,7.486265231,11.17642857,303.1575,17.74046011,338.6384202,267.6765798,5677517
ADBL,7/21/2025,331,335,325.4,332.11,0.57%,104403,34510759.5,0.005723457,0.00570714,328.952,305.701,318.6823606,307.3919181,46.66666667,11.29044247,8.247100679,10.83357143,305.701,18.07620882,341.8534176,269.5485824,5781920
ADBL,7/22/2025,338,341.9,334,339.57,2.25%,142308,48286338.8,0.022462437,0.022213872,332.126,308.6055,321.8958436,309.7754797,40,12.12036384,9.02175331,10.95428571,308.6055,18.63777587,345.8810517,271.3299483,5924228
ADBL,7/23/2025,340,342,334.2,339.6,0.01%,121584,41182967.2,8.83E-05,8.83E-05,334.62,311.499,324.6195599,311.9847035,35.71428571,12.63485649,9.744373946,10.94,311.499,18.73764404,348.9742881,274.0237119,6045812
ADBL,7/24/2025,338,341,335.1,336.59,-0.89%,72244,24367907.8,-0.008863369,-0.008902882,335.618,314.236,326.4611661,313.807318,46.15384615,12.65384809,10.32626877,10.71857143,314.236,18.16815966,350.5723193,277.8996807,5973568
ADBL,7/27/2025,329.9,339,329.9,332.03,-1.35%,129779,43423538,-0.01354764,-0.013640246,335.98,316.504,327.3179098,315.1571463,40,12.16076347,10.69316771,10.83285714,316.504,17.35909299,351.222186,281.785814,5843789
ADBL,7/28/2025,330,333.5,324,331.79,-0.07%,118015,38745121.4,-0.000722826,-0.000723088,335.916,318.7295,328.0059237,316.3892095,35.71428571,11.61671412,10.87787699,11.15428571,318.7295,16.23185091,351.1932018,286.2657982,5725774
ADBL,7/29/2025,338.4,340.1,333.1,335.35,1.07%,187129,63071404.2,0.010729678,0.010672524,335.072,320.812,329.1357816,317.7937125,38.46153846,11.34206902,10.9707154,10.89785714,320.812,15.50724062,351.8264812,289.7975188,5912903
ADBL,7/30/2025,342,342,331.5,332.08,-0.98%,109653,36788785.7,-0.009751006,-0.009798859,333.568,322.3835,329.5887382,318.8519561,38.46153846,10.73678218,10.92392876,10.51214286,322.3835,14.93862013,352.2607403,292.5062597,5803250
ADBL,7/31/2025,334.8,336.6,327,332.18,0.03%,128639,42777783.9,0.000301132,0.000301087,332.686,323.9555,329.9873939,319.8392186,23.52941176,10.14817533,10.76877807,9.855,323.9555,14.17594645,352.3073929,295.6036071,5931889
ADBL,8/3/2025,328,329.9,323,326.37,-1.75%,89591,29224450.4,-0.017490517,-0.017645284,331.554,325.277,329.4308718,320.3229802,25,9.1078916,10.43660078,9.453571429,325.277,13.00273255,351.2824651,299.2715349,5842298
ADBL,8/4/2025,322,329,322,327.91,0.47%,73743,24069357.3,0.004718571,0.004707473,330.778,326.847,329.1968915,320.8849816,40,8.31190986,10.01166259,8.932142857,326.847,11.10344759,349.0538952,304.6401048,5916041
ADBL,8/5/2025,325.6,334,325,325.39,-0.77%,52835,17323759.5,-0.007685036,-0.007714718,328.786,328.2625,328.6112159,321.2186867,47.61904762,7.392529181,9.48783591,9.117857143,328.2625,8.640236885,345.5429738,310.9820262,5863206
ADBL,8/6/2025,331.8,331.8,322.5,327.8,0.74%,47800,15610082,0.007406497,0.007379203,327.93,329.4425,328.4864134,321.7061914,45.45454545,6.78022205,8.946313138,9.327142857,329.4425,6.536465225,342.5154304,316.3695696,5911006
ADBL,8/7/2025,334.3,334.3,325.1,326.85,-0.29%,41801,13696872.3,-0.002898109,-0.002902316,326.864,330.05,328.2346575,322.0872142,47.61904762,6.147443276,8.386539166,8.841428571,330.05,5.590314933,341.2306299,318.8693701,5869205
ADBL,8/11/2025,333.3,344.9,333,334.44,2.32%,377771,127070981.7,0.023221661,0.022956141,328.478,330.421,329.1893256,323.0022354,45,6.187090183,7.946649369,9.445,330.421,5.624753468,341.6705069,319.1714931,6246976
ADBL,8/12/2025,333,334.5,328,330.97,-1.04%,123924,41007028.9,-0.010375553,-0.010429754,329.09,331.184,329.4632755,323.5924402,50,5.870835307,7.531486557,9.21,331.184,4.432913263,340.0498265,322.3181735,6123052
ADBL,8/13/2025,332,335,330,330.48,-0.15%,77384,25688106.5,-0.001480497,-0.001481594,330.108,331.523,329.6196947,324.1026298,43.47826087,5.517064846,7.128602215,9.01,331.523,4.075282489,339.673565,323.372435,6045668
ADBL,8/14/2025,331.1,333.9,330.3,332.45,0.60%,86636,28776378.5,0.005961026,0.00594333,331.038,331.789,330.0551262,324.7209535,43.47826087,5.334172719,6.769716316,8.845714286,331.789,3.944992696,339.6789854,323.8990146,6132304
ADBL,8/17/2025,332.5,337,332,334.66,0.66%,80302,26881288.1,0.006647616,0.006625618,332.6,331.942,330.7635684,325.4571792,45.45454545,5.306389171,6.477050887,8.552857143,331.942,3.996281956,339.9345639,323.9494361,6212606
ADBL,8/18/2025,337,338.8,334,337.68,0.90%,81072,27303826.8,0.009024084,0.00898361,333.248,332.315,331.8276348,326.3625733,43.47826087,5.465061442,6.274652998,8.217142857,332.315,4.171405796,340.6578116,323.9721884,6293678
ADBL,8/19/2025,338,339,335,335.67,-0.60%,42199,14206187,-0.005952381,-0.005970167,334.188,332.493,332.4187679,327.0520123,41.66666667,5.366755542,6.093073507,7.909285714,332.493,4.237627315,340.9682546,324.0177454,6251479
ADBL,8/20/2025,336,338,332.1,332.5,-0.94%,31830,10611929.6,-0.009443799,-0.009488674,334.592,332.1395,332.4312651,327.455567,46.15384615,4.975698149,5.869598435,7.580714286,332.1395,3.897428943,339.9343579,324.3446421,6219649
ADBL,8/21/2025,333,334,328.6,329.26,-0.97%,56884,18775560.3,-0.009744361,-0.009792148,333.954,331.6225,331.9433782,327.5892287,57.14285714,4.354149501,5.566508648,7.280714286,331.6225,3.523573059,338.6696461,324.5753539,6162765
ADBL,8/24/2025,330.9,330.9,326,326.2,-0.93%,50565,16540565.6,-0.009293567,-0.009337022,332.262,331.103,331.0597815,327.4863229,,3.573458686,5.167898656,6.975,331.103,3.51856445,338.1401289,324.0658711,6112200
ADBL,8/25/2025,323,328,323,326.49,0.09%,53184,17307499.8,0.000889025,0.00088863,330.024,330.826,330.3567382,327.4125212,,2.944217064,4.723162338,6.832142857,330.826,3.657087423,338.1401748,323.5118252,6165384
ADBL,8/26/2025,326,329,325.4,326.28,-0.06%,27429,8951746.5,-0.000643205,-0.000643412,328.146,330.5505,329.7295477,327.3286307,,2.400917024,4.258713275,6.446428571,330.5505,3.785917778,338.1223356,322.9786644,6137955
ADBL,8/27/2025,332.8,332.8,326,331.31,1.54%,45857,15106965.6,0.015416207,0.015298585,327.908,330.3485,329.9726942,327.623547,,2.349147283,3.876800077,6.267857143,330.3485,3.620525224,337.5895504,323.1074496,6183812
ADBL,8/28/2025,327.1,332,326,327.55,-1.13%,66102,21736108.5,-0.011348888,-0.011413778,327.566,330.122,329.599972,327.618099,,1.981873016,3.497814664,6.039285714,330.122,3.648094816,337.4181896,322.8258104,6117710
ADBL,8/31/2025,331,331,322.5,323.22,-1.32%,42198,13713519.1,-0.013219356,-0.013307509,326.97,329.674,328.6184379,327.2923139,,1.326123968,3.063476525,5.357142857,329.674,3.921945543,337.5178911,321.8301089,6075512
ADBL,9/1/2025,329.6,329.6,323.2,327.47,1.31%,37584,12228556.1,0.013148939,0.013063242,327.166,329.729,328.4417551,327.3054758,,1.136279285,2.678037077,5.35,329.729,3.880668553,337.4903371,321.9676629,6113096
ADBL,9/2/2025,334,334,325,325.5,-0.60%,25961,8487008.4,-0.006015818,-0.006033986,327.01,329.6085,327.9891774,327.1717369,,0.817440524,2.305917766,5.635714286,329.6085,3.976360773,337.5612215,321.6557785,6087135
ADBL,9/3/2025,323.5,326.7,323.5,324.08,-0.44%,29206,9482167.1,-0.004362519,-0.004372063,325.564,329.543,327.3877655,326.9427193,,0.445046161,1.933743445,5.607142857,329.543,4.059428402,337.6618568,321.4241432,6057929
ADBL,9/4/2025,324,325.4,322.2,324.71,0.19%,32179,10417268.6,0.001943964,0.001942077,324.996,329.3885,326.9758016,326.7773327,,0.198468855,1.586688527,5.478571429,329.3885,4.186083806,337.7606676,321.0163324,6090108
ADBL,9/7/2025,327.8,327.8,320.6,321.11,-1.11%,49379,15897110.9,-0.011086816,-0.011148733,324.574,329.1015,326.0733706,326.3575303,,-0.284159734,1.212518875,5.65,329.1015,4.550216045,338.2019321,320.0010679,6040729
ADBL,9/8/2025,320.3,321,317,317.16,-1.23%,69424,22091514,-0.012301081,-0.012377365,322.512,328.2375,324.7020828,325.6762318,,-0.974148973,0.775185305,5.657857143,328.2375,5.091555315,338.4206106,318.0543894,5971305
ADBL,9/18/2025,310.9,310.9,293,298.7,-5.82%,3170,948638,-0.058204061,-0.059966653,317.152,326.624,320.7017624,323.6779924,,-2.976230013,0.024902242,6.962142857,326.624,8.28913201,343.202264,310.045736,5968135
