Symbol,Date,Open,High,Low,Close,Percent Change,Volume,Turnover,Daily_Return,Log_Return,SMA_5,SMA_20,EMA_12,EMA_26,RSI_14,MACD,MACD_Signal,ATR_14,BB_Middle,BB_Std,BB_Upper,BB_Lower,OBV
BBC,1/10/2012,2810,2760,2598,2598,-7.54%,277,742033,,,,,2598,2598,16.80611861,0,0,,,,,,0
BBC,1/11/2012,2598,2547,2400,2400,-7.62%,195,472375,-0.076212471,-0.079273181,,,2567.538462,2583.333333,25.84584533,-15.79487179,-3.158974359,,,,,,-195
BBC,2/27/2012,2400,2352,2352,2352,-2.00%,98,230496,-0.02,-0.020202707,,,2534.378698,2566.197531,35.50562171,-31.81883264,-8.890946015,,,,,,-293
BBC,2/29/2012,2352,2469,2469,2469,4.97%,430,1061670,0.049744898,0.04854718,,,2524.320437,2558.997714,42.89168644,-34.6772768,-14.04821217,,,,,,137
BBC,3/4/2012,2469,2420,2420,2420,-1.98%,1827,4421340,-0.019846092,-0.02004567,2447.8,,2508.271139,2548.701587,34.57755675,-40.43044785,-19.32465931,,,,,,-1690
BBC,3/11/2012,2420,2419,2419,2419,-0.04%,500,1209500,-0.000413223,-0.000413309,2412,,2494.537118,2539.094062,38.58482323,-44.55694428,-24.3711163,,,,,,-2190
BBC,3/19/2012,2419,2450,2450,2450,1.28%,690,1690500,0.012815213,0.012733793,2422,,2487.685253,2532.494502,40.13837075,-44.80924839,-28.45874272,,,,,,-1500
BBC,3/20/2012,2450,2401,2352,2352,-4.00%,319,763244,-0.04,-0.040821995,2422,,2466.810599,2519.124539,40.47827515,-52.31393966,-33.22978211,,,,,,-1819
BBC,3/21/2012,2352,2399,2399,2399,2.00%,690,1655310,0.019982993,0.019785954,2408,,2456.378199,2510.226425,37.48353096,-53.84822553,-37.35347079,,,,,,-1129
BBC,3/29/2012,2399,2399,2399,2399,0.00%,50,119950,0,0,2403.8,,2447.550784,2501.98743,46.04060783,-54.43664636,-40.7701059,,,,,,-1129
BBC,4/3/2012,2399,2399,2399,2399,0.00%,50,119950,0,0,2399.8,,2440.081433,2494.358732,31.10563412,-54.27729919,-43.47154456,,,,,,-1129
BBC,4/4/2012,2399,2352,2259,2259,-5.84%,309,712255,-0.058357649,-0.060129746,2361.6,,2412.222751,2476.924752,27.21473757,-64.70200099,-47.71763585,,,,,,-1438
BBC,4/5/2012,2259,2259,2259,2259,0.00%,50,112950,0,0,2343,,2388.65002,2460.782177,40.42548582,-72.13215766,-52.60054021,,,,,,-1438
BBC,4/8/2012,2259,2214,2169,2169,-3.98%,530,1150520,-0.039840637,-0.040656006,2297,,2354.857709,2439.168683,37.5214904,-84.31097376,-58.94262692,70.07142857,,,,,-1968
BBC,4/12/2012,2169,2169,2169,2169,0.00%,300,650700,0,0,2251,,2326.264215,2419.156188,33.89245593,-92.89197244,-65.73249602,58.5,,,,,-1968
BBC,4/24/2012,2169,2126,2084,2084,-3.92%,1492,3109748,-0.039188566,-0.039977108,2188,,2288.992798,2394.329803,32.55919457,-105.3370059,-73.653398,50.42857143,,,,,-3460
BBC,4/25/2012,2084,2100,2100,2100,0.77%,500,1050000,0.007677543,0.007648221,2156.2,,2259.916983,2372.527596,31.20060935,-112.6106132,-81.44484105,48.14285714,,,,,-2960
BBC,5/10/2012,2100,2058,2017,2017,-3.95%,550,1129850,-0.03952381,-0.040326086,2107.8,,2222.545139,2346.192218,37.96698794,-123.6470793,-89.88528869,45.71428571,,,,,-3510
BBC,6/20/2012,2017,2049,2049,2049,1.59%,100,204900,0.015865146,0.01574061,2083.8,,2195.845887,2324.17798,45.08513568,-128.332093,-97.57464956,44.5,,,,,-3410
BBC,6/26/2012,2049,2050,2050,2050,0.05%,24,49200,0.000488043,0.000487924,2060,2290.65,2173.408058,2303.8685,43.37572012,-130.4604418,-104.151808,44.5,2290.65,168.8067332,2628.263466,1953.036534,-3386
BBC,7/31/2012,2050,2010,2000,2000,-2.44%,110,220100,-0.024390244,-0.024692613,2043.2,2260.75,2146.729895,2281.359722,47.82175944,-134.6298268,-110.2474118,45.85714286,2260.75,164.4051078,2589.560216,1931.939784,-3496
BBC,8/13/2012,2000,1961,1961,1961,-1.95%,10,19610,-0.0195,-0.019692633,2015.4,2238.8,2118.156065,2257.629372,52.14730686,-139.4733071,-116.0925908,41.64285714,2238.8,173.8685529,2586.537106,1891.062894,-3506
BBC,8/23/2012,1961,2000,2000,2000,1.99%,10,20000,0.019887812,0.019692633,2012,2221.2,2099.978209,2238.545715,56.48737279,-138.5675061,-120.5875739,41.07142857,2221.2,179.5302643,2580.260529,1862.139471,-3496
BBC,8/26/2012,2000,1960,1921,1921,-3.95%,510,980100,-0.0395,-0.040301297,1986.4,2193.8,2072.4431,2215.02381,52.49494392,-142.5807103,-124.9862012,46.71428571,2193.8,181.5273214,2556.854643,1830.745357,-4006
BBC,8/27/2012,1921,1883,1883,1883,-1.98%,10,18830,-0.019781364,-0.019979634,1953,2166.95,2043.298008,2190.429454,57.8919594,-147.1314463,-129.4152502,49.42857143,2166.95,185.9687226,2538.887445,1795.012555,-4016
BBC,8/28/2012,1883,1846,1846,1846,-1.96%,10,18460,-0.019649495,-0.019845114,1922.2,2138.3,2012.944468,2164.916161,62.02367042,-151.9716931,-133.9265388,42.07142857,2138.3,189.2041782,2516.708356,1759.891644,-4026
BBC,8/29/2012,1846,1810,1810,1810,-1.95%,10,18100,-0.019501625,-0.019694291,1892,2106.3,1981.722242,2138.626075,57.03777929,-156.9038329,-138.5219976,44.64285714,2106.3,187.8283371,2481.956674,1730.643326,-4036
BBC,8/30/2012,1810,1774,1705,1705,-5.80%,30,52180,-0.05801105,-0.059761735,1833,2073.95,1939.14959,2106.505625,60.55934716,-167.3560356,-144.2888052,45.71428571,2073.95,198.6868668,2471.323734,1676.576266,-4066
BBC,9/12/2012,1705,1773,1739,1773,3.99%,20,35120,0.039882698,0.039107916,1803.4,2042.65,1913.588114,2081.801505,70.95721826,-168.2133905,-149.0737222,50.57142857,2042.65,194.0391374,2430.728275,1654.571725,-4046
BBC,9/17/2012,1773,1808,1808,1808,1.97%,10,18080,0.019740553,0.019548235,1788.4,2013.1,1897.343789,2061.519912,78.59860448,-164.1761228,-152.0942024,47,2013.1,181.5117511,2376.123502,1650.076498,-4036
BBC,9/18/2012,1808,1772,1772,1772,-1.99%,50,88600,-0.019911504,-0.02011241,1773.6,1981.75,1878.060129,2040.073992,81.50388292,-162.0138633,-154.0781345,48.42857143,1981.75,164.7226936,2311.195387,1652.304613,-4086
BBC,9/19/2012,1772,1807,1807,1807,1.98%,10,18070,0.019751693,0.019559159,1773,1959.15,1867.127802,2022.809252,75.00504541,-155.6814506,-154.3987978,45,1959.15,155.4268401,2270.00368,1648.29632,-4076
BBC,9/20/2012,1807,1800,1800,1800,-0.39%,10,18000,-0.003873824,-0.003881347,1792,1936.2,1856.800447,2006.304863,58.95007526,-149.5044157,-153.4199213,43.21428571,1936.2,142.1409975,2220.481995,1651.918005,-4086
BBC,9/23/2012,1800,1800,1799,1800,0.00%,30,53990,0,0,1797.4,1917.75,1848.061917,1991.023021,61.76167014,-142.9611043,-151.3281579,43.21428571,1917.75,134.0510017,2185.852003,1649.647997,-4086
BBC,9/27/2012,1800,1830,1830,1830,1.67%,10,18300,0.016666667,0.016529302,1801.8,1900.8,1845.283161,1979.09539,51.45434721,-133.8122296,-147.8249723,41.78571429,1900.8,121.449838,2143.699676,1657.900324,-4076
BBC,10/7/2012,1830,1829,1829,1829,-0.05%,348,636492,-0.000546448,-0.000546597,1813.2,1888.05,1842.778059,1967.977213,54.83253432,-125.1991542,-143.2998087,39.07142857,1888.05,114.384612,2116.819224,1659.280776,-4424
BBC,12/17/2012,1829,1793,1793,1793,-1.97%,200,358600,-0.019682887,-0.019879175,1810.4,1872.7,1835.119896,1955.015938,50.29398678,-119.8960421,-138.6190553,38.85714286,1872.7,104.6277109,2081.955422,1663.444578,-4624
BBC,1/22/2013,1793,1758,1758,1758,-1.95%,10,17580,-0.019520357,-0.019713395,1802,1859.75,1823.255297,1940.422165,55.56180741,-117.1668683,-134.3286179,35.71428571,1859.75,101.8181428,2063.386286,1656.113714,-4634
BBC,1/23/2013,1758,1793,1793,1793,1.99%,500,896500,0.019908987,0.019713395,1800.6,1846.95,1818.600636,1929.502005,49.97272711,-110.9013689,-129.6431681,35.5,1846.95,92.43346113,2031.816922,1662.083078,-4134
BBC,1/31/2013,1793,1828,1828,1828,1.95%,10,18280,0.019520357,0.019332278,1800.2,1835.85,1820.046692,1921.983338,50.29039912,-101.9366459,-124.1018637,35.35714286,1835.85,79.14029847,1994.130597,1677.569403,-4124
BBC,2/4/2013,1828,1864,1864,1864,1.97%,10,18640,0.019693654,0.019502243,1807.2,1829.05,1826.808739,1917.688276,40.80449886,-90.87953639,-117.4573982,35.35714286,1829.05,69.55609247,1968.162185,1689.937815,-4114
BBC,2/5/2013,1864,1901,1901,1901,1.98%,10,19010,0.019849785,0.019655347,1828.8,1826.05,1838.222779,1916.452107,42.64301504,-78.2293277,-109.6117841,30.5,1826.05,64.68911484,1955.42823,1696.67177,-4104
BBC,2/6/2013,1901,1939,1939,1939,2.00%,10,19390,0.019989479,0.019792313,1865,1823,1853.726967,1918.122321,54.5326585,-64.39535419,-100.5684981,28.35714286,1823,57.04199746,1937.083995,1708.916005,-4094
BBC,2/19/2013,1939,1901,1901,1901,-1.96%,320,608320,-0.019597731,-0.019792313,1886.6,1822,1860.999741,1916.854001,53.86401621,-55.8542598,-91.62565046,28.57142857,1822,55.38477845,1932.769557,1711.230443,-4414
BBC,2/21/2013,1901,1863,1825,1825,-4.00%,564,1047167,-0.039978958,-0.040800076,1886,1819.1,1855.46132,1910.050001,43.57027523,-54.58868146,-84.21825666,31.42857143,1819.1,53.50936957,1926.118739,1712.081261,-4978
BBC,2/26/2013,1825,1790,1790,1790,-1.92%,162,289980,-0.019178082,-0.019364367,1871.2,1816.3,1845.390347,1901.157408,41.50600901,-55.76706104,-78.52801754,31.42857143,1816.3,53.49284261,1923.285685,1709.314315,-5140
BBC,3/5/2013,1790,1760,1760,1760,-1.68%,10,17600,-0.016759777,-0.016901811,1843,1813.8,1832.253371,1890.701304,46.19002181,-58.44793323,-74.51200068,33.07142857,1813.8,54.95127028,1923.702541,1703.897459,-5150
BBC,3/6/2013,1760,1725,1725,1725,-1.99%,145,250125,-0.019886364,-0.020086759,1800.2,1814.8,1815.752852,1878.427133,42.3478553,-62.67428115,-72.14445677,35.5,1814.8,53.01499291,1920.829986,1708.770014,-5295
BBC,3/11/2013,1725,1695,1695,1695,-1.74%,60,101700,-0.017391304,-0.01754431,1759,1810.9,1797.17549,1864.839938,52.83753237,-67.66444797,-71.24845501,35.5,1810.9,58.80467221,1928.509344,1693.290656,-5355
BBC,3/13/2013,1695,1720,1720,1720,1.47%,35,60200,0.014749263,0.01464155,1738,1806.5,1785.302338,1854.111054,40.40735564,-68.80871601,-70.76050721,37.21428571,1806.5,62.22581965,1930.951639,1682.048361,-5320
BBC,3/14/2013,1720,1686,1686,1686,-1.98%,80,134880,-0.019767442,-0.019965431,1717.2,1802.2,1770.025055,1841.658383,39.25879589,-71.63332812,-70.93507139,37.07142857,1802.2,67.48457914,1937.169158,1667.230842,-5400
BBC,3/17/2013,1686,1670,1670,1670,-0.95%,28,46760,-0.009489917,-0.009535233,1699.2,1795.35,1754.636585,1828.942948,41.30075787,-74.30636235,-71.60932958,35.71428571,1795.35,73.64371914,1942.637438,1648.062562,-5428
BBC,3/20/2013,1670,1637,1637,1637,-1.98%,24,39288,-0.019760479,-0.019958328,1681.6,1787.2,1736.538649,1814.724951,38.47978578,-78.18630242,-72.92472415,35.57142857,1787.2,81.68269803,1950.565396,1623.834604,-5452
BBC,4/1/2013,1637,1650,1650,1650,0.79%,300,495000,0.007941356,0.00790999,1672.6,1779.7,1723.225011,1802.523103,38.39596887,-79.29809247,-74.19939782,34,1779.7,87.14905562,1953.998111,1605.401889,-5152
BBC,4/9/2013,1650,1640,1640,1640,-0.61%,20,32800,-0.006060606,-0.006079046,1656.6,1770.2,1710.421163,1790.484355,39.08730745,-80.06319189,-75.37215663,32.14285714,1770.2,91.61854558,1953.437091,1586.962909,-5172
BBC,4/22/2013,1640,1670,1670,1670,1.83%,10,16700,0.018292683,0.018127385,1653.4,1762.25,1704.202522,1781.559588,42.0072441,-77.35706532,-75.76913837,31.64285714,1762.25,93.13367586,1948.517352,1575.982648,-5162
BBC,4/23/2013,1670,1672,1672,1672,0.12%,10,16720,0.001197605,0.001196888,1653.8,1756.2,1699.248288,1773.444063,25.50075284,-74.19577452,-75.4544656,29.07142857,1756.2,94.94352892,1946.087058,1566.312942,-5152
BBC,4/25/2013,1672,1730,1700,1730,3.47%,20,34300,0.034688995,0.034100894,1672.4,1754.8,1703.979321,1770.225984,26.3255405,-66.24666322,-73.61290512,30.5,1754.8,95.1218609,1945.043722,1564.556278,-5132
BBC,5/21/2013,1730,1764,1764,1764,1.97%,10,17640,0.019653179,0.019462549,1695.2,1753.35,1713.213271,1769.7648,34.28780458,-56.55152857,-70.20062981,27.5,1753.35,94.72912907,1942.808258,1563.891742,-5122
BBC,5/23/2013,1764,1799,1799,1799,1.98%,10,17990,0.01984127,0.019646997,1727,1751.9,1726.41123,1771.93037,41.92474192,-45.5191407,-65.26433199,27.5,1751.9,93.74315414,1939.386308,1564.413692,-5112
BBC,6/23/2013,1799,1833,1833,1833,1.89%,100,183300,0.018899389,0.018723014,1759.6,1750.35,1742.809502,1776.454047,40.5150278,-33.64454461,-58.94037452,27.78571429,1750.35,92.03276019,1934.41552,1566.28448,-5012
BBC,7/8/2013,1833,1742,1742,1742,-4.96%,60,104520,-0.04964539,-0.05092009,1773.6,1742.4,1742.684963,1773.901895,40.77323475,-31.21693179,-53.39568597,31.78571429,1742.4,84.92746131,1912.254923,1572.545077,-5072
BBC,7/16/2013,1742,1742,1742,1742,0.00%,400,696800,0,0,1776,1732.55,1742.579584,1771.538792,30.07068544,-28.95920741,-48.50839026,29.64285714,1732.55,71.24788085,1875.045762,1590.054238,-5072
BBC,7/23/2013,1742,1776,1776,1776,1.95%,10,17760,0.019517796,0.019329766,1778.4,1726.3,1747.721187,1771.869252,32.32232701,-24.14806487,-43.63632518,30.28571429,1726.3,60.34122271,1846.982445,1605.617555,-5062
BBC,9/11/2013,1776,1776,1776,1776,0.00%,36,63936,0,0,1773.8,1723.85,1752.071773,1772.175233,47.15223698,-20.10345958,-38.92975206,27.85714286,1723.85,57.02656352,1837.903127,1609.796873,-5062
BBC,9/22/2013,1776,1741,1741,1741,-1.97%,130,226330,-0.019707207,-0.019903984,1755.4,1721.4,1750.368424,1769.865956,44.38597196,-19.49753281,-35.04330821,29.21428571,1721.4,55.05346683,1831.506934,1611.293066,-5192
BBC,10/6/2013,1741,1741,1741,1741,0.00%,30,52230,0,0,1755.2,1720.45,1748.927128,1767.727737,34.84719463,-18.80060976,-31.79476852,26.85714286,1720.45,54.51361491,1829.47723,1611.42277,-5192
BBC,11/28/2013,1741,1755,1755,1755,0.80%,292,512460,0.008041356,0.008009196,1757.8,1721.95,1749.861416,1766.784942,40.45230251,-16.92352635,-28.82052009,26.92857143,1721.95,55.05545052,1832.060901,1611.839099,-4900
BBC,12/10/2013,1755,1730,1730,1730,-1.42%,105,181650,-0.014245014,-0.014347448,1748.6,1723.7,1746.805813,1764.060132,41.10553982,-17.25431824,-26.50727972,28,1723.7,54.70889469,1833.117789,1614.282211,-5005
BBC,12/18/2013,1730,1764,1764,1764,1.97%,100,176400,0.019653179,0.019462549,1746.2,1725.9,1749.451073,1764.055677,30.60659898,-14.60460456,-24.12674469,28.28571429,1725.9,55.43217762,1836.764355,1615.035645,-4905
BBC,1/5/2014,1764,1763,1729,1763,-0.06%,413,722849,-0.000566893,-0.000567054,1750.6,1729.75,1751.535523,1763.977479,36.09537592,-12.4419559,-21.78978693,30.64285714,1729.75,55.1885524,1840.127105,1619.372895,-5318
BBC,1/6/2014,1763,1763,1728,1728,-1.99%,134,235052,-0.019852524,-0.020052233,1748,1732.65,1747.914673,1761.312481,31.48359641,-13.39780717,-20.11139098,29,1732.65,53.3777748,1839.40555,1625.89445,-5452
BBC,1/13/2014,1728,1750,1749,1750,1.27%,378,661150,0.012731481,0.012651118,1747,1738.3,1748.235493,1760.474519,33.78795976,-12.23902617,-18.53691802,28.14285714,1738.3,48.47582143,1835.251643,1641.348357,-5074
BBC,1/19/2014,1750,1715,1715,1715,-2.00%,160,274400,-0.02,-0.020202707,1744,1741.55,1743.12234,1757.106036,38.86141535,-13.98369603,-17.62627362,28.14285714,1741.55,44.23796298,1830.025926,1653.074074,-5234
BBC,1/22/2014,1715,1759,1749,1759,2.57%,1000,1754000,0.025655977,0.025332385,1743,1747.5,1745.565057,1757.24633,37.30127677,-11.68127275,-16.43727344,28.85714286,1747.5,37.32291521,1822.14583,1672.85417,-4234
BBC,2/3/2014,1759,1829,1794,1829,3.98%,623,1125467,0.039795338,0.039023904,1756.2,1755.45,1758.401202,1762.561416,34.52033185,-4.160214358,-13.98186163,27.35714286,1755.45,36.87742856,1829.204857,1681.695143,-3611
BBC,2/5/2014,1829,1850,1850,1850,1.15%,350,647500,0.011481684,0.01141627,1780.6,1764.35,1772.493325,1769.038349,37.28944413,3.454976281,-10.49449404,28.85714286,1764.35,37.15582408,1838.661648,1690.038352,-3261
BBC,2/9/2014,1850,1820,1820,1820,-1.62%,250,455000,-0.016216216,-0.016349138,1794.6,1768.85,1779.802044,1772.813286,37.35086169,6.98875839,-6.997843558,28.57142857,1768.85,38.21170253,1845.273405,1692.426595,-3511
BBC,2/12/2014,1820,1893,1856,1893,4.01%,613,1147459,0.04010989,0.039326371,1830.2,1775.3,1797.217114,1781.716005,33.75422127,15.50110895,-2.498053056,33.78571429,1775.3,47.18396249,1869.667925,1680.932075,-2898
BBC,2/20/2014,1893,1930,1930,1930,1.95%,306,590580,0.019545695,0.019357131,1864.4,1781.85,1817.645251,1792.700005,36.41469431,24.94524561,2.990606677,33.92857143,1781.85,58.40536655,1898.660733,1665.039267,-2592
BBC,3/13/2014,1930,1892,1855,1855,-3.89%,40,74570,-0.038860104,-0.039635307,1869.6,1782.95,1823.392135,1797.314819,45.19310459,26.0773157,7.607948481,39.28571429,1782.95,59.61408788,1902.178176,1663.721824,-2632
BBC,3/26/2014,1855,1892,1892,1892,1.99%,150,283800,0.019946092,0.019749775,1878,1790.45,1833.947191,1804.328536,40.66719034,29.61865476,12.01008974,40.92857143,1790.45,63.50008288,1917.450166,1663.449834,-2482
BBC,4/17/2014,1892,1855,1855,1855,-1.96%,50,92750,-0.019556025,-0.019749775,1885,1796.1,1837.186085,1808.081978,37.9567897,29.10410667,15.42889312,41.78571429,1796.1,63.98758103,1924.075162,1668.124838,-2532
BBC,4/20/2014,1855,1855,1855,1855,0.00%,637,1181635,0,0,1877.4,1800.05,1839.926687,1811.557387,40.97851763,28.36929998,18.01697449,39.35714286,1800.05,65.11000812,1930.270016,1669.829984,-2532
BBC,4/29/2014,1855,1855,1855,1855,0.00%,10,18550,0,0,1862.4,1804,1842.245658,1814.775359,43.95485667,27.47029986,19.90763957,36.85714286,1804,65.96490295,1935.929806,1672.070194,-2532
BBC,5/7/2014,1855,1892,1892,1892,1.99%,10,18920,0.019946092,0.019749775,1869.8,1811.55,1849.900172,1820.495702,51.23193167,29.40447014,21.80700568,37,1811.55,67.00783536,1945.565671,1677.534329,-2522
BBC,6/4/2014,1892,1936,1900,1936,2.33%,185,354161,0.023255814,0.022989518,1878.6,1821.3,1863.1463,1829.051576,49.70567061,34.09472355,24.26454926,38.57142857,1821.3,70.30766972,1961.915339,1680.684661,-2337
BBC,6/8/2014,1936,1898,1898,1898,-1.96%,244,463112,-0.019628099,-0.019823289,1887.2,1828.45,1868.508408,1834.158867,35.46040589,34.34954063,26.28154753,38.78571429,1828.45,70.48140852,1969.412817,1687.487183,-2581
BBC,6/10/2014,1898,1880,1880,1880,-0.95%,408,767040,-0.009483667,-0.009528923,1892.2,1835.95,1870.276345,1837.554506,33.25372421,32.72183844,27.56960571,36.92857143,1835.95,67.36583157,1970.681663,1701.218337,-2989
BBC,6/12/2014,1880,1917,1917,1917,1.97%,227,435159,0.019680851,0.019489687,1904.6,1843.6,1877.464599,1843.439358,36.57887823,34.02524171,28.86073291,34.57142857,1843.6,67.45243938,1978.504879,1708.695121,-2762
BBC,6/15/2014,1917,1880,1880,1880,-1.93%,152,285760,-0.019300991,-0.019489687,1902.2,1849.45,1877.854661,1846.147553,33.03256936,31.7071076,29.43000785,35.71428571,1849.45,65.12778936,1979.705579,1719.194421,-2914
BBC,6/19/2014,1880,1916,1916,1916,1.91%,80,153280,0.019148936,0.018967903,1898.2,1858.85,1883.723175,1851.321809,39.66644512,32.40136599,30.02427948,36.14285714,1858.85,60.04496122,1978.939922,1738.760078,-2834
BBC,6/25/2014,1916,1950,1925,1950,1.77%,301,582700,0.017745303,0.017589693,1908.6,1868.85,1893.919609,1858.631304,27.17306282,35.28830499,31.07708458,33.35714286,1868.85,57.56577474,1983.981549,1753.718451,-2533
BBC,7/1/2014,1950,1912,1912,1912,-1.95%,107,204584,-0.019487179,-0.019679558,1915,1878.7,1896.701208,1862.584541,17.17563042,34.11666683,31.68500103,33.42857143,1878.7,45.43022412,1969.560448,1787.839552,-2640
BBC,7/15/2014,1912,1950,1950,1950,1.99%,10,19500,0.019874477,0.019679558,1921.6,1888.25,1904.901022,1869.05976,49.75400146,35.84126182,32.51625319,30.78571429,1888.25,38.48837829,1965.226757,1811.273243,-2630
BBC,7/16/2014,1950,1989,1950,1950,0.00%,85,166140,0,0,1935.6,1894.3,1911.839326,1875.055334,57.43985872,36.78399279,33.36980111,30.92857143,1894.3,38.1935514,1970.687103,1817.912897,-2630
BBC,7/17/2014,1950,1949,1911,1949,-0.05%,127,246763,-0.000512821,-0.000512952,1942.2,1899.25,1917.556353,1880.532716,60.62906937,37.02363681,34.10056825,31.07142857,1899.25,38.56351562,1976.377031,1822.122969,-2757
BBC,9/11/2014,1949,1930,1930,1930,-0.97%,50,96500,-0.009748589,-0.009796418,1938.2,1904.75,1919.47076,1884.19696,71.41553074,35.27380078,34.33521475,32.42857143,1904.75,34.27117094,1973.292342,1836.207658,-2807
BBC,10/13/2014,1930,1930,1930,1930,0.00%,100,193000,0,0,1941.8,1906.6,1921.090643,1887.589777,71.2407805,33.500866,34.168345,32.42857143,1906.6,34.60057803,1975.801156,1837.398844,-2807
BBC,11/20/2014,1930,1900,1900,1900,-1.55%,85,161500,-0.015544041,-0.015666117,1931.8,1905.1,1917.845929,1888.509053,67.62947035,29.33687588,33.20205118,31.92857143,1905.1,34.18048073,1973.460961,1836.739039,-2892
BBC,12/7/2014,1900,1900,1900,1900,0.00%,95,180500,0,0,1921.8,1907.35,1915.100401,1889.360234,68.48890671,25.74016709,31.70967436,28.78571429,1907.35,32.12848384,1971.606968,1843.093032,-2892
BBC,12/15/2014,1900,1862,1862,1862,-2.00%,20,37240,-0.02,-0.020202707,1904.4,1905.85,1906.931109,1887.33355,64.85850801,19.59755859,29.28725121,28.78571429,1905.85,33.55164911,1972.953298,1838.746702,-2912
BBC,1/1/2015,1862,1890,1890,1890,1.50%,50,94500,0.015037594,0.01492565,1896.4,1907.6,1904.326323,1887.531065,68.08562879,16.79525781,26.78885253,29.5,1907.6,31.61678435,1970.833569,1844.366431,-2862
BBC,1/5/2015,1890,1899,1899,1899,0.48%,10,18990,0.004761905,0.004750603,1890.2,1909.8,1903.506889,1888.380616,68.80024908,15.12627278,24.45633658,27.5,1909.8,29.2027396,1968.205479,1851.394521,-2852
BBC,1/13/2015,1899,1875,1875,1875,-1.26%,121,226875,-0.012638231,-0.012718772,1885.2,1910.8,1899.121213,1887.389459,68.63171394,11.73175434,21.91142013,26.57142857,1910.8,27.52147487,1965.84295,1855.75705,-2973
BBC,2/16/2015,1875,1960,1912,1960,4.53%,915,1786600,0.045333333,0.044335814,1897.2,1914.2,1908.487181,1892.768018,61.22601522,15.71916291,20.67296869,30.07142857,1914.2,29.22435898,1972.648718,1855.751282,-2058
BBC,2/19/2015,1960,1970,1970,1970,0.51%,100,197000,0.005102041,0.00508907,1918.8,1915.9,1917.950691,1898.488905,71.79543459,19.46178601,20.43073215,28.35714286,1915.9,31.46242538,1978.824851,1852.975149,-1958
BBC,2/24/2015,1970,1970,1970,1970,0.00%,121,238370,0,0,1934.8,1919.5,1925.958277,1903.786023,75.83824074,22.17225384,20.77903649,25.64285714,1919.5,33.36796447,1986.235929,1852.764071,-1958
BBC,3/2/2015,1970,2009,2009,2009,1.98%,300,602700,0.019796954,0.019603543,1956.8,1925.95,1938.733927,1911.579651,62.7444229,27.15427559,22.05408431,25.71428571,1925.95,37.53801582,2001.026032,1850.873968,-1658
BBC,3/19/2015,2009,2009,2009,2009,0.00%,96,192864,0,0,1983.6,1930.55,1949.544092,1918.795973,53.16282331,30.74811856,23.79289116,22.92857143,1930.55,41.78072459,2014.111449,1846.988551,-1658
BBC,3/30/2015,2009,2010,2010,2010,0.05%,760,1527600,0.00049776,0.000497636,1993.6,1937.05,1958.845001,1925.551827,52.09532005,33.29317366,25.69294766,20.21428571,1937.05,43.57627916,2024.202558,1849.897442,-898
BBC,4/2/2015,2010,1970,1970,1970,-1.99%,100,197000,-0.019900498,-0.020101179,1993.6,1939.75,1960.561155,1928.844284,37.96014392,31.71687013,26.89773215,21.71428571,1939.75,43.87527178,2027.500544,1851.999456,-998
BBC,4/5/2015,1970,2009,2009,2009,1.98%,10,20090,0.019796954,0.019603543,2001.4,1942.7,1968.013285,1934.781745,36.78688144,33.23153978,28.16449368,24.5,1942.7,46.50534774,2035.710695,1849.689305,-988
BBC,4/6/2015,2009,2049,2049,2049,1.99%,10,20490,0.019910403,0.019714783,2009.4,1949.55,1980.472779,1943.242356,38.38916299,37.23042295,29.97767953,25.21428571,1949.55,51.56036319,2052.670726,1846.429274,-978
BBC,4/7/2015,2049,2055,2055,2055,0.29%,500,1027500,0.002928258,0.002923979,2018.6,1954.8,1991.938506,1951.5207,33.64498242,40.41780524,32.06570468,25.64285714,1954.8,56.69827808,2068.196556,1841.403444,-478
BBC,4/8/2015,2055,2096,2096,2096,2.00%,100,209600,0.019951338,0.019754919,2035.8,1962.1,2007.947966,1962.222871,42.37525007,45.72509557,34.79758285,25.85714286,1962.1,64.85928088,2091.818562,1832.381438,-378
BBC,4/9/2015,2096,2055,2050,2050,-2.19%,48,98450,-0.021946565,-0.022190973,2051.8,1967.15,2014.41751,1968.72488,45.27272727,45.69262964,36.97659221,27.14285714,1967.15,67.65724375,2102.464487,1831.835513,-426
BBC,4/12/2015,2050,2131,2090,2131,3.95%,56,117450,0.039512195,0.03875156,2076.2,1977.2,2032.353278,1980.74526,37.87128713,51.60801811,39.90287739,32.28571429,1977.2,76.23343651,2129.666873,1824.733127,-370
BBC,6/2/2015,2237,2237,2237,2237,4.97%,10,22370,0.049741905,0.048544329,2113.8,1992.55,2063.837389,1999.727092,38.66891323,64.11029661,44.74436124,38.14285714,1992.55,94.86138086,2182.272762,1802.827238,-360
BBC,6/4/2015,2237,2390,2281,2390,6.84%,421,977570,0.068395172,0.066157683,2180.8,2017.05,2114.016252,2028.636196,43.22033898,85.3800556,52.87150011,43,2017.05,127.3972135,2271.844427,1762.255573,61
BBC,6/7/2015,2390,2350,2350,2350,-1.67%,100,235000,-0.016736402,-0.016878038,2231.6,2039.55,2150.321444,2052.440923,38.90577508,97.8805214,61.87330437,45.14285714,2039.55,144.2587131,2328.067426,1751.032574,-39
BBC,6/10/2015,2350,2303,2303,2303,-2.00%,100,230300,-0.02,-0.020202707,2282.2,2061.6,2173.810453,2071.000854,38.83140596,102.8095984,70.06056316,48.5,2061.6,149.3069604,2360.213921,1762.986079,-139
BBC,6/11/2015,2303,2280,2280,2280,-1.00%,248,565440,-0.009986974,-0.010037178,2312,2081.1,2190.147306,2086.482272,39.68484346,103.6650336,76.78145725,47.35714286,2081.1,151.1718785,2383.443757,1778.756243,-387
BBC,6/16/2015,2280,2260,2260,2260,-0.88%,100,226000,-0.00877193,-0.00881063,2316.6,2099.15,2200.893874,2099.335437,44.99772624,101.5584369,81.73685318,48.78571429,2099.15,149.8305271,2398.811054,1799.488946,-487
BBC,6/17/2015,2260,2280,2280,2280,0.88%,46,104880,0.008849558,0.00881063,2294.6,2119.4,2213.064048,2112.717998,47.24841829,100.3460499,85.45869252,50.14285714,2119.4,145.239693,2409.879386,1828.920614,-441
BBC,6/30/2015,2235,2235,2235,2235,-1.97%,10,22350,-0.019736842,-0.019934215,2271.6,2133.15,2216.438809,2121.775924,45.41073887,94.66288569,87.29953115,50.5,2133.15,142.3432748,2417.83655,1848.46345,-451
BBC,7/5/2015,2192,2192,2192,2192,-1.92%,10,21920,-0.019239374,-0.019426859,2249.4,2144.25,2212.678993,2126.977707,40.57231588,85.70128543,86.97988201,50.78571429,2144.25,137.5254522,2419.300904,1869.199096,-461
BBC,7/8/2015,2192,2192,2192,2192,0.00%,30,65760,0,0,2231.8,2155.35,2209.497609,2131.794173,43.66573687,77.70343581,85.12459277,47.92857143,2155.35,131.5503806,2418.450761,1892.249239,-461
BBC,7/12/2015,2149,2149,2149,2149,-1.96%,27,58023,-0.019616788,-0.019811751,2209.6,2162.35,2200.190285,2133.068679,46.97832142,67.12160565,81.52399535,50.57142857,2162.35,126.9990779,2416.348156,1908.351844,-488
BBC,7/15/2015,2107,2107,2107,2107,-1.95%,10,21070,-0.019543974,-0.019737483,2175,2167.25,2185.853318,2131.137666,42.84415584,54.71565204,76.16232668,50.64285714,2167.25,122.5848256,2412.419651,1922.080349,-498
BBC,7/16/2015,2107,2065,2065,2065,-1.99%,186,384090,-0.019933555,-0.020134908,2141,2170,2167.2605,2126.238579,32.86367098,41.02192027,69.1342454,50.35714286,2170,119.4482932,2408.896586,1931.103414,-684
BBC,7/30/2015,2065,2106,2106,2106,1.98%,10,21060,0.019854722,0.019660187,2123.8,2176.8,2157.835807,2124.739425,38.77489891,33.09638204,61.92667273,47.5,2176.8,111.0384476,2398.876895,1954.723105,-674
BBC,8/2/2015,2106,2184,2100,2184,3.70%,147,311388,0.037037037,0.036367644,2122.2,2185.55,2161.861068,2129.129098,43.40051093,32.73197025,56.08773223,45.92857143,2185.55,103.7773299,2393.10466,1977.99534,-527
BBC,8/17/2015,2150,2150,2108,2108,-3.48%,50,106240,-0.034798535,-0.035418427,2114,2188.5,2153.57475,2127.563979,54.93844833,26.01077046,50.07233988,40.42857143,2188.5,100.477544,2389.455088,1987.544912,-577
BBC,12/15/2015,2108,2108,2108,2108,0.00%,342,720936,0,0,2114.2,2191.15,2146.56325,2126.114796,37.61395164,20.44845416,44.14756273,37.57142857,2191.15,97.42380288,2385.997606,1996.302394,-577
BBC,1/3/2016,2150,2150,2150,2150,1.99%,24,51600,0.019924099,0.019728211,2131.2,2193.85,2147.091981,2127.88407,29.17639213,19.20791056,39.1596323,37.21428571,2193.85,95.37475943,2384.599519,2003.100481,-553
BBC,1/5/2016,2149,2149,2149,2149,-0.05%,88,189112,-0.000465116,-0.000465224,2139.8,2198.8,2147.385522,2129.448213,30.64798599,17.93730905,34.91516765,35.64285714,2198.8,89.92956308,2378.659126,2018.940874,-641
BBC,1/6/2016,2149,2149,2131,2131,-0.84%,36,77040,-0.008375989,-0.008411265,2129.2,2198.8,2144.864672,2129.56316,28.47100176,15.30151233,30.99243659,35.5,2198.8,89.92956308,2378.659126,2018.940874,-677
BBC,1/7/2016,2089,2089,2000,2000,-6.15%,3707,7421410,-0.061473487,-0.063444173,2107.6,2186.95,2122.5778,2119.965889,43.64625471,2.611910762,25.31633142,43.42857143,2186.95,99.71352387,2386.377048,1987.522952,-4384
BBC,1/14/2016,2040,2040,2030,2030,1.50%,20,40700,0.015,0.014888612,2092,2168.95,2108.335061,2113.301749,39.31892435,-4.966687738,19.25972759,43.07142857,2168.95,93.42516003,2355.80032,1982.09968,-4364
BBC,9/14/2017,2000,2233,2000,2233,10.00%,4494,9029160,0.1,0.09531018,2108.6,2163.1,2127.514283,2122.168286,46.85850716,5.345996488,16.47698137,56.64285714,2163.1,84.75220848,2332.604417,1993.595583,130
BBC,9/17/2017,2277,2456,2277,2456,9.99%,50,118380,0.099865652,0.095188037,2170,2170.75,2178.050547,2146.896561,45.66612152,31.15398559,19.41238221,72.57142857,2170.75,102.9879272,2376.725854,1964.774146,180
BBC,9/18/2017,2505,2701,2505,2701,9.98%,1260,3398460,0.0997557,0.095088065,2284,2191.8,2258.504309,2187.94126,52.62696062,70.56304845,29.64251546,87,2191.8,155.9168469,2503.633694,1879.966306,1440
BBC,9/20/2017,2755,2971,2720,2971,10.00%,6050,17227400,0.099962977,0.095276522,2478.2,2227.35,2368.119031,2245.945612,52.81195079,122.1734191,48.14869618,103.2857143,2227.35,233.8596689,2695.069338,1759.630662,7490
BBC,9/24/2017,3030,3030,2790,2790,-6.09%,763,2208160,-0.060922248,-0.062857001,2630.2,2252.85,2433.023795,2286.245937,51.6101331,146.7778585,67.87452865,117.4285714,2252.85,265.5594442,2783.968888,1721.731112,6727
BBC,9/25/2017,2785,2785,2511,2511,-10.00%,696,1825820,-0.1,-0.105360516,2685.8,2266.65,2445.020134,2302.894386,50.30867427,142.1257486,82.72477264,134.4285714,2266.65,271.6836928,2810.017386,1723.282614,6031
BBC,9/26/2017,2461,2461,2260,2265,-9.80%,1903,4325520,-0.097968937,-0.103106321,2647.6,2270.3,2417.324729,2300.087394,45.44407206,117.2373349,89.62728508,146.3571429,2270.3,271.1177837,2812.535567,1728.064433,4128
BBC,10/3/2017,2220,2310,2220,2310,1.99%,70,159250,0.01986755,0.019672766,2569.4,2276.2,2400.813232,2300.821661,36.51005334,99.99157098,91.70014226,147.3571429,2276.2,270.6076204,2817.415241,1734.984759,4198
BBC,10/4/2017,2265,2265,2264,2264,-1.99%,130,294370,-0.01991342,-0.020114364,2428,2281.95,2379.765043,2298.094131,37.91131621,81.67091186,89.69429618,150.6428571,2281.95,268.9794504,2819.908901,1743.991099,4068
BBC,10/8/2017,2219,2219,2038,2151,-4.99%,916,1883700,-0.049911661,-0.05120031,2300.2,2284.15,2344.570421,2287.198269,44.37035418,57.37215145,83.22986724,163.7857143,2284.15,267.6498646,2819.449729,1748.850271,3152
BBC,10/9/2017,2194,2194,2000,2115,-1.67%,264,545336,-0.016736402,-0.016878038,2221,2286.65,2309.251894,2274.442842,51.17295799,34.80905254,73.5457043,177.5714286,2286.65,265.7217134,2818.093427,1755.206573,2888
BBC,10/10/2017,2075,2075,2034,2075,-1.89%,550,1137620,-0.01891253,-0.019093659,2183,2285.1,2273.213141,2259.669298,45.41067373,13.54384339,61.54533212,182.0714286,2285.1,266.9186551,2818.93731,1751.26269,2338
BBC,10/11/2017,2115,2150,2100,2101,1.20%,270,570160,0.01253012,0.012452268,2141.2,2280.95,2246.718812,2247.916017,39.01046622,-1.197204728,48.99682475,178.0714286,2280.95,269.2086796,2819.367359,1742.532641,2608
BBC,10/12/2017,2140,2172,2103,2103,0.14%,120,256140,0.000951928,0.000951475,2109,2280.7,2224.608226,2237.181497,36.31889764,-12.57327143,36.68280551,180.2857143,2280.7,269.3800094,2819.460019,1741.939981,2728
BBC,10/15/2017,2145,2145,2111,2111,1.95%,380,808110,0.003804089,0.003796872,2101,2280.85,2207.130037,2227.834719,30.35363458,-20.70468243,25.20530792,166.6428571,2280.85,269.2795994,2819.409199,1742.290801,3108
BBC,10/16/2017,2102,2102,2040,2094,-2.33%,447,929731,-0.008053055,-0.008085656,2096.8,2278.05,2189.725416,2217.921037,39.71234174,-28.19562058,14.52512222,155.7857143,2278.05,270.9974704,2820.044941,1736.055059,2661
BBC,10/17/2017,2090,2175,2090,2120,1.48%,510,1079570,0.012416428,0.012339976,2105.8,2276.6,2178.998429,2210.667626,31.20947279,-31.66919754,5.286258271,144.3571429,2276.6,271.800701,2820.201402,1732.998598,3171
BBC,10/18/2017,2083,2200,2002,2200,3.53%,710,1462560,0.037735849,0.037041272,2125.6,2280.05,2182.22944,2209.877432,33.02836231,-27.64799204,-1.300591792,139.2142857,2280.05,270.2890217,2820.628043,1739.471957,3881
BBC,10/22/2017,2156,2198,2113,2198,-0.09%,40,86220,-0.000909091,-0.000909504,2144.6,2289.95,2184.65568,2208.997622,33.67537313,-24.34194225,-5.908861884,128.2857143,2289.95,263.0200062,2815.990012,1763.909988,3841
BBC,10/23/2017,2198,2155,2100,2100,-4.46%,70,147770,-0.044585987,-0.045610511,2142.4,2293.45,2171.631729,2200.923724,30.13355593,-29.29199506,-10.58548852,115.3571429,2293.45,259.8251386,2813.100277,1773.799723,3771
BBC,10/24/2017,2100,2140,2058,2061,-1.86%,267,559126,-0.018571429,-0.018746043,2135.8,2284.85,2154.611463,2190.559004,33.07952623,-35.94754077,-15.65789897,103.2857143,2284.85,264.7314975,2814.312995,1755.387005,3504
BBC,10/25/2017,2100,2223,2099,2180,6.74%,783,1706900,0.057738962,0.056133575,2147.8,2271.05,2158.517392,2189.776855,38.34519573,-31.25946358,-18.77821189,108.4285714,2271.05,262.5246805,2796.099361,1746.000639,4287
BBC,10/29/2017,2161,2170,2117,2170,-1.36%,105,225625,-0.004587156,-0.004597709,2141.8,2244.5,2160.283947,2188.311903,29.68879512,-28.02795622,-20.62816076,109.6428571,2244.5,242.8689272,2730.237854,1758.762146,4182
BBC,10/30/2017,2127,2127,2100,2100,-3.23%,60,126270,-0.032258065,-0.032789823,2122.2,2200.95,2151.009494,2181.770281,26.44508671,-30.76078714,-22.65468603,98.5,2200.95,174.0941896,2549.138379,1852.761621,4122
BBC,10/31/2017,2140,2140,2100,2101,0.00%,150,317450,0.00047619,0.000476077,2122.4,2166.5,2143.315725,2175.787297,28.0565371,-32.47157163,-24.61806315,87.5,2166.5,106.4105753,2379.321151,1953.678849,4272
BBC,11/2/2017,2120,2178,2120,2160,3.71%,616,1322250,0.028081866,0.0276948,2142.2,2148.95,2145.882537,2174.617868,31.95402299,-28.73533073,-25.44151667,87.21428571,2148.95,68.95572569,2286.861451,2011.038549,4888
BBC,11/5/2017,2220,2220,2205,2210,1.47%,100,221200,0.023148148,0.022884294,2148.2,2146.2,2155.746762,2177.238766,27.96735905,-21.49200433,-24.6516142,86.14285714,2146.2,65.07129693,2276.342594,2016.057406,4988
BBC,11/6/2017,2210,2209,2165,2165,-2.04%,60,130810,-0.020361991,-0.020572154,2147.2,2138.95,2157.170337,2176.332191,29.08950617,-19.16185396,-23.55366215,84.28571429,2138.95,52.7770634,2244.504127,2033.395873,4928
BBC,11/7/2017,2208,2208,2172,2172,0.32%,66,144313,0.003233256,0.003228041,2161.6,2134.35,2159.451824,2176.011288,42.56032172,-16.55946431,-22.15482258,84.35714286,2134.35,44.694607,2223.739214,2044.960786,4994
BBC,11/8/2017,2135,2135,2129,2130,-1.98%,100,213110,-0.019337017,-0.019526422,2167.4,2133.3,2154.920774,2172.603044,24.35322003,-17.68227055,-21.26031218,82.35714286,2133.3,44.52923345,2222.358467,2044.241533,4894
BBC,11/9/2017,2087,2107,2060,2107,-1.03%,120,248790,-0.010798122,-0.010856845,2156.8,2132.9,2147.548347,2167.74356,38.25446898,-20.19521252,-21.04729225,81.28571429,2132.9,44.73771516,2222.37543,2043.42457,4774
BBC,11/12/2017,2107,2070,2065,2070,-1.76%,60,123950,-0.017560513,-0.017716528,2128.8,2132.65,2135.617832,2160.503296,50.1781775,-24.88546379,-21.81492655,70.14285714,2132.65,45.09087316,2222.831746,2042.468254,4714
BBC,11/14/2017,2029,2080,2029,2080,0.48%,70,143270,0.004830918,0.004819286,2111.8,2131.6,2127.061243,2154.540089,59.46502058,-27.47884624,-22.94771049,67.57142857,2131.6,46.09989154,2223.799783,2039.400217,4784
BBC,11/15/2017,2121,2121,2041,2062,-1.87%,190,394470,-0.008653846,-0.008691508,2089.8,2129.55,2117.051821,2147.685267,67.76103337,-30.63344678,-24.48485775,66.28571429,2129.55,48.29784238,2226.145685,2032.954315,4594
BBC,11/16/2017,2040,2042,2001,2023,-0.93%,210,427000,-0.018913676,-0.019094827,2068.4,2125.15,2102.58231,2138.449322,71.03481625,-35.86701192,-26.76128858,64.78571429,2125.15,53.77465163,2232.699303,2017.600697,4384
BBC,11/20/2017,1985,1985,1885,1885,-6.77%,2140,4079950,-0.068215522,-0.070653737,2024,2114.7,2069.108108,2119.675298,72.8959276,-50.56718959,-31.52246879,63.07142857,2114.7,75.90166769,2266.503335,1962.896665,2244
BBC,11/21/2017,1860,2073,1855,2070,9.81%,1341,2557510,0.098143236,0.093620786,2024,2112.2,2069.245322,2115.995646,77.08811711,-46.75032379,-34.56803979,74.14285714,2112.2,76.53867272,2265.277345,1959.122655,3585
BBC,11/22/2017,2090,2090,1961,2070,0.00%,801,1601160,0,0,2022,2105.7,2069.361427,2112.588561,78.21054164,-43.22713464,-36.29985876,78.35714286,2105.7,74.1734099,2254.04682,1957.35318,3585
BBC,11/23/2017,2070,2070,2029,2030,-1.93%,220,446810,-0.019323671,-0.019512814,2015.6,2097.3,2063.305823,2106.47089,75.75440984,-43.16506753,-37.67290051,78.42857143,2097.3,72.66802671,2242.636053,1951.963947,3365
BBC,11/26/2017,2030,2000,1922,1935,-4.68%,669,1296167,-0.04679803,-0.047928467,1998,2089.05,2043.566465,2093.769343,75.81317563,-50.20287743,-40.17889589,80.64285714,2089.05,81.20958914,2251.469178,1926.630822,2696
BBC,11/27/2017,1960,1960,1898,1900,-1.91%,870,1661080,-0.018087855,-0.01825344,2001,2081,2021.479317,2079.416058,73.80952381,-57.93674129,-43.73046497,80.78571429,2081,91.46814228,2263.936285,1898.063715,1826
BBC,11/28/2017,1900,1935,1898,1910,0.00%,330,632510,0.005263158,0.005249356,1969,2067.5,2004.328653,2066.86672,76.96852277,-62.53806777,-47.49198553,80.21428571,2067.5,95.90483221,2259.309664,1875.690336,2156
BBC,11/29/2017,1935,2000,1932,1932,1.79%,400,781600,0.011518325,0.011452494,1941.4,2055.6,1993.201168,2056.876593,75.88288333,-63.67542535,-50.7286735,83.57142857,2055.6,97.27302866,2250.146057,1861.053943,2556
BBC,12/4/2017,1896,1915,1896,1915,-0.88%,150,284710,-0.008799172,-0.008838113,1918.4,2046.35,1981.170219,2046.367216,88.12903601,-65.19699696,-53.62233819,83.07142857,2046.35,101.531574,2249.413148,1843.286852,2406
BBC,12/5/2017,1890,1916,1886,1916,0.05%,385,734400,0.000522193,0.000522057,1914.6,2037.1,1971.144031,2036.710385,86.40135422,-65.56635366,-56.01114128,80.21428571,2037.1,104.6693541,2246.438708,1827.761292,2791
BBC,12/6/2017,1920,1920,1887,1887,-1.51%,522,992670,-0.015135699,-0.015251413,1912,2023.45,1958.198796,2025.620727,82.89011125,-67.4219311,-58.29329925,79.57142857,2023.45,105.5952925,2234.640585,1812.259415,2269
BBC,12/10/2017,1887,1890,1887,1887,0.00%,138,260556,0,0,1907.4,2007.3,1947.245135,2015.352525,79.44245677,-68.10738999,-60.25611739,76.14285714,2007.3,100.1205063,2207.541013,1807.058987,2269
BBC,12/11/2017,1860,1860,1860,1860,-1.43%,60,111600,-0.014308426,-0.014411779,1893,1992.05,1933.822806,2003.84493,73.21289821,-70.02212399,-62.20931871,72.35714286,1992.05,98.04267331,2188.135347,1795.964653,2209
BBC,12/12/2017,1840,1840,1821,1825,-2.10%,460,840970,-0.018817204,-0.018996501,1875,1974.7,1917.080836,1990.597158,62.64222503,-73.51632158,-64.47071929,70.78571429,1974.7,95.18353462,2165.067069,1784.332931,1749
BBC,12/13/2017,1850,1850,1850,1850,1.59%,33,61050,0.01369863,0.013605652,1861.8,1960.7,1906.760708,1980.182553,48.44217348,-73.42184594,-66.26094462,62.71428571,1960.7,91.66592663,2144.031853,1777.368147,1782
BBC,12/17/2017,1850,1850,1742,1776,-5.88%,815,1431880,-0.04,-0.040821995,1839.6,1944.15,1886.643676,1965.05792,51.64231444,-78.41424428,-68.69160455,54.85714286,1944.15,93.71921951,2131.588439,1756.711561,967
BBC,12/18/2017,1811,1847,1811,1847,4.00%,330,609110,0.039977477,0.039199057,1831.6,1933,1880.544649,1956.312889,51.87881635,-75.76824019,-70.10693168,50.71428571,1933,91.18979629,2115.379593,1750.620407,1297
BBC,12/19/2017,1873,1873,1836,1837,-0.60%,90,166350,-0.005414185,-0.005428895,1827,1920.85,1873.845472,1947.474897,54.36869308,-73.62942513,-70.81143037,50.42857143,1920.85,86.64827571,2094.146551,1747.553449,1207
BBC,12/21/2017,1850,1850,1813,1813,-1.25%,30,54760,-0.01306478,-0.013150874,1824.6,1908.4,1864.48463,1937.513794,50.92752906,-73.02916348,-71.25497699,45.35714286,1908.4,83.11653202,2074.633064,1742.166936,1177
BBC,12/24/2017,1780,1781,1780,1781,-1.76%,130,231450,-0.017650303,-0.017807927,1810.8,1896.3,1851.640841,1925.920179,69.59011453,-74.27933838,-71.85984927,43.28571429,1896.3,83.170149,2062.640298,1729.959702,1047
BBC,12/26/2017,1760,1760,1725,1726,-3.14%,530,921840,-0.030881527,-0.031368412,1800.8,1888.35,1832.311481,1911.111277,68.39962418,-78.79979634,-73.24783868,44.64285714,1888.35,91.49016341,2071.330327,1705.369673,517
BBC,12/28/2017,1755,1782,1750,1782,3.30%,51,89972,0.032444959,0.031929736,1787.8,1873.95,1824.571253,1901.547479,58.82352941,-76.97622584,-73.99351611,42.21428571,1873.95,83.73044155,2041.410883,1706.489117,568
BBC,12/31/2017,1747,1747,1715,1730,-2.92%,56,97070,-0.029180696,-0.029614921,1766.4,1856.95,1810.021829,1888.840258,58.18931346,-78.81842872,-74.95849863,44.42857143,1856.95,75.98855523,2008.92711,1704.97289,512
BBC,1/1/2018,1764,1764,1764,1764,1.97%,10,17640,0.019653179,0.019462549,1756.6,1843.65,1802.941548,1879.592832,47.7243173,-76.65128363,-75.29705563,44.71428571,1843.65,66.83307958,1977.316159,1709.983841,522
BBC,1/2/2018,1735,1765,1731,1765,0.06%,70,121890,0.000566893,0.000566733,1753.4,1835.15,1797.104387,1871.104474,48.24447334,-74.00008696,-75.0376619,44.78571429,1835.15,65.39859567,1965.947191,1704.352809,592
BBC,1/3/2018,1730,1749,1696,1749,-0.91%,3834,6517580,-0.009065156,-0.009106494,1758,1827.6,1789.703712,1862.059698,47.00399467,-72.35598601,-74.50132672,49.5,1827.6,66.22879005,1960.05758,1695.14242,-3242
BBC,1/4/2018,1720,1720,1715,1716,-1.94%,590,1012000,-0.018867925,-0.019048195,1744.8,1817.9,1778.364679,1851.240461,48.90885751,-72.87578172,-74.17621772,50,1817.9,67.71527076,1953.330542,1682.469458,-3832
BBC,1/7/2018,1702,1748,1702,1720,0.00%,526,905612,0.002331002,0.00232829,1742.8,1807.3,1769.385498,1841.518945,43.49881797,-72.13344752,-73.76766368,50.5,1807.3,65.47004136,1938.240083,1676.359917,-3306
BBC,1/8/2018,1730,1730,1728,1730,0.87%,1200,2075050,0.005813953,0.005797118,1736,1798.05,1763.32619,1833.258283,46.71125975,-69.93209226,-73.0005494,49.42857143,1798.05,62.45206583,1922.954132,1673.145868,-2106
BBC,1/9/2018,1730,1745,1730,1745,0.87%,240,417050,0.00867052,0.008633147,1732,1789.5,1760.506777,1826.720632,49.57805907,-66.2138556,-71.64321064,42.78571429,1789.5,56.91406264,1903.328125,1675.671875,-1866
BBC,1/10/2018,1720,1735,1720,1735,-0.57%,140,242300,-0.005730659,-0.005747142,1729.2,1781.9,1756.582657,1819.926511,48.30421377,-63.34385417,-69.98333934,39.5,1781.9,53.23918225,1888.378364,1675.421636,-2006
BBC,1/16/2018,1701,1701,1701,1701,-1.96%,100,170100,-0.019596542,-0.0197911,1726.2,1772.6,1748.031479,1811.11714,56.15079365,-63.08566098,-68.60380367,39.28571429,1772.6,50.06458986,1872.72918,1672.47082,-2106
BBC,1/21/2018,1735,1760,1725,1725,1.41%,310,541660,0.014109347,0.014010737,1727.2,1765.85,1744.488175,1804.738093,61.19402985,-60.24991804,-66.93302654,40.85714286,1765.85,46.64454049,1859.139081,1672.560919,-1796
BBC,1/22/2018,1759,1846,1739,1839,7.01%,3640,6539560,0.066086957,0.063994895,1749,1766.55,1759.028455,1807.276012,53.77107365,-48.24755627,-63.19593249,47.14285714,1766.55,47.67265022,1861.8953,1671.2047,1844
BBC,1/23/2018,1811,1840,1790,1840,-0.32%,745,1354520,0.000543774,0.000543626,1768,1766.05,1771.485616,1809.700011,48.21746881,-38.2143947,-58.19962493,46.71428571,1766.05,46.79572068,1859.641441,1672.458559,2589
BBC,1/24/2018,1870,1890,1870,1890,2.72%,250,470090,0.027173913,0.026811257,1799,1771.75,1789.718598,1815.648158,53.70191038,-25.92955991,-51.74561193,46.28571429,1771.75,54.39705391,1880.544108,1662.955892,2839
BBC,1/25/2018,1927,2020,1927,1988,5.19%,1942,3817320,0.051851852,0.050552279,1856.4,1778.8,1820.223429,1828.414961,52.18581572,-8.191531974,-43.03479594,50.78571429,1778.8,71.20363681,1921.207274,1636.392726,4781
BBC,1/28/2018,2020,2020,1865,1865,-6.19%,320,608640,-0.061871227,-0.063868055,1884.4,1780.2,1827.112132,1831.124964,56.27306273,-4.012831658,-35.23040308,59.42857143,1780.2,72.66838884,1925.536778,1634.863222,4461
BBC,1/29/2018,1885,1940,1885,1940,4.02%,357,686050,0.040214477,0.03942692,1904.6,1786.55,1844.479497,1839.189782,58.56643357,5.289715104,-27.12637944,62.35714286,1786.55,80.7813651,1948.11273,1624.98727,4818
BBC,1/31/2018,1978,1990,1941,1990,2.58%,260,512400,0.025773196,0.025446666,1934.6,1797,1866.867266,1850.360909,46.88300598,16.50635755,-18.39983204,61,1797,92.66919093,1982.338382,1611.661618,5078
BBC,2/1/2018,2010,2010,2000,2010,1.00%,550,1103250,0.010050251,0.010000083,1958.6,1811.2,1888.887687,1862.186027,41.58249158,26.70166024,-9.379533588,60,1811.2,102.459029,2016.118058,1606.281942,5628
BBC,2/4/2018,2030,2050,1970,1970,-1.99%,707,1415220,-0.019900498,-0.020101179,1955,1820.6,1901.366504,1870.172247,42.6597582,31.19425738,-1.264775394,62.42857143,1820.6,108.1073541,2036.814708,1604.385292,4921
BBC,2/5/2018,1935,1969,1931,1969,-0.05%,70,135590,-0.000507614,-0.000507743,1975.8,1832.55,1911.771658,1877.492821,42.16027875,34.27883626,5.843946937,64.5,1832.55,110.7426961,2054.035392,1611.064608,4851
BBC,2/6/2018,1930,1930,1900,1900,-3.50%,110,212000,-0.035043169,-0.035671913,1967.8,1839.35,1909.960633,1879.16002,36.45933014,30.8006136,10.83528027,68.35714286,1839.35,110.4870914,2060.324183,1618.375817,4741
BBC,2/7/2018,1938,1938,1938,1938,2.00%,10,19380,0.02,0.019802627,1957.4,1848,1914.274382,1883.518537,36.59239339,30.75584526,14.81939327,69.28571429,1848,111.1300803,2070.260161,1625.739839,4751
BBC,2/8/2018,1976,1976,1937,1937,-0.05%,20,39130,-0.000515996,-0.000516129,1942.8,1857.4,1917.770631,1887.480127,27.80487805,30.29050431,17.91361548,69.64285714,1857.4,110.2630348,2077.92607,1636.87393,4731
BBC,2/11/2018,0,0,0,1900,0.00%,5,9500,-0.019101704,-0.019286498,1928.8,1866.6,1915.036688,1888.407525,26.3681592,26.62916306,19.65672499,203.7857143,1866.6,105.4136713,2077.427343,1655.772657,4726
BBC,2/12/2018,1901,1937,1900,1937,0.00%,90,171380,0.019473684,0.019286498,1922.4,1877.45,1918.415659,1892.006967,27.7486911,26.40869156,21.00711831,197.7857143,1877.45,100.5874718,2078.624944,1676.275056,4816
BBC,2/14/2018,1940,1940,1940,1940,0.15%,10,19400,0.001548787,0.001547589,1930.4,1887.95,1921.736327,1895.562007,29.44444444,26.17431997,22.04055864,194.4285714,1887.95,95.20198748,2078.353975,1697.546025,4826
BBC,2/15/2018,1978,2011,1960,2011,3.66%,930,1856920,0.036597938,0.035944138,1945,1901.25,1935.4692,1904.112969,21.56215622,31.35623032,23.90369297,195.9285714,1901.25,92.72873568,2086.707471,1715.792529,5756
BBC,2/20/2018,1975,1975,1975,1975,-1.79%,200,395000,-0.017901542,-0.018063712,1952.6,1913.25,1941.550861,1909.36386,38.99895725,32.18700076,25.56035453,189.2142857,1913.25,85.31481947,2083.879639,1742.620361,5556
BBC,2/26/2018,1950,1950,1950,1950,-1.27%,20,39000,-0.012658228,-0.012739026,1962.6,1925.7,1942.850729,1912.373945,38.04679552,30.47678386,26.5436404,179.9285714,1925.7,69.39368999,2064.48738,1786.91262,5536
BBC,2/28/2018,1912,1912,1874,1874,-3.90%,20,37860,-0.038974359,-0.039754189,1950,1933.15,1932.258309,1909.53143,35.07462687,22.7268785,25.78028802,180,1933.15,52.70401463,2038.558029,1827.741971,5516
BBC,3/4/2018,1874,1874,1687,1687,-9.98%,120,212080,-0.099786553,-0.10512338,1899.4,1925.55,1894.526261,1893.047621,41.125,1.478640636,20.91995854,189.7857143,1925.55,73.75169936,2073.053399,1778.046601,5396
BBC,3/6/2018,1803,1803,1803,1803,1.98%,10,18030,0.068761114,0.066500141,1857.8,1923.7,1880.445298,1886.377427,36.80089485,-5.932128521,15.54954113,196.6428571,1923.7,76.42615975,2076.55232,1770.84768,5406
BBC,3/7/2018,1839,1839,1839,1839,2.00%,30,55170,0.019966722,0.019770001,1830.6,1921.15,1874.069098,1882.867988,34.27083333,-8.798889217,10.67985506,193.5,1921.15,78.43419971,2078.018399,1764.281601,5436
BBC,3/19/2018,1855,1855,1855,1855,0.87%,200,371000,0.008700381,0.00866275,1811.6,1914.5,1871.135391,1880.803692,28.86266094,-9.668301281,6.610223791,191.8571429,1914.5,78.10552915,2070.711058,1758.288942,5636
BBC,3/27/2018,1818,1818,1818,1818,-1.99%,10,18180,-0.019946092,-0.0201477,1800.4,1912.15,1862.960715,1876.151567,27.21712538,-13.19085146,2.650008741,189.5714286,1912.15,80.34810776,2072.846216,1751.453784,5626
BBC,3/28/2018,1800,1800,1764,1764,-2.97%,60,107640,-0.02970297,-0.030153038,1815.8,1903.35,1847.73599,1867.844043,27.99329,-20.10805343,-1.901603694,190.7142857,1903.35,86.53704713,2076.424094,1730.275906,5566
BBC,3/29/2018,1798,1798,1728,1728,-2.04%,1219,2188610,-0.020408163,-0.020619287,1800.8,1890.25,1829.315068,1857.485225,36.03793467,-28.17015694,-7.155314342,192.9285714,1890.25,92.36419618,2074.978392,1705.521608,4347
BBC,4/3/2018,1725,1760,1725,1760,1.85%,165,286695,0.018518519,0.018349139,1785,1877.75,1818.651212,1850.264098,29.88682562,-31.61288581,-12.04682864,57.07142857,1877.75,92.2216295,2062.193259,1693.306741,4512
BBC,4/4/2018,1760,1760,1760,1760,0.00%,910,1601600,0,0,1766,1867.25,1809.627948,1843.577868,26.69283611,-33.94991971,-16.42744685,54.42857143,1867.25,93.11615553,2053.482311,1681.017689,4512
BBC,4/5/2018,1795,1795,1760,1760,0.00%,100,177750,0,0,1754.4,1856.8,1801.992879,1837.386915,24.63768116,-35.3940355,-20.22076458,56.71428571,1856.8,92.8233183,2042.446637,1671.153363,4512
BBC,4/8/2018,1795,1850,1794,1850,5.11%,150,272180,0.051136364,0.04987183,1771.6,1854.3,1809.37859,1838.321218,38.99676375,-28.94262724,-21.96513711,58.07142857,1854.3,92.27025523,2038.84051,1669.75949,4662
BBC,4/9/2018,1850,1850,1850,1850,0.00%,10,18500,0,0,1796,1849.9,1815.628038,1839.186313,49.15368535,-23.55827459,-22.28376461,55.5,1849.9,90.14251874,2030.185037,1669.614963,4662
BBC,4/17/2018,1850,1820,1742,1784,-3.57%,797,1429860,-0.035675676,-0.036327605,1800.8,1842.25,1810.762186,1835.098438,53.0924253,-24.33625157,-22.694262,61.42857143,1842.25,88.84455674,2019.939113,1664.560887,3865
BBC,4/18/2018,1819,1836,1800,1836,2.91%,176,321050,0.029147982,0.028731258,1816,1839.05,1814.644927,1835.16522,46.67627342,-20.52029336,-22.25946827,59.71428571,1839.05,87.80149561,2014.652991,1663.447009,4041
BBC,4/19/2018,1800,1810,1800,1809,-1.42%,150,271130,-0.014705882,-0.014815086,1825.8,1832.65,1813.776476,1833.227055,47.50670911,-19.45057916,-21.69769045,48.92857143,1832.65,84.90321115,2002.456422,1662.843578,3891
BBC,4/23/2018,1774,1774,1739,1750,-3.92%,130,227370,-0.032614704,-0.033158418,1805.8,1823.15,1803.964711,1827.062088,52.26586103,-23.09737767,-21.97762789,45.64285714,1823.15,82.86468043,1988.879361,1657.420639,3761
BBC,4/24/2018,1773,1773,1773,1773,1.96%,10,17730,0.013142857,0.013057239,1790.4,1811.25,1799.200909,1823.057489,59.86696231,-23.85658018,-22.35341835,44.71428571,1811.25,70.65846319,1952.566926,1669.933074,3771
BBC,4/25/2018,1806,1807,1771,1771,-0.11%,310,556370,-0.001128032,-0.001128668,1787.8,1801.05,1794.862308,1819.201379,63.0120319,-24.33907126,-22.75054893,46.14285714,1801.05,59.64145062,1920.332901,1681.767099,3461
BBC,4/29/2018,1780,1780,1780,1780,0.51%,10,17800,0.005081875,0.005069006,1776.6,1792.55,1792.575799,1816.297573,55.21203506,-23.72177429,-22.944794,44.14285714,1792.55,48.33923436,1889.228469,1695.871531,3471
BBC,5/10/2018,1780,1745,1711,1711,-3.88%,50,86910,-0.038764045,-0.039535369,1757,1784.4,1780.025676,1808.497753,58.6476233,-28.47207695,-24.05025059,45.21428571,1784.4,47.61954486,1879.63909,1689.16091,3421
BBC,5/14/2018,1685,1685,1682,1685,-1.69%,120,201900,-0.015195792,-0.015312431,1744,1784.3,1765.406341,1799.349771,57.82405827,-33.94343002,-26.02888648,42.28571429,1784.3,47.83645384,1879.972908,1688.627092,3301
BBC,5/15/2018,1712,1745,1712,1745,3.87%,40,69470,0.035608309,0.034988992,1738.4,1781.4,1762.266904,1795.323862,55.52095285,-33.05695814,-27.43450081,44.07142857,1781.4,48.39791209,1878.195824,1684.604176,3341
BBC,5/16/2018,1779,1814,1779,1814,3.95%,47,84908,0.039541547,0.038779796,1747,1780.15,1770.225842,1796.70728,63.68409294,-26.48143792,-27.24388823,49,1780.15,47.13840205,1874.426804,1685.873196,3388
BBC,5/17/2018,1778,1779,1745,1756,-3.25%,350,614850,-0.031973539,-0.032495856,1742.2,1775.2,1768.037251,1793.691926,64.43992314,-25.65467492,-26.92604557,51.42857143,1775.2,43.95524039,1863.110481,1687.289519,3038
BBC,5/24/2018,1755,1790,1790,1790,1.99%,10,17900,0.019362187,0.019177125,1758,1773.8,1771.416135,1793.41845,66.59233301,-22.00231445,-25.94129935,47.42857143,1773.8,42.95481102,1859.709622,1687.890378,3048
BBC,5/28/2018,1790,1820,1820,1820,1.68%,30,54600,0.016759777,0.016620881,1785,1776.6,1778.890576,1795.387453,55.5272849,-16.49687745,-24.05241497,49.57142857,1776.6,44.09248653,1864.784973,1688.415027,3078
BBC,5/30/2018,1800,1800,1764,1764,-3.08%,110,195480,-0.030769231,-0.031252544,1788.8,1778.4,1776.599718,1793.062457,55.40486102,-16.46273875,-22.53447972,45.85714286,1778.4,42.71743142,1863.834863,1692.965137,2968
BBC,5/31/2018,1799,1799,1799,1799,1.98%,10,17990,0.01984127,0.019646997,1785.8,1780.35,1780.045915,1793.502275,67.57456985,-13.45635955,-20.71885569,44.64285714,1780.35,42.72343742,1865.796875,1694.903125,2978
BBC,6/4/2018,1765,1765,1765,1765,-1.89%,50,88250,-0.018899389,-0.019080265,1787.6,1780.6,1777.731159,1791.390995,68.01651268,-13.65983614,-19.30705178,44.5,1780.6,42.61257536,1865.825151,1695.374849,2928
BBC,6/11/2018,1730,1730,1730,1730,-1.98%,20,34600,-0.019830028,-0.020029282,1775.6,1779.1,1770.387904,1786.843514,69.63011032,-16.45561026,-18.73676348,42,1779.1,43.88489729,1866.869795,1691.330205,2908
BBC,6/13/2018,1700,1734,1700,1734,0.23%,260,445560,0.002312139,0.00230947,1758.4,1773.3,1764.789765,1782.92918,67.79521057,-18.13941494,-18.61729377,42.78571429,1773.3,41.62881087,1856.557622,1690.042378,3168
BBC,6/21/2018,1710,1710,1700,1710,-1.96%,80,136400,-0.01384083,-0.013937508,1747.6,1766.3,1756.36057,1777.527018,66.20938628,-21.16644807,-19.12712463,42.64285714,1766.3,39.78243463,1845.864869,1686.735131,3088
BBC,6/28/2018,1700,1700,1700,1700,0.00%,100,170000,-0.005847953,-0.005865119,1727.8,1762.1,1747.689713,1771.784276,82.29787234,-24.09456294,-20.12061229,42.71428571,1762.1,42.17744471,1846.454889,1677.745111,2988
BBC,7/5/2018,1700,1700,1700,1700,0.00%,100,170000,0,0,1714.8,1755.3,1740.352834,1766.466922,73.35640138,-26.11408811,-21.31930745,37.78571429,1755.3,40.56846066,1836.436921,1674.163079,2988
BBC,7/8/2018,1667,1667,1667,1667,-1.94%,50,83350,-0.019411765,-0.019602647,1702.2,1748.2,1729.067783,1759.099002,72.40143369,-30.03121936,-23.06168984,38.07142857,1748.2,43.02704168,1834.254083,1662.145917,2938
BBC,7/9/2018,1670,1670,1670,1670,0.18%,500,835000,0.00179964,0.001798023,1689.4,1744.2,1719.980432,1752.499076,79.06066536,-32.51864449,-24.95308077,34,1744.2,46.43456063,1837.069121,1651.330879,3438
BBC,7/12/2018,1660,1660,1660,1660,-0.60%,500,830000,-0.005988024,-0.006006024,1679.4,1738.55,1710.752673,1745.647293,80.14658132,-34.89461979,-26.94138857,29.78571429,1738.55,49.51817848,1837.586357,1639.513643,2938
BBC,7/15/2018,1667,1667,1662,1662,0.12%,27,44959,0.001204819,0.001204094,1671.8,1733.1,1703.252262,1739.451197,82.29186512,-36.19893525,-28.79289791,25.35714286,1733.1,51.70859646,1836.517193,1629.682807,2965
BBC,7/16/2018,1661,1661,1660,1660,-0.12%,100,166050,-0.001203369,-0.001204094,1663.8,1727.1,1696.598068,1733.565923,74.42212438,-36.96785551,-30.42788943,23.07142857,1727.1,52.92785557,1832.955711,1621.244289,2865
BBC,7/17/2018,1693,1693,1693,1693,1.99%,50,84650,0.019879518,0.019684501,1669,1726.2,1696.044519,1730.56104,77.29351243,-34.51652118,-31.24561578,23.28571429,1726.2,53.36724799,1832.934496,1619.465504,2915
BBC,7/18/2018,1660,1660,1660,1660,-1.95%,47,78020,-0.019492026,-0.019684501,1667,1724.95,1690.499208,1725.334296,73.38802533,-34.83508806,-31.96351024,21.64285714,1724.95,54.66017024,1834.27034,1615.62966,2868
BBC,7/24/2018,1665,1665,1665,1665,0.30%,90,149850,0.003012048,0.003007521,1668,1720.95,1686.576253,1720.865089,57.92638484,-34.28883604,-32.4285754,19.5,1720.95,56.02581642,1833.001633,1608.898367,2958
BBC,8/14/2018,1698,1725,1698,1720,3.60%,339,581872,0.033033033,0.032499167,1679.6,1716.25,1691.718368,1720.801008,62.19092844,-29.08264045,-31.75938841,21.35714286,1716.25,51.57506027,1819.400121,1613.099879,3297
BBC,8/16/2018,1715,1715,1681,1681,-2.55%,50,84390,-0.022674419,-0.022935436,1683.8,1712.5,1690.069388,1717.852786,60.65098841,-27.78339729,-30.96419018,21.64285714,1712.5,51.25837544,1815.016751,1609.983249,3247
BBC,9/5/2018,1681,1681,1648,1648,-1.96%,90,148980,-0.019631172,-0.019826423,1674.8,1705.4,1683.597175,1712.678505,56.83561187,-29.08133046,-30.58761824,21.57142857,1705.4,49.77147778,1804.942956,1605.857044,3157
BBC,9/6/2018,1648,1655,1648,1655,0.42%,143,235815,0.004247573,0.004238577,1673.8,1697.15,1679.197609,1708.406023,52.46229609,-29.20841394,-30.31177738,19.64285714,1697.15,42.98870721,1783.127414,1611.172586,3300
BBC,9/9/2018,1650,1650,1650,1650,-0.30%,20,33000,-0.003021148,-0.003025721,1670.8,1691.45,1674.705669,1704.079651,48.29819027,-29.37398175,-30.12421825,19.28571429,1691.45,41.17801534,1773.806031,1609.093969,3280
BBC,9/11/2018,1660,1660,1660,1660,0.61%,140,232400,0.006060606,0.006042314,1658.8,1684.5,1672.443259,1700.814492,55.22019742,-28.37123308,-29.77362122,20,1684.5,32.98564281,1750.471286,1618.528714,3420
BBC,9/18/2018,1660,1660,1660,1660,0.00%,100,166000,0,0,1654.6,1679.25,1670.528911,1697.791196,49.15511997,-27.26228489,-29.27135395,17.64285714,1679.25,27.37819916,1734.006398,1624.493602,3420
BBC,9/20/2018,1660,1660,1660,1660,0.00%,20,33200,0,0,1657,1675.75,1668.909079,1694.991848,56.37372525,-26.08276953,-28.63363707,17.42857143,1675.75,24.91221429,1725.574429,1625.925571,3420
BBC,9/23/2018,1628,1710,1628,1700,2.41%,1462,2401320,0.024096386,0.023810649,1666,1674.05,1673.692297,1695.362823,38.36367195,-21.67052508,-27.24101467,22.57142857,1674.05,21.6782088,1717.406418,1630.693582,4882
BBC,9/25/2018,1700,1733,1700,1733,1.94%,30,51330,0.019411765,0.01922576,1682.6,1675.2,1682.816559,1698.150762,59.94152047,-15.33420222,-24.85965218,24.42857143,1675.2,24.15432837,1723.508657,1626.891343,4912
BBC,9/30/2018,1720,1720,1720,1720,-0.75%,10,17200,-0.007501443,-0.00752972,1694.6,1676.2,1688.537089,1699.769224,56.18131868,-11.232135,-22.13414875,25.21428571,1676.2,25.60550928,1727.411019,1624.988981,4902
BBC,10/1/2018,1720,1720,1720,1720,0.00%,15,25800,0,0,1706.6,1677.2,1693.377537,1701.2678,56.64819945,-7.890263127,-19.28537162,22.85714286,1677.2,26.93969874,1731.079397,1623.320603,4902
BBC,10/2/2018,1720,1740,1705,1740,1.16%,2955,5067880,0.011627907,0.011560822,1722.6,1680.85,1700.550223,1704.136852,60.57692308,-3.58662832,-16.14562296,23,1680.85,30.22942972,1741.308859,1620.391141,7857
BBC,10/3/2018,1774,1835,1774,1790,2.87%,1350,2420790,0.028735632,0.028330507,1740.6,1686.85,1714.311727,1710.497085,58.64361702,3.814642577,-12.15356985,29.42857143,1686.85,38.68805745,1764.226115,1609.473885,9207
BBC,10/4/2018,1810,1810,1810,1810,1.12%,290,524900,0.011173184,0.011111225,1756,1694.35,1729.033,1717.867671,52.38095238,11.16532898,-7.489790088,26.57142857,1694.35,46.88089612,1788.111792,1600.588208,9497
BBC,10/22/2018,1790,1790,1790,1790,-1.10%,25,44750,-0.011049724,-0.011111225,1770,1700.75,1738.412539,1723.210807,50.07564297,15.20173195,-2.95148568,25.21428571,1700.75,50.80496764,1802.359935,1599.140065,9472
BBC,11/18/2018,1790,1800,1790,1800,0.56%,20,36000,0.005586592,0.005571045,1786,1707.75,1747.887533,1728.898895,60.56411596,18.98863762,1.436538981,23.57142857,1707.75,54.41156514,1816.57313,1598.92687,9492
BBC,11/27/2018,1800,1800,1800,1800,0.00%,1053,1895400,0,0,1798,1713.1,1755.904835,1734.165644,57.57199603,21.73919178,5.49706954,23.07142857,1713.1,58.02531208,1829.150624,1597.049376,9492
BBC,11/28/2018,1800,1800,1800,1800,0.00%,1053,995400,0,0,1800,1720.1,1762.688707,1739.042263,62.16969562,23.64644427,9.126944487,22.71428571,1720.1,59.70268441,1839.505369,1600.694631,9492
BBC,11/29/2018,1800,1800,1759,1759,-2.28%,1063,17590,-0.022777778,-0.023041199,1789.8,1724.8,1762.121213,1740.520613,65.53913519,21.6006,11.62167559,24.92857143,1724.8,58.83035378,1842.460708,1607.139292,8429
BBC,12/2/2018,1759,1794,1759,1794,1.99%,1040,1865760,0.019897669,0.019702298,1790.6,1728.5,1767.025642,1744.482049,69.42254174,22.54359266,13.806059,27.42857143,1728.5,60.80642279,1850.112846,1606.887154,9469
BBC,12/3/2018,1794,1794,1780,1780,-0.78%,365,649700,-0.00780379,-0.007834399,1786.6,1733.45,1769.021697,1747.113009,62.0860527,21.90868842,15.42658489,28.42857143,1733.45,60.76570622,1854.981412,1611.918588,9104
BBC,12/4/2018,1780,1780,1774,1774,-0.34%,270,478980,-0.003370787,-0.00337648,1781.4,1739.75,1769.78759,1749.104638,65.02897151,20.68295218,16.47785834,23,1739.75,57.90452668,1855.559053,1623.940947,8834
BBC,12/9/2018,1774,1800,1774,1800,1.47%,30,36000,0.014656144,0.014549781,1781.4,1747,1774.435653,1752.874665,50.38013964,21.56098843,17.49448436,22.5,1747,55.77303631,1858.546073,1635.453927,8864
BBC,12/17/2018,1800,1800,1764,1764,-2.00%,10,17640,-0.02,-0.020202707,1782.4,1752.7,1772.830168,1753.698764,59.56444968,19.13140443,17.82186838,24.14285714,1752.7,50.95519187,1854.610384,1650.789616,8854
BBC,12/20/2018,1764,1769,1760,1760,-0.23%,23,17600,-0.002267574,-0.002270149,1775.6,1757.7,1770.856296,1754.165522,57.2965322,16.69077418,17.59564954,24.78571429,1757.7,46.05043002,1849.80086,1665.59914,8831
BBC,12/24/2018,1760,1760,1625,1625,-7.67%,292,48750,-0.076704545,-0.079805993,1744.6,1755.95,1748.416866,1744.597705,54.21756835,3.819160466,14.84035172,31.92857143,1755.95,50.41665869,1856.783317,1655.116683,8539
BBC,12/26/2018,1625,1787,1625,1787,9.97%,90,17870,0.099692308,0.09503042,1747.2,1762.3,1754.352733,1747.738616,60.99426386,6.61411655,13.19510469,36.71428571,1762.3,45.44875657,1853.197513,1671.402487,8629
BBC,12/27/2018,1787,1787,1752,1752,-1.96%,10,17520,-0.019585898,-0.019780244,1737.6,1764.9,1753.990774,1748.054274,62.88659794,5.936499618,11.74338367,37.78571429,1764.9,43.12515446,1851.150309,1678.649691,8619
BBC,12/30/2018,1752,1752,1717,1717,-2.00%,10,17170,-0.019977169,-0.020179411,1728.2,1764.1,1748.299885,1745.753958,60.15081206,2.545927952,9.90389253,38.85714286,1764.1,43.88969427,1851.879389,1676.320611,8609
BBC,1/2/2019,1717,1717,1700,1700,-0.99%,17,28900,-0.00990099,-0.009950331,1716.2,1763.1,1740.869134,1742.364775,51.68776371,-1.495641621,7.6239857,39.35714286,1763.1,45.15691939,1853.413839,1672.786161,8592
BBC,1/10/2019,1700,1730,1700,1730,1.76%,50,86500,0.017647059,0.017493157,1737.2,1763.6,1739.196959,1741.448866,63.51084813,-2.251906766,5.648807207,41.5,1763.6,44.70770568,1853.015411,1674.184589,8642
BBC,1/15/2019,1730,1764,1730,1764,1.97%,10,17640,0.019653179,0.019462549,1732.6,1764.8,1743.012812,1743.119321,56.20265152,-0.106508726,4.49774402,43.92857143,1764.8,44.36167146,1853.523343,1676.076657,8652
BBC,1/16/2019,1764,1859,1764,1786,1.25%,313,17860,0.012471655,0.012394525,1739.4,1764.6,1749.626225,1746.295667,48.17177914,3.330558214,4.264306859,47.78571429,1764.6,44.25095895,1853.101918,1676.098082,8965
BBC,1/17/2019,1786,1786,1682,1749,-2.07%,1250,17490,-0.020716685,-0.020934286,1745.8,1761.55,1749.529883,1746.495988,53.96640224,3.033894897,4.018224467,52.71428571,1761.55,43.04278777,1847.635576,1675.464424,7715
BBC,1/20/2019,1749,1783,1749,1783,1.94%,11,19613,0.01943968,0.019253143,1762.4,1761.2,1754.679132,1749.199989,59.6749226,5.479142784,4.31040813,54.14285714,1761.2,42.82719254,1846.854385,1675.545615,7726
BBC,1/21/2019,1783,1783,1748,1748,-1.96%,10,17480,-0.019629837,-0.019825062,1766,1758.6,1753.651573,1749.111101,58.27549386,4.540472122,4.356420929,56.21428571,1758.6,41.91645827,1842.432917,1674.767083,7716
BBC,1/23/2019,1748,1782,1715,1782,1.95%,1311,17820,0.019450801,0.019264052,1769.6,1757.7,1758.01287,1751.547316,64.99306519,6.46555383,4.778247509,59.14285714,1757.7,41.16730946,1840.034619,1675.365381,9027
BBC,1/30/2019,1782,1782,1747,1747,-1.96%,100,174700,-0.019640853,-0.019836298,1761.8,1755.05,1756.318582,1751.210477,50,5.108104412,4.844218889,59.07142857,1755.05,39.99009746,1835.030195,1675.069805,8927
BBC,1/31/2019,1747,1747,1715,1740,-0.40%,460,17400,-0.004006869,-0.004014918,1760,1754.1,1753.808031,1750.380072,43.0125523,3.427959092,4.56096693,60.71428571,1754.1,40.11680315,1834.333606,1673.866394,8467
BBC,2/3/2019,1774,1774,1740,1774,1.95%,50,88700,0.01954023,0.019351771,1758.2,1753.1,1756.914488,1752.129696,43.88161639,4.784791572,4.605731858,53.5,1753.1,39.31104037,1831.722081,1674.477919,8517
BBC,2/4/2019,1739,1774,1717,1717,-3.21%,30,17170,-0.032130778,-0.032658302,1752,1749.95,1750.773797,1749.527496,46.1790393,1.246300876,3.933845662,46,1749.95,39.56536896,1829.080738,1670.819262,8487
BBC,2/6/2019,1715,1717,1715,1715,-0.12%,100,171500,-0.001164822,-0.001165501,1738.6,1747,1745.270136,1746.969904,50,-1.699767913,2.807122947,43.64285714,1747,39.87612397,1826.752248,1667.247752,8387
BBC,2/7/2019,1708,1715,1708,1708,-0.41%,220,375760,-0.004081633,-0.004089985,1730.8,1742.4,1739.536269,1744.083244,57.09322525,-4.54697545,1.336303267,41.64285714,1742.4,38.73037703,1819.860754,1664.939246,8167
BBC,2/12/2019,1742,1742,1708,1742,1.99%,210,365820,0.019906323,0.019710783,1731.2,1741.3,1739.915305,1743.92893,52.16901408,-4.013625509,0.266317512,42.85714286,1741.3,38.39558637,1818.091173,1664.508827,8377
BBC,2/13/2019,1724,1742,1710,1710,-1.84%,214,342000,-0.01836969,-0.018540508,1718.4,1738.8,1735.31295,1741.415676,34.67137186,-6.102725977,-1.007491186,43,1738.8,38.74016004,1816.28032,1661.31968,8163
BBC,2/17/2019,1676,1710,1661,1661,-2.86%,150,83050,-0.028654971,-0.02907354,1707.2,1740.6,1723.880188,1735.458959,51.53795812,-11.57877078,-3.121747104,44.07142857,1740.6,33.68023003,1807.96046,1673.23954,8013
BBC,2/18/2019,1630,1661,1605,1605,-3.37%,150,80250,-0.03371463,-0.034296074,1685.2,1731.5,1705.590929,1725.795333,41.77718833,-20.20440393,-6.538278469,41.28571429,1731.5,43.60770091,1818.715402,1644.284598,7863
BBC,2/21/2019,1637,1637,1605,1637,1.99%,20,32740,0.019937695,0.019741542,1671,1725.75,1695.038478,1719.217901,44.00510204,-24.17942245,-10.06650727,36.14285714,1725.75,48.11157537,1821.973151,1629.526849,7883
BBC,3/5/2019,1605,1637,1605,1605,-1.95%,20,32100,-0.019547954,-0.019741542,1643.6,1720.15,1681.186405,1710.757315,42.33128834,-29.57091078,-13.96738797,36,1720.15,55.18225783,1830.514516,1609.785484,7863
BBC,3/7/2019,1605,1605,1605,1605,0.00%,8,12840,0,0,1622.6,1715.4,1669.465419,1702.92344,43.23671498,-33.45802089,-17.86551455,33.5,1715.4,60.80979838,1837.019597,1593.780403,7863
BBC,3/11/2019,1637,1637,1605,1637,1.99%,50,81850,0.019937695,0.019741542,1617.8,1710.75,1664.470739,1698.040222,38.34510595,-33.56948299,-21.00630824,31,1710.75,63.14550865,1837.041017,1584.458983,7913
BBC,3/12/2019,1650,1700,1637,1700,3.85%,60,17000,0.038485034,0.037762953,1636.8,1707.55,1669.936779,1698.185391,46.1236709,-28.2486116,-22.45476891,33,1707.55,61.91460588,1831.379212,1583.720788,7973
BBC,3/19/2019,1666,1666,1666,1666,-2.00%,20,33320,-0.02,-0.020202707,1642.6,1701.55,1669.331121,1695.801288,50.22476961,-26.47016694,-23.25784852,33.14285714,1701.55,59.68643944,1820.922879,1582.177121,7953
BBC,3/21/2019,1633,1633,1633,1633,-1.98%,20,32660,-0.019807923,-0.02000673,1648.2,1695.75,1663.741718,1691.149341,47.60332339,-27.40762292,-24.0878034,33.07142857,1695.75,60.46388657,1816.677773,1574.822227,7933
BBC,4/22/2019,1665,1665,1665,1665,1.96%,10,16650,0.019595836,0.019406309,1660.2,1689.85,1663.9353,1689.212353,45.67500271,-25.27705285,-24.32565329,31.28571429,1689.85,57.16943884,1804.188878,1575.511122,7943
BBC,4/23/2019,1698,1698,1632,1632,-1.98%,50,16320,-0.01981982,-0.020018867,1659.2,1684.05,1659.022177,1684.974401,44.46657813,-25.95222384,-24.6509674,35.85714286,1684.05,56.84278874,1797.735577,1570.364423,7893
BBC,4/29/2019,1664,1697,1632,1697,3.98%,40,16970,0.039828431,0.03905573,1658.6,1679.8,1664.864919,1685.865186,43.74047464,-21.00026694,-23.92082731,40,1679.8,52.11485292,1784.029706,1575.570294,7933
BBC,4/30/2019,1665,1665,1640,1640,-3.36%,70,32800,-0.033588686,-0.034165744,1653.4,1674.45,1661.039547,1682.467765,44.29988975,-21.42821789,-23.42230542,41.64285714,1674.45,50.31424932,1775.078499,1573.821501,7863
BBC,5/8/2019,1672,1672,1672,1672,1.95%,10,16720,0.019512195,0.019324273,1661.2,1671.05,1662.72577,1681.692375,50.25641026,-18.96660433,-22.5311652,41.64285714,1671.05,47.89074738,1766.831495,1575.268505,7873
BBC,5/13/2019,1639,1639,1607,1607,-3.89%,40,48210,-0.038875598,-0.039651428,1649.6,1662.7,1654.152575,1676.159606,37.05808081,-22.00703126,-22.42633842,42.78571429,1662.7,43.33844774,1749.376895,1576.023105,7833
BBC,5/14/2019,1575,1605,1544,1605,-0.12%,100,16050,-0.001244555,-0.00124533,1644.2,1657.1,1646.59064,1670.888524,45.7165109,-24.29788392,-22.80064752,43.28571429,1657.1,43.18857061,1743.477141,1570.722859,7733
BBC,5/15/2019,1620,1765,1620,1730,7.79%,325,86500,0.07788162,0.074997652,1650.8,1657.85,1659.422849,1675.267152,37.36795775,-15.84430256,-21.40937852,52.42857143,1657.85,44.36128587,1746.572572,1569.127428,8058
BBC,5/19/2019,1696,1696,1630,1630,-5.78%,30,16300,-0.057803468,-0.059541394,1648.8,1653.95,1654.896257,1671.91403,40.95513748,-17.01777241,-20.5310573,57.28571429,1653.95,43.13195787,1740.213916,1567.686084,8028
BBC,5/21/2019,1662,1662,1662,1662,1.96%,10,16620,0.019631902,0.019441682,1646.8,1649.95,1655.989141,1671.179657,33.01413589,-15.19051634,-19.46294911,59.57142857,1649.95,37.93273132,1725.815463,1574.084537,8038
BBC,5/23/2019,1629,1661,1629,1661,-0.06%,41,51491,-0.000601685,-0.000601866,1657.6,1647.5,1656.760042,1670.425608,35.9572883,-13.66556624,-18.30347253,59.64285714,1647.5,35.34417245,1718.188345,1576.811655,7997
BBC,5/29/2019,1628,1628,1628,1628,-1.99%,10,16280,-0.01986755,-0.020067563,1662.2,1645.85,1652.33542,1667.282971,31.39132748,-14.94755045,-17.63228812,57.5,1645.85,35.45089265,1716.751785,1574.948215,7987
BBC,6/3/2019,1597,1597,1597,1597,-1.90%,10,15970,-0.019041769,-0.019225398,1635.6,1645.45,1643.822279,1662.076825,26.75896505,-18.25454605,-17.7567397,57.28571429,1645.45,35.97729547,1717.404591,1573.495409,7977
BBC,6/4/2019,1567,1567,1567,1567,-1.88%,10,15670,-0.018785222,-0.018963906,1623,1641.95,1632.003467,1655.034097,36.92271442,-23.03063039,-18.81151784,57.07142857,1641.95,40.02035666,1721.990713,1561.909287,7967
BBC,6/6/2019,1567,1571,1506,1506,-3.89%,5014,30200,-0.038927888,-0.039705834,1591.8,1637,1612.618318,1643.994534,47.44138634,-31.37621636,-21.32445754,59.42857143,1637,49.76682471,1736.533649,1537.466351,2953
BBC,6/11/2019,1536,1597,1536,1597,6.04%,30,15970,0.060424967,0.05866974,1579,1636.6,1610.2155,1640.513458,28.96634615,-30.29795789,-23.11915761,61.21428571,1636.6,50.06879478,1736.73759,1536.46241,2983
BBC,6/12/2019,1598,1598,1598,1598,0.06%,10,15980,0.000626174,0.000625978,1573,1634.65,1608.336192,1637.364313,37.33917328,-29.02812053,-24.3009502,56.64285714,1634.65,50.80641795,1736.262836,1533.037164,2993
BBC,6/25/2019,1567,1567,1567,1567,-1.94%,10,15670,-0.019399249,-0.019589884,1567,1628,1601.976778,1632.152141,30.94373866,-30.17536339,-25.47583284,54.78571429,1628,50.50586209,1729.011724,1526.988276,2983
BBC,6/26/2019,1597,1597,1597,1597,1.91%,20,31940,0.019144863,0.018963906,1573,1624.55,1601.21112,1629.548279,40.87401022,-28.33715921,-26.04809811,54.64285714,1624.55,50.12875527,1724.807511,1524.292489,3003
BBC,7/2/2019,1566,1566,1566,1566,-1.94%,10,15660,-0.019411396,-0.019602272,1585,1621.2,1595.794024,1624.840999,56.78849259,-29.04697464,-26.64787342,52.21428571,1621.2,51.74695516,1724.69391,1517.70609,2993
BBC,7/7/2019,1550,1550,1550,1550,-1.02%,30,46500,-0.010217114,-0.010269667,1575.6,1615.45,1588.74879,1619.297221,60.98583406,-30.54843146,-27.42798502,48.85714286,1615.45,52.99798904,1721.445978,1509.454022,2963
BBC,7/25/2019,1519,1519,1519,1519,-2.00%,10,15190,-0.02,-0.020202707,1559.8,1609.8,1578.018207,1611.867798,59.89494605,-33.84959071,-28.71230616,39.64285714,1609.8,57.01209475,1723.824189,1495.775811,2953
BBC,7/28/2019,1489,1489,1489,1489,-1.97%,10,14890,-0.019749835,-0.01994747,1544.2,1599.4,1564.323098,1602.766479,58.6950473,-38.44338112,-30.65852115,34.64285714,1599.4,59.19761731,1717.795235,1481.004765,2943
BBC,7/30/2019,1460,1460,1450,1450,-2.62%,67,97320,-0.026192075,-0.026541197,1514.8,1589.9,1546.734929,1591.450444,63.15433518,-44.71551456,-33.46991984,35.14285714,1589.9,67.06234334,1724.024687,1455.775313,2876
BBC,7/31/2019,1450,1460,1448,1460,0.69%,235,355380,0.006896552,0.006872879,1493.6,1579.3,1533.391094,1581.713374,65.80169353,-48.32227991,-36.44039185,33.64285714,1579.3,70.08874074,1719.477481,1439.122519,3111
BBC,8/1/2019,1450,1460,1450,1460,0.00%,80,116500,0,0,1475.6,1571.95,1522.100156,1572.697568,62.09507783,-50.59741197,-39.27179587,32,1571.95,74.59397111,1721.137942,1422.762058,3111
BBC,8/6/2019,1450,1450,1440,1440,-1.37%,100,144500,-0.01369863,-0.013793322,1459.8,1563.7,1509.469363,1562.868119,62.05156951,-53.39875575,-42.09718785,31.21428571,1563.7,79.69619947,1723.092399,1404.307601,3011
BBC,8/7/2019,1416,1416,1416,1416,-1.67%,200,283200,-0.016666667,-0.016807118,1445.2,1548,1495.089461,1551.988999,57.89689594,-56.89953785,-45.05765785,30.78571429,1548,76.0567655,1700.113531,1395.886469,2811
BBC,8/8/2019,1442,1442,1392,1392,-1.69%,450,628460,-0.016949153,-0.017094433,1433.6,1536.1,1479.229544,1540.137962,55.90720321,-60.90841798,-48.22780988,29.71428571,1536.1,81.00935618,1698.118712,1374.081288,2361
BBC,8/11/2019,1400,1405,1400,1405,0.93%,250,350250,0.00933908,0.009295741,1422.6,1523.25,1467.809614,1530.127743,66.07989167,-62.31812842,-51.04587358,24.14285714,1523.25,80.36814962,1683.986299,1362.513701,2611
BBC,8/12/2019,1377,1377,1331,1331,-5.27%,120,160870,-0.052669039,-0.054106763,1396.8,1506.75,1446.761981,1515.377539,63.04426053,-68.61555821,-54.55981051,29.35714286,1506.75,84.37440058,1675.498801,1338.001199,2491
BBC,8/14/2019,1310,1310,1310,1310,-1.58%,40,52400,-0.015777611,-0.015903402,1370.8,1490.85,1425.721676,1500.164388,71.61250766,-74.44271194,-58.5363908,28.64285714,1490.85,90.09192674,1671.033853,1310.666147,2451
BBC,8/15/2019,1336,1389,1336,1389,6.03%,88,119866,0.060305344,0.058556927,1365.4,1480.45,1420.072188,1491.929989,68.70211807,-71.85780148,-61.20067293,32.14285714,1480.45,89.19433248,1658.838665,1302.061335,2539
BBC,8/20/2019,1416,1497,1411,1467,5.61%,331,481481,0.056155508,0.054635435,1380.4,1475.45,1427.291851,1490.083323,47.53541076,-62.79147219,-61.51883279,37.64285714,1475.45,86.85952058,1649.169041,1301.730959,2870
BBC,8/21/2019,1496,1551,1496,1551,5.73%,118,179754,0.057259714,0.055680385,1409.6,1477.7,1446.323874,1494.59567,41.34290541,-48.27179571,-58.86942537,42.5,1477.7,88.26401782,1654.228036,1301.171964,2988
BBC,8/22/2019,1555,1555,1494,1494,-3.68%,40,61280,-0.036750484,-0.037442797,1442.2,1472.55,1453.658663,1494.551546,30.09992314,-40.89288342,-55.27411698,44.64285714,1472.55,83.83032676,1640.210654,1304.889346,2948
BBC,8/25/2019,1470,1470,1470,1470,-1.61%,20,29400,-0.016064257,-0.016194686,1474.2,1466.15,1456.172715,1492.732913,27.94747359,-36.56019847,-51.53133328,44.21428571,1466.15,78.46304863,1623.076097,1309.223903,2928
BBC,9/9/2019,1414,1414,1386,1386,-3.88%,20,28000,-0.057142857,-0.0588405,1473.6,1457.1,1445.376912,1484.826771,43.44611248,-39.44985901,-49.11503842,47.42857143,1457.1,76.63577562,1610.371551,1303.828449,2908
BBC,9/10/2019,1385,1385,1385,1385,-0.07%,135,186975,-0.000721501,-0.000721761,1457.2,1446.5,1436.088157,1477.432196,41.6955417,-41.3440391,-47.56083856,46.64285714,1446.5,70.69839572,1587.896791,1305.103209,2773
BBC,9/11/2019,1380,1380,1380,1380,-0.36%,10,13800,-0.003610108,-0.00361664,1423,1437.2,1427.459209,1470.214996,44.9704142,-42.75578658,-46.59982816,46.28571429,1437.2,66.24484091,1569.689682,1304.710318,2763
BBC,9/17/2019,1407,1407,1407,1407,1.96%,10,14070,0.019565217,0.019376279,1405.6,1430.05,1424.311639,1465.532404,47.25192738,-41.22076496,-45.52401552,46.78571429,1430.05,60.9335056,1551.917011,1308.182989,2773
BBC,9/18/2019,1407,1407,1407,1407,0.00%,20,28140,0,0,1393,1424.45,1421.64831,1461.19667,53.64238411,-39.54836039,-44.3288845,45.07142857,1424.45,57.37088479,1539.19177,1309.70823,2773
BBC,9/19/2019,1407,1435,1407,1435,1.99%,40,56560,0.019900498,0.019705071,1402.8,1421.75,1423.702416,1459.256176,48.7654321,-35.55376011,-42.57385962,43.5,1421.75,55.4103116,1532.570623,1310.929377,2813
BBC,9/24/2019,1450,1478,1450,1478,3.00%,20,29280,0.029965157,0.029524973,1421.4,1423.15,1432.05589,1460.644607,49.0797546,-28.58871704,-39.7768311,45.64285714,1423.15,56.50456432,1536.159129,1310.140871,2833
BBC,9/26/2019,1421,1421,1393,1393,-3.93%,70,99190,-0.057510149,-0.059230128,1424,1419.8,1426.047292,1455.633896,43.47826087,-29.5866039,-37.73878566,46.42857143,1419.8,56.1900909,1532.180182,1307.419818,2763
BBC,10/14/2019,1366,1366,1366,1366,-1.94%,10,13660,-0.019382627,-0.019572934,1415.8,1415.1,1416.809247,1448.994348,43.81161008,-32.18510097,-36.62804872,46.85714286,1415.1,56.58054343,1528.261087,1301.938913,2753
BBC,10/15/2019,1366,1366,1366,1366,0.00%,10,13660,0,0,1407.6,1411.4,1408.99244,1442.846618,40.49135578,-33.85417871,-36.07327472,41.21428571,1411.4,57.28175975,1525.963519,1296.836481,2753
BBC,11/17/2019,1393,1393,1393,1393,1.98%,10,13930,0.019765739,0.019572934,1399.2,1410.25,1406.532064,1439.154276,39.24022094,-32.62221195,-35.38306217,35.42857143,1410.25,57.41526938,1525.080539,1295.419461,2763
BBC,11/18/2019,1420,1448,1420,1448,3.95%,20,28680,0.03948313,0.038723599,1393.2,1413.05,1412.911747,1439.809515,41.41304348,-26.89776834,-33.6860034,33.35714286,1413.05,57.84232197,1528.734644,1297.365356,2783
BBC,11/19/2019,1420,1420,1392,1419,-2.00%,160,225790,-0.020027624,-0.020230896,1398.4,1413.75,1413.848401,1438.26807,50.65815716,-24.41966843,-31.83273641,33,1413.75,57.82448489,1529.39897,1298.10103,2623
BBC,11/24/2019,1447,1447,1419,1419,0.00%,91,130529,0,0,1409,1418.15,1414.640955,1436.840805,56.99558174,-22.19985035,-29.9061592,33.28571429,1418.15,54.44579632,1527.041593,1309.258407,2623
BBC,11/26/2019,1391,1391,1391,1391,-1.97%,20,27820,-0.019732206,-0.019929485,1414,1422.2,1411.003885,1433.44519,25.73529412,-22.44130512,-28.41318838,29.28571429,1422.2,48.6854566,1519.570913,1324.829087,2603
BBC,11/28/2019,1400,1400,1400,1400,0.65%,110,154000,0.006470165,0.006449324,1415.4,1422.75,1409.310979,1430.967768,41.16504854,-21.656789,-27.06190851,29.85714286,1422.75,48.35164505,1519.45329,1326.04671,2713
BBC,12/4/2019,1390,1390,1390,1390,-0.71%,150,208500,-0.007142857,-0.007168489,1403.8,1418.9,1406.34006,1427.933119,33.85964912,-21.59305941,-25.96813869,30.21428571,1418.9,47.70402168,1514.308043,1323.491957,2563
BBC,12/18/2019,1418,1530,1418,1530,9.99%,256,384494,0.100719424,0.095963988,1426,1417.85,1425.364666,1435.493629,41.91419142,-10.12896289,-22.80030353,38.28571429,1417.85,44.78518905,1507.420378,1328.279622,2819
BBC,12/19/2019,1560,1654,1560,1617,5.69%,441,710959,0.056862745,0.055304845,1465.6,1424,1454.847025,1448.938545,39.70537855,5.908479827,-17.05854686,47.14285714,1424,61.22177115,1546.443542,1301.556458,3260
BBC,12/22/2019,1585,1590,1585,1590,-1.67%,115,182375,-0.016697588,-0.016838564,1505.4,1430,1475.63979,1459.387542,39.04986523,16.25224857,-10.39638777,47.42857143,1430,71.05742674,1572.114853,1287.885147,3145
BBC,12/23/2019,1600,1749,1600,1715,7.86%,526,894015,0.078616352,0.075679064,1568.4,1446.45,1512.464438,1478.321798,37.57455268,34.14264005,-1.488582208,55.71428571,1446.45,94.53792055,1635.525841,1257.374159,3671
BBC,12/25/2019,1746,1746,1679,1679,-2.10%,150,259380,-0.020991254,-0.021214703,1626.2,1461.15,1538.085294,1493.18685,43.31550802,44.89844374,7.788822982,54.42857143,1461.15,106.5715845,1674.293169,1248.006831,3521
BBC,12/26/2019,1712,1712,1679,1680,0.06%,500,844460,0.000595593,0.000595415,1656.2,1476.15,1559.918325,1507.024861,32.37225236,52.89346437,16.80975126,54.85714286,1476.15,115.303387,1706.756774,1245.543226,4021
BBC,12/29/2019,1680,1725,1680,1700,1.19%,70,118970,0.011904762,0.011834458,1672.8,1490.8,1581.469352,1521.319316,30.3006012,60.15003649,25.47780831,58.07142857,1490.8,124.3164891,1739.432978,1242.167022,4091
BBC,12/30/2019,1685,1692,1685,1692,-0.47%,50,84440,-0.004705882,-0.00471699,1693.2,1505.05,1598.474067,1533.962329,38.21446019,64.51173788,33.28459422,57.21428571,1505.05,130.391102,1765.832204,1244.267796,4041
BBC,12/31/2019,1721,1861,1721,1824,7.80%,2831,5100137,0.078014184,0.07512063,1715,1524.5,1633.170365,1555.446601,46.28371204,77.72376333,42.17242804,65.35714286,1524.5,147.3075908,1819.115182,1229.884818,6872
BBC,1/1/2020,1860,2000,1860,1960,7.46%,1950,3757258,0.074561404,0.071912582,1771.2,1548.6,1683.451847,1585.41352,50.26686593,98.03832727,53.34560789,73.92857143,1548.6,175.9444889,1900.488978,1196.711022,8822
BBC,1/2/2020,1921,1921,1846,1882,-3.98%,150,280450,-0.039795918,-0.040609432,1811.6,1573.05,1713.997717,1607.382889,55.45037292,106.6148281,63.99945192,80.07142857,1573.05,186.8240025,1946.698005,1199.401995,8672
BBC,1/5/2020,1846,1879,1846,1879,-0.16%,40,74170,-0.001594049,-0.001595321,1847.4,1598.7,1739.382683,1627.502675,52.01829925,111.8800087,73.57556328,80.64285714,1598.7,192.0441561,1982.788312,1214.611688,8632
BBC,1/6/2020,1899,1900,1862,1862,-0.90%,120,227155,-0.009047366,-0.009088542,1881.4,1623.5,1758.246886,1644.872847,48.10826542,113.374039,81.53525842,82.71428571,1623.5,192.4379599,2008.37592,1238.62408,8512
BBC,1/7/2020,1825,1825,1789,1824,-2.04%,70,126660,-0.020408163,-0.020619287,1881.4,1645.05,1768.36275,1658.141525,47.55466053,110.2212247,87.27245168,87.21428571,1645.05,189.3752818,2023.800564,1266.299436,8442
BBC,1/8/2020,1800,1890,1800,1853,1.59%,140,257110,0.015899123,0.015774056,1860,1665.3,1781.383865,1672.575486,54.26492725,108.808379,91.57963715,83.64285714,1665.3,188.8483379,2042.996676,1287.603324,8582
BBC,1/9/2020,1853,1856,1819,1819,-1.83%,190,346910,-0.018348624,-0.018519048,1847.4,1685.3,1787.170963,1683.421746,58.51790049,103.7492164,94.013553,77.42857143,1685.3,182.4641565,2050.228313,1320.371687,8392
BBC,1/12/2020,1785,1855,1748,1850,1.70%,1325,2352140,0.017042331,0.01689874,1841.6,1706.85,1796.836968,1695.760876,62.1077133,101.0760922,95.42606085,82.78571429,1706.85,174.6413694,2056.132739,1357.567261,9717
BBC,1/13/2020,1850,1850,1813,1813,-2.00%,3203,5848409,-0.02,-0.020202707,1831.8,1727.95,1799.323589,1704.445256,66.60090604,94.87833294,95.31651527,74.07142857,1727.95,159.2903588,2046.530718,1409.369282,6514
BBC,1/14/2020,1778,1938,1778,1924,6.12%,2164,4104429,0.06122449,0.05942342,1851.8,1754.15,1818.504575,1720.70857,53.83933845,97.79600491,95.8124132,80.71428571,1754.15,144.9592592,2044.068518,1464.231482,8678
BBC,1/15/2020,1962,2116,1961,2116,9.98%,4600,9579328,0.0997921,0.095121162,1904.4,1790.45,1864.273102,1749.989417,59.03497409,114.2836852,99.50666759,92.07142857,1790.45,139.779328,2070.008656,1510.891344,13278
BBC,1/16/2020,2158,2289,2080,2142,1.23%,1874,4144230,0.012287335,0.012212458,1969,1821.05,1907.000317,1779.027238,61.09658824,127.9730793,105.1999499,103.7857143,1821.05,146.5844377,2114.218875,1527.881125,15152
BBC,1/19/2020,2184,2244,2050,2060,-3.83%,3870,8444760,-0.038281979,-0.039033989,2011,1843.2,1930.53873,1799.840035,58.71389956,130.6986948,110.2996989,116.5714286,1843.2,147.594965,2138.38993,1548.01007,11282
BBC,1/20/2020,2021,2060,1870,1870,-9.22%,3141,6920319,-0.09223301,-0.096767552,2022.4,1857.2,1921.225079,1805.037069,50.03817377,116.1880096,111.4773611,118.0714286,1857.2,135.0612337,2127.322467,1587.077533,8141
BBC,1/21/2020,1907,2057,1902,1937,3.58%,840,2055278,0.035828877,0.035201954,2025,1868.3,1923.65199,1814.812101,44.86549031,108.8398887,110.9498666,118.8571429,1868.3,131.8436474,2131.987295,1604.612705,8981
BBC,1/22/2020,1901,1939,1901,1901,-1.96%,40,76420,-0.018585441,-0.018760321,1982,1879.4,1920.167068,1821.19639,49.13263944,98.97067833,108.5540289,113.4285714,1879.4,124.1906005,2127.781201,1631.018799,8941
BBC,1/23/2020,1924,1924,1863,1863,-2.00%,380,726720,-0.019989479,-0.020191972,1926.2,1888.55,1911.372135,1824.292954,58.25789087,87.07918103,104.2590593,115.2142857,1888.55,115.1376636,2118.825327,1658.274673,8561
BBC,1/26/2020,1850,1850,1790,1790,-3.92%,1235,2238110,-0.039184112,-0.039972472,1872.2,1893.05,1892.699499,1821.752735,56.52916768,70.9467637,97.59660022,117.7142857,1893.05,108.9743934,2110.998787,1675.101213,7326
BBC,1/27/2020,1761,1897,1755,1787,-0.17%,670,1199070,-0.001675978,-0.001677384,1855.6,1897.8,1876.438037,1819.178458,61.4000493,57.25957903,89.52919598,122.6428571,1897.8,101.5685405,2100.937081,1694.662919,6656
BBC,1/28/2020,1822,1894,1755,1755,-1.79%,1490,2655410,-0.017907107,-0.018069379,1819.2,1894.35,1857.755262,1814.424498,53.26797386,43.33076393,80.28950957,126.1428571,1894.35,105.3102059,2104.970412,1683.729588,5166
BBC,1/29/2020,1736,1798,1700,1798,2.45%,1827,3165562,0.024501425,0.024206079,1798.6,1886.25,1848.562145,1813.207869,46.56272147,35.35427615,71.30246289,130.5,1886.25,106.2211571,2098.692314,1673.807686,6993
BBC,1/30/2020,1830,1830,1729,1798,0.00%,1630,2856650,0,0,1785.6,1882.05,1840.783354,1812.08136,44.14402266,28.70199341,62.78236899,130.0714286,1882.05,108.0431079,2098.136216,1665.963784,6993
BBC,2/2/2020,1764,1810,1764,1775,-1.28%,1330,2363000,-0.012791991,-0.012874513,1782.6,1876.85,1830.662838,1809.334593,43.54640861,21.3282449,54.49154417,130.7142857,1876.85,110.6684356,2098.186871,1655.513129,5663
BBC,2/3/2020,1806,1840,1775,1775,0.00%,1370,2444160,0,0,1780.2,1872.5,1822.099324,1806.79129,58.05008945,15.30803458,46.65484225,123.9285714,1872.5,112.9687894,2098.437579,1646.562421,5663
BBC,2/4/2020,1790,1795,1775,1775,0.00%,1140,2130910,0,0,1784.2,1870.05,1814.853274,1804.436379,63.73056995,10.41689505,39.40725281,111.6428571,1870.05,114.5956162,2099.241232,1640.858768,5663
BBC,2/5/2020,1820,1825,1800,1800,0.39%,120,218100,0.014084507,0.013986242,1784.6,1867.4,1812.568155,1804.107759,64.09366869,8.460396615,33.21788157,100.2857143,1867.4,115.6188839,2098.637768,1636.162232,5783
BBC,2/6/2020,1775,1775,1764,1764,-2.00%,483,852990,-0.02,-0.020202707,1777.8,1864.65,1805.096131,1801.136813,63.81692573,3.959317822,27.36616882,89,1864.65,117.4699402,2099.58988,1629.71012,5300
BBC,2/9/2020,1750,1750,1741,1741,-1.30%,1100,1915800,-0.013038549,-0.013124297,1771,1859.2,1795.235188,1796.682235,68.11059908,-1.447046677,21.60352572,77.07142857,1859.2,120.6703208,2100.540642,1617.859358,4200
BBC,2/10/2020,1775,1775,1775,1775,1.95%,10,17750,0.019529006,0.019340762,1771,1857.3,1792.122082,1795.076143,72.73622047,-2.954061066,16.69200837,66.14285714,1857.3,121.730548,2100.761096,1613.838904,4210
BBC,2/11/2020,1808,1808,1774,1808,1.86%,363,653425,0.018591549,0.018420839,1777.6,1851.5,1794.564839,1796.033466,66.13691932,-1.468627199,13.05988125,65.85714286,1851.5,121.1473657,2093.794731,1609.205269,4573
BBC,2/12/2020,1829,1829,1785,1786,-1.22%,910,1631610,-0.012168142,-0.01224278,1774.8,1835,1793.247171,1795.290246,43.8655689,-2.043075,10.03929,64.64285714,1835,104.5647621,2044.129524,1625.870476,3663
BBC,2/13/2020,1821,1894,1801,1872,4.82%,980,1800568,0.048152296,0.047028896,1796.4,1821.5,1805.362991,1800.97245,45.78533296,4.390540826,8.909540167,67.14285714,1821.5,76.50834148,1974.516683,1668.483317,4643
BBC,2/16/2020,1909,1947,1838,1840,-1.71%,690,1292328,-0.017094017,-0.017241806,1816.2,1810.5,1810.691762,1803.86338,51.26294519,6.82838182,8.493308498,64.78571429,1810.5,52.44395505,1915.38791,1705.61209,3953
BBC,2/17/2020,1820,1840,1804,1840,0.00%,632,1143538,0,0,1829.2,1809,1815.200721,1806.540167,51.91864927,8.660554886,8.526757775,57.42857143,1809,51.06342805,1911.126856,1706.873144,3953
BBC,2/18/2020,1875,1875,1803,1803,-2.01%,210,382910,-0.020108696,-0.020313627,1828.2,1802.3,1813.323687,1806.277932,50.85191681,7.04575538,8.230557296,55.57142857,1802.3,41.22863083,1884.757262,1719.842738,3743
BBC,2/19/2020,1777,1848,1777,1848,2.50%,213,390032,0.024958403,0.024652029,1840.6,1799.65,1818.658505,1809.368456,50.12348728,9.290049154,8.442455668,53.42857143,1799.65,35.91111102,1871.472222,1727.827778,3956
BBC,2/20/2020,1848,1997,1875,1897,2.65%,1187,2254500,0.026515152,0.026169718,1845.6,1801.35,1830.711042,1815.859681,40.69084134,14.85136138,9.72423681,60.78571429,1801.35,39.67536024,1880.70072,1721.99928,5143
BBC,2/23/2020,1930,2011,1930,1950,2.79%,2817,5549170,0.027938851,0.027555682,1867.6,1809.35,1849.06319,1825.796001,44.64954521,23.26718878,12.4328272,64.28571429,1809.35,51.60403391,1912.558068,1706.141932,7960
BBC,2/24/2020,1950,1989,1905,1905,-2.31%,185,355755,-0.023076923,-0.023347364,1880.6,1815.25,1857.668853,1831.662964,37.16975402,26.005889,15.14743956,68.85714286,1815.25,55.51185269,1926.273705,1704.226295,7775
BBC,2/25/2020,1868,2015,1868,1975,3.67%,835,1614790,0.036745407,0.03608639,1915,1826.25,1875.719799,1842.280522,36.1935867,33.43927648,18.80580695,75.78571429,1826.25,64.08043876,1954.410878,1698.089122,8610
BBC,2/26/2020,2014,2044,1975,2030,2.78%,3034,6059590,0.027848101,0.027467395,1951.4,1837.85,1899.455214,1856.185669,37.02935073,43.26954558,23.69855467,78.14285714,1837.85,78.15118614,1994.152372,1681.547628,11644
BBC,2/27/2020,1990,2050,1921,1941,-4.38%,2682,5323852,-0.043842365,-0.044832489,1960.2,1845,1905.84672,1862.468212,39.68118417,43.37850802,27.63454534,85.71428571,1845,80.80971802,2006.619436,1683.380564,8962
BBC,3/1/2020,1941,1979,1979,1979,1.96%,10,19790,0.019577537,0.019388362,1966,1855.2,1917.101071,1871.100196,38.85172798,46.00087452,31.30781118,86,1855.2,84.30808165,2023.816163,1686.583837,8972
BBC,3/2/2020,1940,1940,1864,1864,-5.81%,110,208840,-0.058110157,-0.05986695,1957.8,1859.65,1908.931675,1870.574256,39.43409248,38.3574195,32.71773284,91.78571429,1859.65,82.17393299,2023.997866,1695.302134,8862
BBC,3/3/2020,1864,1867,1797,1865,0.05%,270,497920,0.000536481,0.000536337,1935.8,1864.15,1902.172956,1870.161348,40.49610206,32.01160808,32.57650789,93.64285714,1864.15,79.72206655,2023.594133,1704.705867,9132
BBC,3/4/2020,1831,1831,1758,1758,-5.74%,180,323130,-0.057372654,-0.059084254,1881.4,1862.05,1879.992501,1861.8531,36.95821438,18.13940132,29.68908657,93.57142857,1862.05,82.02084138,2026.091683,1698.008317,8952
BBC,3/5/2020,1758,1828,1731,1792,1.93%,410,734840,0.019340159,0.019155515,1851.6,1863.45,1866.455193,1856.678796,18.86369997,9.776397148,25.70654869,92.71428571,1863.45,80.48371852,2024.417437,1702.482563,9362
BBC,3/11/2020,1757,1814,1757,1814,1.23%,280,496200,0.012276786,0.012202037,1818.6,1867.1,1858.385163,1853.517404,22.15692036,4.867759724,21.5387909,94.21428571,1867.1,76.17839174,2019.456783,1714.743217,9642
BBC,3/12/2020,1779,1799,1779,1799,-0.83%,60,106940,-0.008269019,-0.008303397,1805.6,1868.3,1849.248984,1849.479078,31.99084668,-0.230093069,17.1850141,91.57142857,1868.3,74.82829468,2017.956589,1718.643411,9582
BBC,3/15/2020,1765,1765,1665,1665,-7.45%,1315,2235740,-0.074485825,-0.077405832,1765.6,1861.15,1820.902987,1835.813961,43.74609131,-14.91097383,10.76581652,96.07142857,1861.15,86.77210017,2034.6942,1687.6058,8267
BBC,3/16/2020,1698,1718,1660,1660,-0.30%,2315,3844920,-0.003003003,-0.003007521,1746,1854.85,1796.148681,1822.790704,33.76780111,-26.64202315,3.284248584,89.57142857,1854.85,96.53975183,2047.929504,1661.770496,5952
BBC,3/17/2020,1662,1693,1595,1693,1.99%,330,540650,0.019879518,0.019684501,1726.2,1845.9,1780.279653,1813.176578,44.98797113,-32.89692478,-3.951986089,88.42857143,1845.9,102.9506269,2051.801254,1639.998746,6282
BBC,3/18/2020,1660,1660,1592,1623,-4.13%,180,356030,-0.041346722,-0.042225815,1688,1835.05,1756.082784,1799.089424,38.87060454,-43.00664059,-11.76291699,89.64285714,1835.05,114.4030157,2063.856031,1606.243969,6102
BBC,3/19/2020,1560,1560,1470,1528,-3.96%,535,805300,-0.05853358,-0.060316598,1633.8,1819.45,1720.993125,1779.008726,46.96294018,-58.01560151,-21.01345389,90.07142857,1819.45,133.3892109,2086.228422,1552.671578,5567
BBC,6/29/2020,1550,1550,1550,1550,1.44%,10,15500,0.014397906,0.01429524,1610.8,1806.8,1694.68649,1762.045117,43.80704042,-67.35862672,-30.28248846,86.71428571,1806.8,146.3940609,2099.588122,1514.011878,5577
BBC,7/1/2020,1581,1612,1581,1612,4.00%,20,31930,0.04,0.039220713,1601.2,1795,1681.965492,1750.930664,47.84888411,-68.9651721,-38.01902519,81.92857143,1795,152.2909266,2099.581853,1490.418147,5597
BBC,7/6/2020,1580,1580,1549,1549,-3.91%,80,124560,-0.039081886,-0.039866083,1572.4,1777.6,1661.509262,1735.972837,51.67380825,-74.46357463,-45.30793508,83.71428571,1777.6,159.7225885,2097.045177,1458.154823,5517
BBC,7/7/2020,1570,1615,1570,1615,4.26%,170,272290,0.042608134,0.041725395,1570.8,1760.85,1654.353991,1727.011886,48.09752251,-72.65789485,-50.77792703,80.21428571,1760.85,158.2503929,2077.350786,1444.349214,5687
BBC,7/8/2020,1640,1640,1640,1640,1.55%,20,32800,0.015479876,0.015361285,1593.2,1747.6,1652.145685,1720.566561,48.70566314,-68.42087628,-54.30651688,77,1747.6,156.6314481,2060.862896,1434.337104,5707
BBC,7/9/2020,1608,1608,1608,1608,-1.95%,60,96480,-0.019512195,-0.019705071,1604.8,1729.25,1645.354041,1712.228297,50.90415913,-66.8742563,-56.82006477,71.64285714,1729.25,149.9434543,2029.136909,1429.363091,5647
BBC,7/13/2020,1640,1640,1640,1640,1.99%,20,32800,0.019900498,0.019705071,1610.4,1709.75,1644.530342,1706.878053,51.26068077,-62.34771067,-57.92559395,67,1709.75,133.197074,1976.144148,1443.355852,5667
BBC,7/14/2020,1608,1608,1580,1580,-3.66%,140,222320,-0.036585366,-0.037271395,1616.6,1691.7,1634.602597,1697.479679,51.0205518,-62.87708134,-58.91589142,67.21428571,1691.7,124.378497,1940.456994,1442.943006,5527
BBC,7/15/2020,1605,1605,1561,1561,-1.20%,240,378300,-0.012025316,-0.012098206,1605.8,1670.8,1623.279121,1687.370073,49.23772704,-64.09095202,-59.95090354,67.85714286,1670.8,107.5407389,1885.881478,1455.718522,5287
BBC,7/16/2020,1550,1585,1549,1585,1.54%,333,524887,0.01537476,0.015257766,1594.8,1656.85,1617.390025,1679.787104,46.25324973,-62.39707918,-60.44013867,60.85714286,1656.85,98.90946152,1854.668923,1459.031077,5620
BBC,7/20/2020,1615,1615,1615,1615,1.89%,60,96900,0.018927445,0.018750549,1596.2,1644.35,1617.022329,1674.98806,53.06605843,-57.9657306,-59.94525706,58.85714286,1644.35,86.200058,1816.750116,1471.949884,5680
BBC,7/21/2020,1583,1583,1583,1583,-1.98%,10,15830,-0.019814241,-0.020013176,1584.8,1635.6,1611.788125,1668.174129,39.28944619,-56.38600473,-59.23340659,54.14285714,1635.6,82.87428653,1801.348573,1469.851427,5670
BBC,7/22/2020,1613,1614,1613,1614,1.96%,20,32270,0.01958307,0.019393789,1591.6,1626.7,1612.128413,1664.161231,49.82248521,-52.03281774,-57.79328882,49.14285714,1626.7,74.30952337,1775.319047,1478.080953,5690
BBC,7/23/2020,1583,1583,1583,1583,-1.92%,100,158300,-0.019206939,-0.019393789,1596,1615.15,1607.647119,1658.149288,47.84747847,-50.50216904,-56.33506486,40.42857143,1615.15,60.29600231,1735.742005,1494.557995,5590
BBC,7/26/2020,1610,1612,1590,1590,0.44%,58,15900,0.004421984,0.004412235,1597,1604.7,1604.932177,1653.101192,47.73006135,-48.169015,-54.70185489,40.92857143,1604.7,42.13024917,1688.960498,1520.439502,5648
BBC,7/27/2020,1600,1600,1600,1600,0.63%,50,80000,0.006289308,0.006269613,1594,1601.45,1604.173381,1649.167771,35.09015257,-44.99438987,-52.76036189,37.21428571,1601.45,39.66899227,1680.787985,1522.112015,5698
BBC,7/28/2020,1590,1590,1559,1570,-1.87%,475,743430,-0.01875,-0.01892801,1591.4,1596.95,1598.915938,1643.303491,44.35196195,-44.38755377,-51.08580026,35.64285714,1596.95,37.73519229,1672.420385,1521.479615,5223
BBC,7/29/2020,1580,1580,1540,1540,-1.91%,650,1020020,-0.01910828,-0.019293203,1576.6,1589.3,1589.851947,1635.651381,41.53674833,-45.79943371,-50.02852695,33.78571429,1589.3,32.36486074,1654.029721,1524.570279,4573
BBC,7/30/2020,1551,1551,1539,1540,0.00%,100,154200,0,0,1568,1585.15,1582.182417,1628.566094,42.52650781,-46.38367658,-49.29955688,32.85714286,1585.15,33.12857726,1651.407155,1518.892845,4573
BBC,8/2/2020,1510,1511,1510,1511,-1.88%,30,45320,-0.018831169,-0.019010733,1552.2,1584.3,1571.231276,1619.857494,38.53305785,-48.62621813,-49.16488913,32.71428571,1584.3,34.84567481,1653.99135,1514.60865,4543
BBC,8/3/2020,1529,1529,1529,1529,1.19%,20,30580,0.011912641,0.011842244,1538,1583.25,1564.734157,1613.127309,40.42484014,-48.39315275,-49.01054185,31.71428571,1583.25,36.22281195,1655.695624,1510.804376,4563
BBC,8/5/2020,1540,1540,1540,1540,0.72%,118,181720,0.007194245,0.007168489,1532,1579.65,1560.928902,1607.710472,48.59734431,-46.78156987,-48.56474746,28.21428571,1579.65,36.78854942,1653.227099,1506.072901,4681
BBC,8/10/2020,1525,1535,1510,1535,-0.32%,320,30700,-0.003246753,-0.003252035,1531,1578.95,1556.93984,1602.324511,49.59193031,-45.38467081,-47.92873213,27.21428571,1578.95,37.52819992,1654.0064,1503.8936,4361
BBC,8/11/2020,1559,1559,1510,1510,-1.63%,30,45970,-0.016286645,-0.01642073,1525,1573.7,1549.718326,1595.485658,47.08750544,-45.767332,-47.4964521,28.14285714,1573.7,39.51162387,1652.723248,1494.676752,4331
BBC,8/12/2020,1540,1540,1511,1511,0.07%,230,349230,0.000662252,0.000662032,1525,1567.25,1543.76166,1589.227461,50.08655011,-45.46580065,-47.09032181,28.14285714,1567.25,38.63850684,1644.527014,1489.972986,4561
BBC,8/16/2020,1502,1502,1500,1500,-0.73%,205,307580,-0.007279947,-0.007306575,1519.2,1561.85,1537.029097,1582.61802,46.99528991,-45.58892224,-46.7900419,26.64285714,1561.85,40.16056589,1642.171132,1481.528868,4356
BBC,8/18/2020,1505,1505,1500,1500,0.00%,100,150170,0,0,1511.2,1554.85,1531.332313,1576.498166,44.98946481,-45.16585314,-46.46520414,24.78571429,1554.85,37.96296672,1630.775933,1478.924067,4356
BBC,8/19/2020,1530,1560,1530,1539,2.60%,60,92280,0.026,0.025667747,1512,1552.8,1532.511957,1573.720524,39.92083947,-41.20856706,-45.41387673,26.85714286,1552.8,37.63900552,1628.078011,1477.521989,4416
BBC,8/20/2020,1555,1657,1555,1624,5.52%,230,370345,0.055230669,0.053759387,1534.8,1555.95,1546.587041,1577.44493,41.64586134,-30.85788917,-42.50267922,33.21428571,1555.95,40.85980524,1637.66961,1474.23039,4646
BBC,8/23/2020,1615,1625,1605,1625,0.06%,85,137400,0.000615764,0.000615574,1557.6,1557.95,1558.650573,1580.967528,49.14599065,-22.31695476,-38.46553433,33.92857143,1557.95,43.26476018,1644.47952,1471.42048,4731
BBC,8/25/2020,1595,1595,1595,1595,-1.85%,70,111650,-0.018461538,-0.01863408,1576.6,1556.95,1564.242793,1582.00697,33.87841833,-17.76417761,-34.32526298,33.14285714,1556.95,42.09197323,1641.133946,1472.766054,4661
BBC,8/26/2020,1570,1616,1570,1616,1.32%,90,16160,0.013166144,0.013080224,1599.8,1558.6,1572.20544,1584.524972,35.0105022,-12.31953251,-29.92411689,33.57142857,1558.6,43.77983193,1646.159664,1471.040336,4751
BBC,8/27/2020,1584,1584,1553,1553,-3.90%,80,126230,-0.038985149,-0.039765416,1602.6,1555.55,1569.250757,1582.189789,44.0897245,-12.93903243,-26.5271,37.21428571,1555.55,41.79709761,1639.144195,1471.955805,4671
BBC,8/30/2020,1553,1595,1584,1595,2.70%,60,95590,0.02704443,0.026685192,1596.8,1556.15,1573.212179,1583.138694,41.90552017,-9.926514895,-23.20698298,38.07142857,1556.15,42.29504761,1640.740095,1471.559905,4731
BBC,8/31/2020,1624,1624,1590,1590,-0.31%,254,408856,-0.003134796,-0.00313972,1589.8,1556.15,1575.794921,1583.646939,35.62457697,-7.852018083,-20.13599,39.21428571,1556.15,42.29504761,1640.740095,1471.559905,4477
BBC,9/2/2020,1619,1619,1590,1590,0.00%,150,241400,0,0,1588.8,1555.65,1577.980317,1584.117536,44.41919356,-6.13721838,-17.33623567,40.5,1555.65,41.8056594,1639.261319,1472.038681,4477
BBC,9/3/2020,1600,1600,1600,1600,0.63%,22,35200,0.006289308,0.006269613,1585.6,1557.15,1581.367961,1585.294015,54.53821233,-3.926053732,-14.65419929,39.07142857,1557.15,42.87223982,1642.89448,1471.40552,4499
BBC,9/6/2020,1600,1600,1571,1571,-1.81%,260,409184,-0.018125,-0.01829127,1589.2,1558.7,1579.77289,1584.235199,61.73012724,-4.462308737,-12.61582118,37.64285714,1558.7,42.77985261,1644.259705,1473.140295,4239
BBC,9/7/2020,1571,1571,1571,1571,0.00%,121,190091,0,0,1584.4,1560.25,1578.423215,1583.254814,61.60194175,-4.831599025,-11.05897675,35.5,1560.25,42.62798068,1645.505961,1474.994039,4239
BBC,9/9/2020,1600,1656,1600,1656,5.41%,354,574634,0.054105665,0.052692697,1597.6,1567.5,1590.358105,1588.643346,65.81502299,1.714758715,-8.504229654,40.78571429,1567.5,46.00743647,1659.514873,1475.485127,4593
BBC,9/10/2020,1689,1690,1689,1689,1.99%,168,283772,0.019927536,0.019731582,1617.4,1575.5,1605.533781,1596.077172,66.15742614,9.456608696,-4.912061984,42.85714286,1575.5,52.42387965,1680.347759,1470.652241,4761
BBC,9/13/2020,1656,1656,1640,1640,-2.90%,100,164800,-0.029011249,-0.029440396,1625.4,1580.5,1610.836276,1599.330715,63.67849312,11.50556115,-1.628537357,42.07142857,1580.5,53.61509999,1687.7302,1473.2698,4661
BBC,9/15/2020,1610,1621,1608,1621,-1.16%,150,297605,-0.011585366,-0.011652999,1635.4,1584.8,1612.399926,1600.935847,66.14177115,11.46407875,0.989985864,35.92857143,1584.8,53.22108802,1691.242176,1478.357824,4511
BBC,9/16/2020,1600,1650,1589,1650,1.79%,674,1088920,0.017890191,0.017732045,1651.2,1591.8,1618.184553,1604.570229,61.97403647,13.61432384,3.51485346,38.85714286,1591.8,52.05927795,1695.918556,1487.681444,5185
BBC,9/17/2020,1617,1712,1585,1712,3.76%,805,1529041,0.037575758,0.03688699,1662.4,1601.85,1632.617698,1612.52799,66.54553344,20.08970875,6.829824519,45.78571429,1601.85,54.96053608,1711.771072,1491.928928,5990
BBC,9/21/2020,1680,1710,1680,1710,-0.12%,50,84300,-0.001168224,-0.001168907,1666.6,1612.35,1644.522668,1619.748139,70.53031998,24.77452931,10.41876548,44.78571429,1612.35,54.53658839,1721.423177,1503.276823,5940
BBC,9/22/2020,1690,1700,1666,1666,-2.57%,495,833660,-0.025730994,-0.026067827,1671.8,1620.65,1647.826873,1623.174202,69.47679472,24.65267044,13.26554647,43.42857143,1620.65,48.87607853,1718.402157,1522.897843,5445
BBC,9/23/2020,1633,1640,1633,1640,-1.56%,30,49120,-0.015606242,-0.015729302,1675.6,1625.7,1646.622739,1624.420558,74.1008528,22.20218078,15.05287333,42.78571429,1625.7,45.06498232,1715.829965,1535.570035,5415
BBC,9/24/2020,1617,1635,1611,1635,-0.30%,94,151828,-0.00304878,-0.003053437,1672.6,1626.25,1644.834625,1625.20422,85.82164329,19.63040477,15.96837962,42.42857143,1626.25,45.11024507,1716.47049,1536.02951,5321
BBC,9/27/2020,1635,1635,1603,1612,-1.41%,270,434940,-0.014067278,-0.01416716,1652.6,1625.6,1639.783144,1624.22613,81.45304747,15.55701439,15.88610657,42.64285714,1625.6,45.22272368,1716.045447,1535.154553,5051
BBC,9/28/2020,1612,1615,1610,1610,-0.12%,97,156419,-0.001240695,-0.001241465,1632.6,1626.35,1635.201122,1623.172342,60.97890088,12.0287796,15.11464118,42.28571429,1626.35,44.811036,1715.972072,1536.727928,4954
BBC,9/29/2020,1602,1629,1599,1629,1.18%,105,169265,0.011801242,0.011732151,1625.2,1627,1634.247103,1623.604021,40.26290166,10.64308249,14.22032944,42.35714286,1627,44.74724337,1716.494487,1537.505513,5059
BBC,9/30/2020,1629,1629,1629,1629,0.00%,100,162900,0,0,1623,1630.8,1633.439857,1624.003723,43.38665026,9.436133672,13.26349029,42.35714286,1630.8,41.22033223,1713.240664,1548.359336,5059
BBC,10/4/2020,1629,1629,1597,1597,-1.96%,150,242890,-0.019643953,-0.01983946,1615.4,1630.9,1627.833725,1622.003447,40.71494893,5.830277661,11.77684776,38.57142857,1630.9,41.13124053,1713.162481,1548.637519,4909
BBC,10/5/2020,1628,1628,1628,1628,1.94%,20,32560,0.019411396,0.019225398,1618.6,1632.8,1627.859306,1622.447636,45.68268822,5.41166936,10.50381208,38.35714286,1632.8,40.00473656,1712.809473,1552.790527,4929
BBC,10/6/2020,1660,1662,1630,1662,2.09%,130,215630,0.020884521,0.020669429,1629,1636.4,1633.11172,1625.377441,50.76173065,7.734279161,9.949905497,37.28571429,1636.4,39.18162835,1714.763257,1558.036743,5059
BBC,10/7/2020,1695,1728,1662,1728,3.97%,440,746410,0.039711191,0.038942974,1648.8,1642.8,1647.709917,1632.979112,40.21948688,14.73080503,10.9060854,39.71428571,1642.8,43.17357866,1729.147157,1556.452843,5499
BBC,10/8/2020,1701,1701,1694,1700,-1.62%,90,152950,-0.016203704,-0.016336419,1663,1649.25,1655.754545,1637.943622,46.40522876,17.81092295,12.28705291,37.78571429,1649.25,41.48541278,1732.220826,1566.279174,5409
BBC,10/11/2020,1700,1700,1670,1670,-1.76%,160,268300,-0.017647059,-0.017804625,1677.6,1654.2,1657.946154,1640.318169,52.70805812,17.62798489,13.35523931,30.85714286,1654.2,37.35829366,1728.916587,1579.483413,5249
BBC,10/12/2020,1699,1699,1680,1680,0.60%,75,126228,0.005988024,0.005970167,1688,1655.4,1661.339053,1643.257564,46.76445211,18.08148942,14.30048933,30.64285714,1655.4,37.80197711,1731.003954,1579.796046,5324
BBC,10/13/2020,1682,1682,1682,1682,0.12%,10,16820,0.001190476,0.001189768,1692,1655.05,1664.51766,1646.127374,39.98000286,18.39028654,15.11844877,27.64285714,1655.05,37.50575394,1730.061508,1580.038492,5334
BBC,10/14/2020,1715,1715,1666,1666,-0.95%,180,302610,-0.009512485,-0.009558018,1679.6,1656.35,1664.745713,1647.59942,39.71339387,17.14629242,15.5240175,28.78571429,1656.35,37.40711303,1731.164226,1581.535774,5154
BBC,10/15/2020,1660,1699,1660,1660,-0.36%,355,598160,-0.003601441,-0.003607941,1671.6,1658.3,1664.015603,1648.517982,53.794744,15.49762132,15.51873827,29.5,1658.3,36.47219561,1731.244391,1585.355609,4799
BBC,10/19/2020,1670,1670,1640,1640,-1.20%,70,116310,-0.012048193,-0.012121361,1665.6,1657.8,1660.320895,1647.88702,46.44675435,12.43387478,14.90176557,29.35714286,1657.8,36.6600313,1731.120063,1584.479937,4729
BBC,10/20/2020,1672,1739,1672,1675,2.13%,108,182600,0.021341463,0.021116923,1664.6,1655.95,1662.579219,1649.895389,55.84996559,12.68382977,14.45817841,36.07142857,1655.95,34.65996477,1725.26993,1586.63007,4837
BBC,10/21/2020,1655,1655,1648,1652,-1.37%,350,577520,-0.013731343,-0.01382649,1658.6,1653.05,1660.951647,1650.051286,65.14363031,10.90036055,13.74661484,35.85714286,1653.05,32.24164518,1717.53329,1588.56671,4487
BBC,10/22/2020,1685,1685,1675,1675,1.39%,80,134300,0.013922518,0.01382649,1660.4,1653.5,1663.112932,1651.899339,64.92459154,11.21359281,13.24001043,38.21428571,1653.5,32.49372409,1718.487448,1588.512552,4567
BBC,10/28/2020,1700,1708,1700,1708,1.97%,118,201082,0.019701493,0.01950993,1670,1656.9,1670.018635,1656.054943,66.42527288,13.9636911,13.38474656,38.28571429,1656.9,34.50232639,1725.904653,1587.895347,4685
BBC,10/29/2020,1710,1760,1709,1760,3.04%,820,1420460,0.030444965,0.029990714,1694,1663.15,1683.861922,1663.754577,59.12681469,20.10734427,14.72926611,39.78571429,1663.15,41.03050855,1745.211017,1581.088983,5505
BBC,11/1/2020,1795,1936,1795,1936,10.00%,601,1149112,0.1,0.09531018,1746.2,1679.35,1722.652395,1683.920905,64.00639218,38.73149027,19.52971094,49.92857143,1679.35,72.02651193,1823.403024,1535.296976,6106
BBC,11/2/2020,1940,2129,1940,2129,9.97%,295,618725,0.099690083,0.095028397,1841.6,1705.3,1785.167411,1716.889727,69.2666599,68.27768455,29.27930566,59,1705.3,121.9309986,1949.161997,1461.438003,6401
BBC,11/3/2020,2235,2341,2235,2341,9.96%,2446,5719486,0.099577266,0.094925803,1974.8,1740.9,1870.680117,1763.120117,64.61988304,107.5599999,44.93544451,71.71428571,1740.9,185.7306765,2112.361353,1369.438647,8847
BBC,11/4/2020,2458,2575,2458,2575,10.00%,5312,13637870,0.099957283,0.095271346,2148.2,1788.2,1979.037022,1823.259368,57.32177264,155.7776544,67.10388648,86.28571429,1788.2,260.9574678,2310.114936,1266.285064,14159
BBC,11/5/2020,2703,2757,2356,2356,-8.50%,3748,9737089,-0.085048544,-0.088884268,2267.4,1826.15,2037.031327,1862.721637,57.34939759,174.3096896,88.5450471,112.8571429,1826.15,285.7043512,2397.558702,1254.741298,10411
BBC,11/8/2020,2309,2392,2132,2392,1.53%,2883,6601314,0.015280136,0.01516457,2358.6,1864.35,2091.641892,1901.927442,62.07729469,189.7144501,108.7789277,131.2857143,1864.35,308.0200395,2480.390079,1248.309921,13294
BBC,11/9/2020,2392,2392,2299,2385,-0.29%,1042,2448325,-0.002926421,-0.002930712,2409.8,1900.5,2136.773908,1937.710594,68.11926606,199.0633143,126.835805,134.4285714,1900.5,324.981376,2550.462752,1250.537248,12252
BBC,11/10/2020,2395,2400,2259,2275,-4.61%,1000,2308935,-0.046121593,-0.047219072,2396.6,1927.85,2158.039461,1962.694995,57.93650794,195.3444664,140.5375373,141.7142857,1927.85,332.6273836,2593.104767,1262.595233,11252
BBC,11/11/2020,2250,2502,2230,2502,9.98%,3074,7554885,0.09978022,0.09511036,2382,1967.95,2210.956467,2002.643513,67.96033692,208.3129535,154.0926205,159,1967.95,351.5193302,2670.98866,1264.91134,14326
BBC,11/12/2020,2552,2752,2552,2752,- %,5386,14686457,0.099920064,0.095237508,2461.2,2022.05,2294.193934,2058.151401,68.33508957,236.0425322,170.4826029,169.7857143,2022.05,384.9248013,2791.899603,1252.200397,19712
BBC,11/18/2020,2889,3027,2889,3027,0.00%,905,2731691,0.099927326,0.09524411,2588.2,2089.4,2406.933328,2129.917964,65.05001163,277.0153642,191.7891551,187.5,2089.4,436.3352646,2962.070529,1216.729471,20617
BBC,11/19/2020,3150,3329,3150,3329,0.00%,461,1524039,0.099768748,0.095099929,2777,2171.75,2548.789739,2218.738856,60.96758469,330.0508837,219.4415008,206.7142857,2171.75,505.35989,3182.46978,1161.03022,21078
BBC,11/22/2020,3495,3519,3066,3230,-0.03%,4458,14734065,-0.02973866,-0.030189821,2968,2249.95,2653.591318,2293.647089,60.33927687,359.9442293,247.5420465,236.7142857,2249.95,542.6149624,3335.179925,1164.720075,16620
BBC,11/23/2020,3167,3553,3041,3266,0.01%,4877,15681587,0.011145511,0.011083857,3120.8,2330.25,2747.808038,2365.67323,64.5687028,382.134808,274.4605988,269.5714286,2330.25,568.9114143,3468.072829,1192.427171,21497
BBC,11/24/2020,3266,3591,3266,3591,0.10%,5535,19428308,0.099510104,0.094864721,3288.6,2427.8,2877.529879,2456.438176,54.1047088,421.0917024,303.7868195,280.2142857,2427.8,610.1022002,3648.0044,1207.5956,27032
BBC,11/25/2020,3662,3950,3662,3950,0.10%,4711,18548495,0.099972153,0.095284864,3473.2,2541.55,3042.525282,2567.072385,55.61713601,475.4528965,338.1200349,292.0714286,2541.55,671.3643983,3884.278797,1198.821203,31743
BBC,11/26/2020,4000,4345,3800,4000,0.01%,2396,9850505,0.012658228,0.012578782,3607.4,2658.95,3189.829085,2673.215172,61.10928242,516.613913,373.8188106,315.8571429,2658.95,711.7064353,4082.362871,1235.537129,34139
BBC,11/29/2020,3920,3920,3600,3600,-0.10%,655,2374890,-0.1,-0.105360516,3681.4,2755.2,3252.932302,2741.8659,70.37528431,511.0664028,401.268329,327.7142857,2755.2,701.7321126,4158.664225,1351.735775,33484
BBC,11/30/2020,3528,3669,3240,3240,-0.10%,7133,23439221,-0.1,-0.105360516,3676.2,2831.8,3250.942717,2778.764722,74.99495052,472.1779955,415.4502623,329.7142857,2831.8,664.0063094,4159.812619,1503.787381,26351
BBC,12/1/2020,3304,3500,3118,3118,-0.04%,2389,7829790,-0.037654321,-0.038381559,3581.6,2899.7,3230.489992,2803.893261,72.34137623,426.5967307,417.679556,338.4285714,2899.7,616.3615737,4132.423147,1666.976853,23962
BBC,12/2/2020,3180,3429,3053,3429,0.10%,2718,8796638,0.099743425,0.095076903,3477.4,2974.35,3261.029993,2850.197464,64.38434983,410.8325291,416.3101506,358.6428571,2974.35,583.0102712,4140.370542,1808.329458,26680
BBC,12/3/2020,3489,3489,3137,3190,-0.07%,1353,4368456,-0.069699621,-0.072247757,3315.4,3027.4,3250.102302,2875.368022,75.2016129,374.7342796,407.9949764,373.7142857,3027.4,549.3403125,4126.080625,1928.719375,25327
BBC,12/6/2020,3127,3127,2880,2895,-0.09%,1566,4600396,-0.092476489,-0.097035806,3174.4,3055.1,3195.471178,2876.822243,58.80544576,318.6489357,390.1257682,376.4285714,3055.1,526.3958786,4107.891757,2002.308243,23761
BBC,12/7/2020,2838,3183,2838,3183,0.10%,1087,3323702,0.099481865,0.094839037,3163,3085.5,3193.552536,2899.502077,46.88561721,294.050459,370.9107064,383.2142857,3085.5,514.6352311,4114.770462,2056.229538,24848
BBC,12/8/2020,3246,3300,2998,3000,-0.06%,1199,3713434,-0.057492931,-0.05921186,3139.4,3117.7,3163.775222,2906.946367,24.30044183,256.8288552,348.0943362,385.1428571,3117.7,485.936004,4089.572008,2145.827992,23649
BBC,12/9/2020,2940,3050,2855,2860,-0.05%,1225,3557590,-0.046666667,-0.047790664,3025.6,3141.1,3117.040573,2903.468859,22.60273973,213.5717143,321.1898118,377.5,3141.1,459.7115686,4060.523137,2221.676863,22424
BBC,12/10/2020,2860,2975,2804,2900,0.01%,1417,4085250,0.013986014,0.013889112,2967.6,3166.85,3083.649715,2903.211906,19.87951807,180.4378094,293.0394113,357.3571429,3166.85,428.4943376,4023.838675,2309.861325,23841
BBC,12/13/2020,2958,2958,2852,2898,0.00%,250,723290,-0.000689655,-0.000689893,2968.2,3198,3055.088221,2902.825839,21.04591837,152.2623818,264.8840054,328.3571429,3198,380.1674146,3958.334829,2437.665171,23591
BBC,12/14/2020,2955,2990,2845,2899,0.00%,1826,5245505,0.000345066,0.000345006,2911.4,3217.85,3031.074648,2902.542443,18.13186813,128.5322049,237.6136453,315.5,3217.85,351.1726633,3920.195327,2515.504673,25417
BBC,12/15/2020,2843,2870,2800,2800,-0.03%,1606,4556727,-0.034149707,-0.034746433,2871.4,3220.25,2995.524702,2894.946707,5.421686747,100.5779955,210.2065154,296.9285714,3220.25,347.9707905,3916.191581,2524.308419,23811
BBC,12/16/2020,2800,2925,2793,2793,0.00%,1376,3901551,-0.0025,-0.00250313,2858,3208.55,2964.367056,2887.395099,3.880983182,76.97195693,183.5596037,267.4285714,3208.55,358.5826595,3925.715319,2491.384681,22435
BBC,12/17/2020,2800,2800,2653,2700,-0.03%,1607,4410490,-0.03329753,-0.033864514,2818,3177.1,2923.695201,2873.513981,41.04734197,50.18122062,156.8839271,249.3571429,3177.1,374.684555,3926.46911,2427.73089,20828
BBC,12/20/2020,2646,2649,2543,2548,-0.06%,1309,3388790,-0.056296296,-0.057943035,2748,3143,2865.895939,2849.401834,51.05932203,16.49410561,128.8059628,229.9285714,3143,399.8087701,3942.61754,2343.38246,19519
BBC,12/21/2020,2499,2653,2400,2653,0.04%,1020,2537430,0.041208791,0.040382337,2698.8,3112.35,2833.142718,2834.85355,51.17426022,-1.710831855,102.7026038,220.7142857,3112.35,413.1570716,3938.664143,2286.035857,20539
BBC,12/22/2020,2700,2860,2700,2750,0.04%,1099,3073630,0.036562382,0.035909837,2688.8,3070.3,2820.351531,2828.568102,46.77973379,-8.216571101,80.51876885,208.6428571,3070.3,404.5858311,3879.471662,2261.128338,21638
BBC,12/23/2020,2805,2805,2697,2700,-0.02%,500,1373600,-0.018181818,-0.018349139,2670.2,3007.8,2801.835911,2819.044539,41.44161278,-17.2086281,60.97328946,191.2142857,3007.8,355.0559037,3717.911807,2297.688193,21138
BBC,12/24/2020,2701,2702,2690,2690,0.00%,70,188990,-0.003703704,-0.003710579,2668.2,2942.3,2784.630386,2809.485684,47.2420744,-24.85529809,43.80757195,169.9285714,2942.3,273.9535304,3490.207061,2394.392939,21068
BBC,12/27/2020,2640,2640,2541,2541,-0.06%,535,1420410,-0.055390335,-0.056983489,2666.8,2889.35,2747.148788,2789.597855,42.41391067,-42.44906747,26.55624407,155.9285714,2889.35,240.4336597,3370.217319,2408.482681,20533
BBC,12/28/2020,2541,2591,2541,2590,0.02%,162,418472,0.019283747,0.019100171,2654.2,2856.85,2722.972051,2774.812829,49.84746797,-51.84077775,10.87683971,137.9285714,2856.85,234.396038,3325.642076,2388.057924,20695
BBC,12/29/2020,2590,2600,2548,2548,-0.02%,250,643340,-0.016216216,-0.016349138,2613.8,2828.35,2696.053274,2758.011879,54.00246305,-61.95860458,-3.690249152,127.7142857,2828.35,235.6215241,3299.593048,2357.106952,20445
BBC,12/30/2020,2548,2678,2548,2678,0.05%,885,2325975,0.051020408,0.04976151,2609.4,2790.8,2693.275847,2752.085073,46.98633807,-58.80922555,-14.71404443,124.7857143,2790.8,190.3538533,3171.507707,2410.092293,21330
BBC,12/31/2020,2731,2840,2670,2670,0.00%,1146,3132769,-0.002987304,-0.002991775,2605.4,2764.8,2689.694948,2746.004697,44.08696745,-56.30974938,-23.03318542,129.3571429,2764.8,167.0438329,3098.887666,2430.712334,20184
BBC,1/3/2021,2720,2900,2720,2840,0.06%,3845,10819140,0.063670412,0.06172558,2665.2,2762.05,2712.818802,2752.967312,48.34787206,-40.14851022,-26.45625038,135.4285714,2762.05,165.2304531,3092.510906,2431.589094,24029
BBC,1/4/2021,2895,2953,2850,2850,0.00%,785,2258720,0.003521127,0.003514942,2717.2,2745.4,2733.923602,2760.154919,45.18280632,-26.23131703,-26.41126371,136.4285714,2745.4,134.4996185,3014.399237,2476.400763,24814
BBC,1/5/2021,2898,2898,2738,2775,-0.03%,411,1155590,-0.026315789,-0.026668247,2762.6,2734.15,2740.243048,2761.254554,48.67598137,-21.01150679,-25.33131233,138.4285714,2734.15,120.7948565,2975.739713,2492.560287,24403
BBC,1/6/2021,2760,2830,2760,2800,0.01%,533,1483021,0.009009009,0.00896867,2787,2731.15,2749.436425,2764.124587,36.26754748,-14.6881625,-23.20268236,132.9285714,2731.15,118.2224821,2967.594964,2494.705036,24936
BBC,1/7/2021,2855,2855,2750,2805,0.00%,531,1480945,0.001785714,0.001784122,2814,2726.4,2757.984667,2767.152396,28.56367583,-9.16772852,-20.39569159,129.2142857,2726.4,112.8685309,2952.137062,2500.662938,25467
BBC,1/10/2021,2861,2917,2748,2760,-0.02%,1523,4265244,-0.016042781,-0.016172859,2798,2719.5,2758.294718,2766.622589,28.69266883,-8.327870231,-17.98212732,123.2142857,2719.5,105.8243331,2931.148666,2507.851334,23944
BBC,1/11/2021,2815,2830,2750,2751,0.00%,360,999660,-0.00326087,-0.003266198,2778.2,2712.1,2757.172454,2765.46536,38.68348307,-8.292905813,-16.04428302,114.1428571,2712.1,97.45546891,2907.010938,2517.189062,23584
BBC,1/12/2021,2795,2800,2750,2764,0.00%,750,2085167,0.004725554,0.004714424,2776,2710.3,2758.222846,2765.356815,43.80716463,-7.133968953,-14.26222021,110,2710.3,96.0691089,2902.438218,2518.161782,24334
BBC,1/13/2021,2815,2815,2754,2754,0.00%,303,843525,-0.003617945,-0.003624506,2766.8,2708.35,2757.573177,2764.515569,35.85582185,-6.942391994,-12.79825456,113.5,2708.35,94.68800569,2897.726011,2518.973989,24031
BBC,1/17/2021,2796,2805,2753,2805,0.02%,550,1534875,0.018518519,0.018349139,2766.8,2713.6,2764.869611,2767.514416,40.20618557,-2.64480444,-10.76756454,106.5714286,2713.6,97.08130071,2907.762601,2519.437399,24581
BBC,1/18/2021,2776,3085,2775,3085,0.10%,3829,11405945,0.099821747,0.095148118,2831.8,2740.45,2814.12044,2791.031867,28.39805825,23.08857389,-3.996336852,125.1428571,2740.45,120.3431388,2981.136278,2499.763722,28410
BBC,1/19/2021,3239,3393,3185,3265,0.06%,4469,14799012,0.05834684,0.056708105,2934.6,2771.05,2883.486527,2826.140617,23.96907216,57.34590935,8.272112389,143.4285714,2771.05,166.0603806,3103.170761,2438.929239,32879
BBC,1/20/2021,3275,3275,3135,3136,-0.04%,2150,6881860,-0.039509954,-0.04031166,3009,2790.35,2922.334753,2849.093164,34.31734317,73.24158917,21.26600774,144.1428571,2790.35,184.8527935,3160.055587,2420.644413,30729
BBC,1/21/2021,3190,3198,3083,3091,-0.01%,806,2529985,-0.01434949,-0.014453439,3076.4,2809.9,2948.283253,2867.012189,64.04494382,81.27106378,33.26701895,140.2142857,2809.9,195.1819394,3200.263879,2419.536121,29923
BBC,1/24/2021,3120,3120,2950,3000,-0.03%,1694,5073880,-0.029440311,-0.029882374,3115.4,2825.4,2956.239675,2876.863138,55.7591623,79.37653748,42.48892266,135.9285714,2825.4,197.4549649,3220.30993,2430.49007,28229
BBC,1/25/2021,3000,3139,3000,3098,0.03%,2054,6354565,0.032666667,0.032144453,3118,2853.25,2978.048956,2893.243646,57.56756757,84.80530988,50.9522001,137.7857143,2853.25,194.489311,3242.228622,2464.271378,30283
BBC,1/26/2021,3119,3120,3000,3000,-0.03%,1018,3093670,-0.031633312,-0.032144453,3065,2873.75,2981.42604,2901.151524,50.45002369,80.2745155,56.81666318,134.9285714,2873.75,186.7345076,3247.219015,2500.280985,29265
BBC,1/27/2021,3050,3050,2940,2980,-0.01%,1273,3808700,-0.006666667,-0.006688988,3033.8,2895.35,2981.206649,2906.992152,46.20390456,74.21449694,60.29622993,137.7857143,2895.35,171.4290631,3238.208126,2552.491874,27992
BBC,1/28/2021,3000,3039,2900,2921,-0.02%,2133,6454240,-0.019798658,-0.019997277,2999.8,2907.5,2971.944088,2908.02977,58.50694444,63.91431718,61.01984738,140.2142857,2907.5,163.6483714,3234.796743,2580.203257,25859
BBC,1/31/2021,2979,3038,2850,2880,-0.01%,898,2623902,-0.014036289,-0.014135729,2975.8,2918,2957.798843,2905.953491,58.35220345,51.84535222,59.18494835,141.5714286,2918,154.0642381,3226.128476,2609.871524,24961
BBC,4/22/2021,3024,3168,3024,3168,10.00%,555,1733590,0.1,0.09531018,2989.8,2934.4,2990.137483,2925.364344,53.13602509,64.7731392,60.30258652,156.4285714,2934.4,162.54826,3259.49652,2609.30348,25516
BBC,4/25/2021,3326,3484,3326,3484,9.97%,1212,4218285,0.099747475,0.095080585,3086.6,2966.1,3066.116332,2966.744763,52.47426762,99.371569,68.11638302,175.4285714,2966.1,202.2057056,3370.511411,2561.688589,26728
BBC,4/26/2021,3658,3832,3658,3832,9.99%,5221,19935352,0.099885189,0.095205801,3257,3018.95,3183.944588,3030.837743,56.12957866,153.1068451,85.11447544,195.9285714,3018.95,274.7493547,3568.448709,2469.451291,31949
BBC,4/27/2021,4023,4215,4023,4215,9.99%,4723,19702710,0.099947808,0.095262731,3515.8,3089.7,3342.568498,3118.553466,53.38669951,224.0150319,112.8945867,219.5714286,3089.7,378.1354672,3845.970934,2333.429066,36672
BBC,4/28/2021,4513,4636,4513,4636,9.99%,3757,17417452,0.099881376,0.095202334,3867,3181.25,3541.55796,3230.956913,49.90406754,310.6010468,152.4358787,227.5,3181.25,505.7097019,4192.669404,2169.830596,40429
BBC,4/29/2021,4864,5099,4864,5099,9.99%,2678,13655122,0.099870578,0.095192517,4253.2,3298.2,3781.164427,3369.330475,47.27371865,411.8339525,204.3154935,238.5714286,3298.2,652.3589261,4602.917852,1993.482148,43107
BBC,5/2/2021,5353,5608,5353,5608,9.98%,600,3364800,0.099823495,0.095149708,4678,3441.05,4062.216054,3535.157847,38.23875331,527.0582068,268.8640362,264.9285714,3441.05,818.0045345,5077.059069,1805.040931,43707
BBC,5/3/2021,5888,6168,5888,6168,9.99%,1289,7950552,0.099857347,0.095180487,5145.2,3611.25,4386.182815,3730.183192,30.12308716,655.9996231,346.2911536,296.7142857,3611.25,1002.942926,5617.135852,1605.364148,44996
BBC,5/4/2021,6291,6784,6291,6784,9.99%,626,4246784,0.099870298,0.095192262,5659,3812.75,4755.077766,3956.391844,29.01313682,798.6859222,436.7701073,328.5714286,3812.75,1205.937411,6224.624822,1400.875178,45622
BBC,5/5/2021,6919,7462,6919,7462,9.99%,220,1641640,0.099941038,0.095256576,6224.2,4045.6,5171.527341,4216.066522,46.97255113,955.4608184,540.5082495,367.0714286,4045.6,1429.915323,6905.430646,1185.769354,45842
BBC,5/6/2021,7611,8208,6716,6716,-10.00%,7881,52928796,-0.099973198,-0.105330736,6547.6,4227.15,5409.138519,4401.24678,50.72653298,1007.891739,633.9849474,465.0714286,4227.15,1528.631561,7284.413122,1169.886878,37961
BBC,5/9/2021,6381,6381,6045,6045,-9.99%,100,4050150,-0.099910661,-0.105261255,6635,4366.15,5506.963362,4523.006278,57.38426583,983.9570846,703.9793749,505.1428571,4366.15,1562.555271,7491.260543,1241.039457,37861
BBC,5/10/2021,5743,5743,5441,5441,-9.99%,676,3678116,-0.099917287,-0.105268617,6489.6,4481.4,5496.815153,4591.005813,42.62020694,905.80934,744.3453679,538.3571429,4481.4,1552.017071,7585.434143,1377.365857,37185
BBC,5/11/2021,5169,5169,4897,4897,-10.00%,2671,13079887,-0.099981621,-0.105340095,6112.2,4571.7,5404.535899,4613.672049,40.0085702,790.8638496,753.6490642,563.7857143,4571.7,1519.051162,7609.802323,1533.597677,34514
BBC,5/12/2021,4653,5386,4653,5386,9.99%,7181,38676866,0.099857055,0.095180222,5697,4691,5401.684222,4670.881527,39.91416309,730.8026951,749.0797904,595.5714286,4691,1482.370186,7655.740372,1726.259628,41695
BBC,5/13/2021,5493,5924,5493,5924,9.99%,8719,51651356,0.0998886,0.095208902,5538.6,4832.3,5482.040495,4763.705117,35.86118252,718.335378,742.9309079,611.4285714,4832.3,1457.003634,7746.307268,1918.292732,50414
BBC,5/16/2021,6220,6516,5739,6479,9.37%,7645,49531955,0.093686698,0.089554281,5625.4,5006.25,5635.418881,4890.763998,34.40197287,744.6548832,743.275703,642.0714286,5006.25,1434.232928,7874.715856,2137.784144,58059
BBC,5/17/2021,6608,6628,6127,6360,-1.84%,3642,23163120,-0.018367032,-0.0185378,5809.2,5175.25,5746.892899,4999.596294,35.60110664,747.296605,744.0798834,650.5,5175.25,1381.059619,7937.369238,2413.130762,54417
BBC,5/18/2021,6678,6996,6287,6996,10.00%,5657,39576372,0.1,0.09531018,6229,5379,5939.063222,5147.47805,37.83180026,791.5851723,753.5809412,671.0714286,5379,1330.658602,8040.317205,2717.682795,60074
BBC,5/19/2021,7135,7555,6910,7380,5.49%,5936,43807680,0.054888508,0.053435081,6627.8,5604,6160.745803,5312.850046,39.22343324,847.8957571,772.4439044,684.0714286,5604,1264.679989,8133.359977,3074.640023,66010
BBC,5/20/2021,7233,7377,7101,7112,-3.63%,2416,17182592,-0.036314363,-0.03699014,6865.4,5801.2,6307.092603,5446.120413,43.24121358,860.9721897,790.1495614,667.6428571,5801.2,1168.694846,8138.589691,3463.810309,63594
BBC,5/23/2021,7050,7333,6860,7100,-0.17%,4809,34143900,-0.001687289,-0.001688714,6989.6,5982,6429.078356,5568.630012,45.21600464,860.448344,804.2093179,661.4285714,5982,1066.59315,8115.1863,3848.8137,58785
BBC,5/24/2021,7156,7533,6958,7097,-0.04%,2845,20190965,-0.000422535,-0.000422625,7137,6145.25,6531.835532,5681.842604,46.1527079,849.9929283,813.36604,658.5,6145.25,965.2518556,8075.753711,4214.746289,55940
BBC,5/25/2021,7235,7382,6742,7050,-0.66%,3667,25852350,-0.006622517,-0.006644543,7147.8,6287,6611.553143,5783.187596,37.01973001,828.3655464,816.3659413,655.7857143,6287,870.3707014,8027.741403,4546.258597,52273
BBC,5/27/2021,6909,7416,6902,7000,-0.71%,3020,21140000,-0.007092199,-0.007117468,7071.8,6405.2,6671.314198,5873.321848,33.27629123,797.9923493,812.6912229,585.9285714,6405.2,791.2848047,7987.769609,4822.630391,49253
BBC,5/30/2021,7140,7140,6855,7000,0.00%,2766,19362000,0,0,7049.4,6500.25,6721.881244,5956.779489,22.35509285,765.1017549,803.1733293,558.3571429,6500.25,738.5419402,7977.33388,5023.16612,49253
BBC,5/31/2021,7099,7099,6810,6889,-1.59%,1385,9541265,-0.015857143,-0.015984212,7007.2,6564.3,6747.591822,6025.83286,26.57699443,721.7589616,786.8904558,535.8571429,6564.3,712.165275,7988.63055,5139.96945,47868
BBC,6/1/2021,6780,6920,6752,6820,-1.00%,1468,10011760,-0.010015967,-0.010066465,6951.8,6596.9,6758.731542,6084.660056,25.7027512,674.0714857,764.3266618,509,6596.9,707.9801439,8012.860288,5180.939712,46400
BBC,6/2/2021,6820,6900,6700,6706,-1.67%,819,5492214,-0.016715543,-0.016856824,6883,6593,6750.618997,6130.685237,31.42423406,619.9337598,735.4480814,470.9285714,6593,707.1095352,8007.21907,5178.78093,45581
BBC,6/3/2021,7041,7041,6650,6650,-0.84%,2052,13645800,-0.008350731,-0.008385793,6813,6552.4,6735.139151,6169.152997,54.57616038,565.9861539,701.5556959,460.4285714,6552.4,677.2698599,7906.93972,5197.86028,43529
BBC,6/6/2021,6783,7315,6653,6665,0.23%,1146,7742358,0.002255639,0.002253099,6746,6549.85,6724.348513,6205.882405,59.08440629,518.4661077,664.9377782,452.4285714,6549.85,676.7172522,7903.284504,5196.415496,44675
BBC,6/7/2021,6665,6730,6563,6600,-0.98%,970,6445695,-0.009752438,-0.009800305,6688.2,6577.6,6705.217972,6235.076301,62.76787503,470.1416714,625.9785569,428.5714286,6577.6,666.2234018,7910.046804,5245.153196,43705
BBC,6/8/2021,6600,6600,6370,6500,-1.52%,3152,20330037,-0.015151515,-0.015267472,6624.2,6630.55,6673.645976,6254.700278,58.91267285,418.9456979,584.5719851,394.3571429,6630.55,610.9228115,7852.395623,5408.704377,40553
BBC,6/9/2021,6550,7019,6550,6618,0.02%,1185,8005255,0.018153846,0.017991033,6606.6,6716.6,6665.085057,6281.611369,62.01618578,383.473688,544.3523257,385.3571429,6716.6,455.2718563,7627.143713,5806.056287,41738
BBC,6/10/2021,6620,6970,6620,6623,0.08%,1383,9292830,0.000755515,0.00075523,6601.2,6778.45,6658.610433,6306.899416,60.35958904,351.7110171,505.824064,390.5714286,6778.45,332.4496757,7443.349351,6113.550649,43121
BBC,6/13/2021,6620,6754,6500,6500,-1.86%,1546,10160514,-0.018571644,-0.018746263,6568.2,6807.25,6634.208828,6321.203163,59.80902778,313.0056651,467.2603842,374.9285714,6807.25,274.4174452,7356.08489,6258.41511,41575
BBC,6/14/2021,6500,6620,6460,6477,-0.35%,721,4689297,-0.003538462,-0.003544737,6543.6,6807.15,6610.022854,6332.743669,67.11783439,277.2791851,429.2641444,345.2857143,6807.15,274.5436932,7356.237386,6258.062614,40854
BBC,6/15/2021,6450,6840,6391,6600,1.90%,1572,10320156,0.018990273,0.018812209,6563.6,6819.15,6608.480877,6352.540434,63.25695581,255.9404423,394.5994039,331.6428571,6819.15,258.7620885,7336.674177,6301.625823,42426
BBC,6/16/2021,6600,6600,6300,6376,-3.39%,1511,9649745,-0.033939394,-0.034528708,6515.2,6788.15,6572.714588,6354.27818,67.68968457,218.436408,359.3668047,316.3571429,6788.15,273.1959534,7334.541907,6241.758093,40915
BBC,6/17/2021,6376,6400,6287,6287,-1.40%,416,2642596,-0.013958595,-0.014056932,6448,6733.5,6528.758498,6349.294611,75.96244131,179.4638864,323.3862211,304.0714286,6733.5,257.4384955,7248.376991,6218.623009,40499
BBC,6/20/2021,6200,6324,6000,6000,-4.56%,1981,12157289,-0.045649753,-0.04672454,6348,6677.9,6447.411036,6323.420936,74.95291902,123.9901001,283.5069969,306.5714286,6677.9,289.477733,7256.855466,6098.944534,38518
BBC,6/21/2021,6000,6120,5900,5950,-0.83%,1324,7864251,-0.008333333,-0.00836825,6242.6,6620.4,6370.886262,6295.760126,68.85813149,75.1261354,241.8308246,310.2857143,6620.4,314.3660957,7249.132191,5991.667809,37194
BBC,6/22/2021,5900,6242,5782,6080,2.18%,815,4878156,0.021848739,0.021613476,6138.6,6569.55,6326.134529,6279.777895,66.73278038,46.35663442,202.7359866,328.8571429,6569.55,315.466651,7200.483302,5938.616698,38009
BBC,6/23/2021,5960,6200,5881,5895,-3.04%,960,5770000,-0.030427632,-0.030900162,6042.4,6511.8,6259.80614,6251.275828,55.79450418,8.530311612,163.8948516,323.7142857,6511.8,328.3410614,7168.482123,5855.117877,37049
BBC,6/24/2021,6000,6000,5782,5800,-1.61%,546,3172580,-0.016115352,-0.016246616,5945,6451.8,6189.066734,6217.847989,54.87804878,-28.7812554,125.3596302,291.7857143,6451.8,343.7157026,7139.231405,5764.368595,36503
BBC,6/27/2021,5914,5916,5587,5680,-2.07%,760,4314954,-0.020689655,-0.020906685,5881,6385.8,6110.748775,6178.007397,55.20581114,-67.25862265,86.83597961,303.3571429,6385.8,359.2903239,7104.380648,5667.219352,35743
BBC,6/28/2021,5670,5900,5606,5606,-1.30%,1050,6028200,-0.013028169,-0.01311378,5812.2,6321.65,6033.095117,6135.636479,53.39578454,-102.541362,48.96051129,307.9285714,6321.65,378.7287983,7079.107597,5564.192403,34693
BBC,6/29/2021,5718,5718,5512,5512,-1.68%,863,4799451,-0.016767749,-0.016909919,5698.6,6256.25,5952.926638,6089.441184,47.75928297,-136.5145468,11.86549968,285.5714286,6256.25,400.4544622,7057.158924,5455.341076,33830
BBC,6/30/2021,5620,5622,5302,5500,-0.22%,836,4540436,-0.002177068,-0.002179441,5619.6,6195.95,5883.245616,6045.778874,54.54545455,-162.533258,-23.01425185,283.2857143,6195.95,419.5128095,7034.975619,5356.924381,32994
BBC,7/1/2021,5500,5600,5400,5495,-0.09%,637,3493175,-0.000909091,-0.000909504,5558.6,6138.2,5823.515522,6004.980439,47.07646177,-181.4649177,-54.70438502,279.4285714,6138.2,433.0003768,7004.200754,5272.199246,32357
BBC,7/4/2021,5500,5500,5299,5345,-2.73%,2129,11445560,-0.027297543,-0.027677043,5491.6,6072.2,5749.897749,5956.092999,34.12950177,-206.1952503,-85.00255807,282.3571429,6072.2,448.7893188,6969.778638,5174.621362,30228
BBC,7/5/2021,5261,5879,5150,5879,9.99%,2602,14410930,0.099906455,0.095225135,5546.2,6036.15,5769.759634,5950.382407,35.51456311,-180.622773,-104.1266011,302.3571429,6036.15,432.8356045,6901.821209,5170.478791,32830
BBC,7/6/2021,5899,6383,5685,5685,-3.30%,2698,16348879,-0.032998809,-0.033555552,5580.8,5995.4,5756.71969,5930.724451,28.46343179,-174.0047606,-118.102233,330.7857143,5995.4,425.1640426,6845.728085,5145.071915,30132
BBC,7/7/2021,5798,5798,5572,5590,-1.67%,268,1510000,-0.016710642,-0.01685184,5598.8,5944,5731.070507,5905.485602,25.73580939,-174.4150955,-129.3648055,338.8571429,5944,407.715329,6759.430658,5128.569342,29864
BBC,7/8/2021,5648,5799,5570,5600,0.18%,783,4393745,0.001788909,0.001787311,5619.8,5892.85,5710.905814,5882.857039,30.76279692,-171.9512257,-137.8820895,332.0714286,5892.85,381.366832,6655.583664,5130.116336,30647
BBC,7/11/2021,5600,5750,5600,5740,2.50%,645,3651810,0.025,0.024692613,5698.8,5854.85,5715.381842,5872.275036,47.09422997,-156.8931941,-141.6843104,327.0714286,5854.85,354.6105759,6564.071152,5145.628848,31292
BBC,7/12/2021,5700,5751,5600,5600,-2.44%,729,4121280,-0.024390244,-0.024692613,5643,5811,5697.63079,5852.106515,38.73335609,-154.4757256,-144.2425935,305,5811,326.7580789,6464.516158,5157.483842,30563
BBC,7/13/2021,5710,5710,5600,5680,1.43%,316,1784900,0.014285714,0.014184635,5642,5765,5694.91836,5839.357884,45.00614628,-144.439524,-144.2819796,290.0714286,5765,269.5967749,6304.19355,5225.80645,30879
BBC,7/14/2021,5605,5605,5600,5600,-1.41%,125,700050,-0.014084507,-0.014184635,5644,5726.2,5680.315536,5821.627671,50,-141.312135,-143.6880107,280.2142857,5726.2,229.9612324,6186.122465,5266.277535,30754
BBC,7/15/2021,5712,5712,5510,5600,0.00%,622,3495440,0,0,5644,5691.85,5667.9593,5805.210806,36.28306134,-137.2515068,-142.4007099,271.1428571,5691.85,189.5413509,6070.932702,5312.767298,30754
BBC,7/18/2021,5710,5800,5650,5650,0.89%,228,1297215,0.008928571,0.008888947,5626,5674.35,5665.19633,5793.71371,41.36327185,-128.5173792,-139.6240437,264.4285714,5674.35,175.2085299,6024.76706,5323.93294,30982
BBC,7/19/2021,5640,6215,5640,6170,9.20%,3161,19385496.8,0.092035398,0.088043293,5740,5685.35,5742.858433,5821.586768,41.94860117,-78.7283347,-127.4449019,290.7857143,5685.35,198.7498494,6082.849699,5287.850301,34143
BBC,7/20/2021,6293,6576,6170,6299,2.09%,2208,13908192,0.020907618,0.020692053,5863.8,5696.3,5828.418674,5856.950711,45.49480757,-28.53203679,-107.6623289,296.9285714,5696.3,225.8257596,6147.951519,5244.648481,36351
BBC,7/22/2021,6340,6340,6023,6104,-3.10%,806,4940558.2,-0.030957295,-0.031446597,5964.6,5706.75,5870.815801,5875.250659,48.29766537,-4.434857094,-87.01683454,305.2857143,5706.75,239.9014875,6186.552975,5226.947025,35545
BBC,7/25/2021,6226,6714.4,6226,6714.4,10.00%,1307,8724680,0.1,0.09531018,6187.48,5752.47,6000.597986,5937.409869,46.07136874,63.18811682,-56.97584427,334.5285714,5752.47,329.1422938,6410.754588,5094.185412,36852
BBC,7/26/2021,6848.6,7385.8,6848.6,7385.8,10.00%,2717,20053877.6,0.099994043,0.095304764,6534.64,5837.76,6213.705988,6044.698027,46.23402824,169.0079612,-11.77908318,330.4142857,5837.76,490.7237216,6819.207443,4856.312557,39569
BBC,7/27/2021,7533.5,8124.3,6713,7160,-3.06%,6646,48736149,-0.030572179,-0.031049257,6732.64,5915.46,6359.289682,6127.312988,43.92971246,231.9766943,36.97207232,381.3642857,5915.46,568.8976306,7053.255261,4777.664739,32923
BBC,7/28/2021,7160,7449,7000,7061,-1.38%,5238,37508960,-0.013826816,-0.013923296,6885.04,5992.91,6467.245116,6196.474989,57.78564206,270.7701269,83.73168325,397.2928571,5992.91,614.6782487,7222.266497,4763.553503,27685
BBC,7/29/2021,7010,7200,6900,6950,-1.57%,1635,11501049,-0.015720153,-0.015845025,7054.24,6065.41,6541.515098,6252.291656,47.35181429,289.2234417,124.8300349,402.3642857,6065.41,638.5301229,7342.470246,4788.349754,26050
BBC,8/1/2021,6812,7162,6811,6927,-0.33%,1700,11886968,-0.003309353,-0.003314841,7096.76,6137.01,6600.820467,6302.270052,47.93848897,298.5504154,159.574111,416.7214286,6137.01,651.3602043,7439.730409,4834.289591,24350
BBC,8/2/2021,6950,7080,6542,6920,-0.10%,1993,13599016,-0.001010538,-0.001011049,7003.6,6215.76,6649.925011,6348.027826,53.74812594,301.8971849,188.0387258,444.3642857,6215.76,645.7510702,7507.26214,4924.25786,22357
BBC,8/3/2021,7058.4,7058.4,6780,6835,-1.23%,1188,8123974,-0.012283237,-0.012359299,6938.6,6263.56,6678.398086,6384.099839,52.31839258,294.2982473,209.2906301,456.3928571,6263.56,654.830172,7573.220344,4953.899656,21169
BBC,8/4/2021,6971,6971.7,6770.1,6820,-0.22%,1057,7208218.5,-0.002194587,-0.002196998,6890.4,6320.31,6700.182996,6416.38874,54.8756704,283.7942563,224.1913553,465.0785714,6320.31,651.2227801,7622.75556,5017.86444,20112
BBC,8/5/2021,6950,6950,6572,6720,-1.47%,2148,14460955.4,-0.014662757,-0.014771317,6844.4,6376.81,6703.231766,6438.878463,59.44019012,264.3533031,232.2237449,477.65,6376.81,633.2990263,7643.408053,5110.211947,17964
BBC,8/8/2021,6789,6800,6566.7,6570,-2.23%,1280,8495135,-0.022321429,-0.022574322,6773,6425.31,6682.734571,6448.591169,59.75948196,234.1434019,232.6076763,480.0285714,6425.31,607.2859847,7639.881969,5210.738031,16684
BBC,8/9/2021,6650,6785,6500,6750,2.74%,1194,7954597,0.02739726,0.027028672,6739,6475.81,6693.083099,6470.917749,58.92624446,222.1653494,230.5192109,459.3142857,6475.81,589.0178211,7653.845642,5297.774358,17878
BBC,8/10/2021,6750,6850,6700,6700,-0.74%,810,5470534,-0.007407407,-0.007434978,6712,6530.81,6694.147237,6487.886805,57.0220889,206.2604325,225.6674552,441.0285714,6530.81,553.2019655,7637.213931,5424.406069,17068
BBC,8/11/2021,6600,6770,6600,6620,-1.19%,652,4337705,-0.011940299,-0.012012156,6672,6577.81,6682.73997,6497.672967,54.2834891,185.0670026,217.5473647,430.5285714,6577.81,515.778057,7609.366114,5546.253886,16416
BBC,8/12/2021,6620,6752.4,6630,6630,0.15%,801,5341453.2,0.001510574,0.001509434,6654,6629.31,6674.626128,6507.47497,51.86011905,167.1511586,207.4681235,396.3857143,6629.31,461.580778,7552.471556,5706.148444,17217
BBC,8/15/2021,6630,6795,6550,6795,2.49%,1762,11791400,0.024886878,0.024582243,6699,6689.06,6693.145186,6528.77312,56.23979473,164.3720654,198.8489119,365.9285714,6689.06,393.6771539,7476.414308,5901.705692,18979
BBC,8/16/2021,6930.9,7210,6795,6995,2.94%,5197,36610126.5,0.029433407,0.029008561,6748,6756.31,6739.584388,6563.308445,65.23760331,176.2759432,194.3343181,294.7642857,6756.31,313.5664689,7383.442938,6129.177062,24176
BBC,8/17/2021,7134.9,7134.9,6860,6900,-1.36%,1387,9604199.5,-0.013581129,-0.013674197,6788,6792.81,6764.263713,6588.24856,54.54238433,176.0151529,190.6704851,282.3285714,6792.81,282.6935367,7358.197073,6227.422927,22789
BBC,8/18/2021,6900,6990,6771,6771,-1.87%,930,6397489.5,-0.018695652,-0.018872625,6818.2,6816.41,6765.300065,6601.785704,62.23506744,163.5143611,185.2392603,276.5428571,6816.41,257.915249,7332.240498,6300.579502,21859
BBC,8/19/2021,6890,6890,6680,6680,-1.34%,1376,9278997,-0.013439669,-0.013530799,6828.2,6845.21,6752.176978,6607.579355,62.08897485,144.5976226,177.1109328,266.4714286,6845.21,199.7862171,7244.782434,6445.637566,20483
BBC,8/24/2021,6615,6630,6466,6467,-3.19%,1449,9470117,-0.031886228,-0.032405665,6762.6,6832.84,6708.303597,6597.16607,57.32142857,111.137527,163.9162516,243.3285714,6832.84,215.3635027,7263.567005,6402.112995,19034
BBC,8/25/2021,6467,6467,6300,6327,-2.16%,1437,9112947,-0.021648369,-0.021886132,6629,6779.9,6649.641505,6577.153768,58.50694444,72.48773667,145.6305486,235.3714286,6779.9,202.0036216,7183.907243,6375.892757,17597
BBC,8/26/2021,6450,6579,6325,6450,1.94%,793,5080150,0.019440493,0.019253941,6539,6744.4,6618.927427,6567.734971,41.96787149,51.19245664,126.7429302,239.1142857,6744.4,193.9149027,7132.229805,6356.570195,18390
BBC,8/29/2021,6450,6540,6300,6300,-2.33%,870,5565778,-0.023255814,-0.023530497,6444.8,6706.35,6569.861669,6547.90275,38.99253731,21.95891866,105.7861279,229.2571429,6706.35,202.972198,7112.294396,6300.405604,17520
BBC,8/31/2021,6300,6300,6170,6170,-2.06%,694,4300773,-0.020634921,-0.020850795,6342.8,6667.35,6508.344489,6519.909954,34.78991597,-11.56546488,82.31580935,221.8785714,6667.35,227.1844312,7121.718862,6212.981138,16826
BBC,9/1/2021,6280,6280,6160,6161.2,-0.14%,972,6014147,-0.001426256,-0.001427274,6281.64,6629.06,6454.937645,6493.338846,26.8134715,-38.40120166,58.17240715,210.0928571,6629.06,244.9586182,7118.977236,6139.142764,15854
BBC,9/2/2021,6050.1,6393,6050.1,6150,-0.18%,1039,6479448,-0.001817828,-0.001819482,6246.24,6590.56,6408.024161,6467.906339,40.58885384,-59.88217833,34.56149005,223.8714286,6590.56,257.0374914,7104.634983,6076.485017,14815
BBC,9/5/2021,6027,6050,5700,5800,-5.69%,1423,8325870,-0.056910569,-0.058594164,6116.24,6538.81,6314.481982,6418.431796,43.46895075,-103.9498133,6.859229385,243.8714286,6538.81,304.956435,7148.72287,5928.89713,13392
BBC,9/6/2021,5916,6270,5831,6125,5.60%,757,4611639,0.056034483,0.054520839,6081.24,6504.06,6285.330908,6396.696107,47.70053476,-111.3651989,-16.78565628,267.9857143,6504.06,310.7706692,7125.601338,5882.518662,14149
BBC,9/7/2021,6200,6200,5765.4,5950,-2.86%,590,3549702,-0.028571429,-0.028987537,6037.24,6465.56,6233.741538,6363.607507,41.25269978,-129.8659689,-39.4017188,281.5285714,6465.56,329.7285301,7125.01706,5806.10294,13559
BBC,9/8/2021,5960,6050,5750,5760,-3.19%,721,4224966,-0.031932773,-0.032453745,5957,6425.06,6160.858224,6318.895839,39.44188091,-158.0376152,-63.12889808,273.3142857,6425.06,364.1716894,7153.403379,5696.716621,12838
BBC,9/9/2021,5858,5975,5627.2,5900,2.43%,3235,18652740.6,0.024305556,0.024014876,5907,6382.56,6120.72619,6287.866518,38.27292111,-167.1403283,-83.93118412,278.5214286,6382.56,373.7277624,7130.015525,5635.104475,16073
BBC,9/12/2021,6017,6138,5875,5950,0.85%,891,5319039,0.008474576,0.008438869,5937,6345.06,6094.460622,6262.839368,35.61507937,-168.3787464,-100.8206966,281.6642857,6345.06,377.8046953,7100.669391,5589.450609,16964
BBC,9/13/2021,6069,6100,5950,5950,0.00%,453,2716334,0,0,5902,6311.56,6072.235911,6239.666082,36.18485742,-167.430171,-114.1425915,277.3785714,6311.56,381.8257227,7075.211445,5547.908555,16964
BBC,9/14/2021,5950,6059,5950,5956,0.10%,213,1276948,0.001008403,0.001007895,5903.2,6277.86,6054.353463,6218.65378,44.75655431,-164.3003164,-124.1741365,269.8785714,6277.86,381.984558,7041.829116,5513.890884,17177
BBC,9/15/2021,5843,5956,5833,5833,-2.07%,544,3188412,-0.020651444,-0.020867667,5917.8,6229.76,6020.299084,6190.086833,41.58415842,-169.7877487,-133.2968589,266.7357143,6229.76,373.9213461,6977.602692,5481.917308,16633
BBC,9/16/2021,5720,5910,5650,5701,-2.26%,1442,8286728,-0.022629865,-0.02288985,5878,6165.06,5971.176148,6153.858179,41.17647059,-182.6820305,-143.1738932,267.1642857,6165.06,345.4058915,6855.871783,5474.248217,15191
BBC,9/20/2021,5650,5650,5380,5405,-5.19%,1073,5858851,-0.051920716,-0.053317147,5769,6090.31,5884.072125,6098.387202,42.12637914,-214.3150771,-157.40213,272.95,6090.31,339.7059501,6769.7219,5410.8981,14118
BBC,9/21/2021,5296.9,5514,4865,5357,-0.89%,1137,5886662,-0.008880666,-0.008920334,5650.4,6019.61,5802.984106,6043.469632,48.45154845,-240.4855258,-174.0188092,310.0214286,6019.61,337.7197061,6695.049412,5344.170588,12981
BBC,9/22/2021,5460,5795,5460,5750,7.34%,762,4294287,0.073361956,0.070795738,5609.2,5973.11,5794.832705,6021.731141,55.94002307,-226.8984355,-184.5947344,332.7357143,5973.11,304.3860947,6581.882189,5364.337811,13743
BBC,9/23/2021,5850,5895,5551,5551,-3.46%,609,3494541,-0.034608696,-0.035221763,5552.8,5927.31,5757.319981,5986.862167,36.41975309,-229.542186,-193.5842247,332.8142857,5927.31,294.9276198,6517.16524,5337.45476,13134
BBC,9/26/2021,5662,5662,5285,5300,-4.52%,951,5126022,-0.045217078,-0.046271271,5472.6,5875.96,5686.963061,5935.983488,38.68317657,-249.0204271,-204.6714652,327.6,5875.96,310.6608413,6497.281683,5254.638317,12183
BBC,9/27/2021,5280,5300,5200,5240,-1.13%,1071,5577937,-0.011320755,-0.011385322,5439.6,5815.46,5618.199513,5884.429156,33.3567498,-266.2296425,-216.9831007,301.1714286,5815.46,310.8063543,6437.072709,5193.847291,11112
BBC,9/28/2021,5136.1,5340,5135.2,5140,-1.91%,620,3208095,-0.019083969,-0.019268419,5396.2,5757.46,5544.630357,5829.286255,35.9970127,-284.655898,-230.5176601,284.7571429,5757.46,323.5980619,6404.656124,5110.263876,10492
BBC,9/29/2021,5060.1,5245,5050,5240,1.95%,453,2353384,0.019455253,0.019268419,5294.2,5710.96,5497.764149,5785.635422,35.43249204,-287.8712731,-241.9883827,277.2571429,5710.96,327.9866018,6366.933204,5054.986796,10945
BBC,9/30/2021,5343,5500,5240,5240,0.00%,358,1933382,0,0,5232,5664.9,5458.108126,5745.217983,36.17260788,-287.1098573,-251.0126776,270.9857143,5664.9,326.1082965,6317.116593,5012.683407,10945
BBC,10/3/2021,5280,5280,5035.1,5050,-3.63%,475,2441682,-0.036259542,-0.036933255,5182,5609.9,5395.32226,5693.720355,40.25612472,-298.3980944,-260.489761,269.6928571,5609.9,332.6817509,6275.263502,4944.536498,10470
BBC,10/4/2021,5148,5150,5050,5050,0.00%,140,712840,0,0,5144,5572.4,5342.195759,5646.037365,41.87432286,-303.8416067,-269.1601301,266.1214286,5572.4,351.8440743,6276.088149,4868.711851,10470
BBC,10/5/2021,5151,5230,5130,5199,2.95%,725,3732289,0.02950495,0.029078056,5155.8,5526.1,5320.165642,5612.923486,29.33726068,-292.7578445,-273.879673,271.1928571,5526.1,335.8632084,6197.826417,4854.373583,11195
BBC,10/6/2021,5302.9,5326,5220,5326,2.44%,417,2190303,0.024427775,0.024134188,5173,5494.9,5321.063235,5591.669895,25.59095581,-270.6066594,-273.2250703,271.4785714,5494.9,323.1553154,6141.210631,4848.589369,11612
BBC,10/10/2021,5432.5,5599.8,5381,5488,3.04%,279,1533251,0.030416823,0.029963403,5222.6,5481.3,5346.745815,5583.990643,34.88838726,-237.2448288,-266.029022,272.4642857,5481.3,317.0777922,6115.455584,4847.144416,11891
BBC,10/11/2021,5450,5450,5250,5330,-2.88%,477,2530510,-0.028790087,-0.029212652,5278.6,5452.8,5344.169535,5565.176522,34.80110083,-221.0069862,-257.0246148,266.5357143,5452.8,302.756216,6058.312432,4847.287568,11414
BBC,10/17/2021,5330,5434.6,5241,5250,-1.50%,90,479706,-0.015009381,-0.015123162,5318.6,5417.8,5329.681915,5541.830113,32.69628099,-212.148198,-248.0493315,234.0071429,5417.8,282.0027249,5981.80545,4853.79455,11324
BBC,10/18/2021,5200,5200,5145,5150,-1.90%,165,851716,-0.019047619,-0.019231362,5308.8,5377.8,5302.038543,5512.80566,34.90488007,-210.7671167,-240.5928885,210.2214286,5377.8,258.2802639,5894.360528,4861.239472,11159
BBC,10/19/2021,5065,5065,4960,5000,-2.91%,1100,5498448.1,-0.029126214,-0.029558802,5243.6,5330,5255.571075,5474.820055,36.0170697,-219.2489805,-236.3241069,199.2214286,5330,232.8525623,5795.705125,4864.294875,10059
BBC,10/20/2021,5100,5202,5098,5198,3.96%,448,2308006,0.0396,0.038836024,5185.6,5298.25,5246.713987,5454.314866,37.93293777,-207.6008796,-230.5794615,186.7214286,5298.25,201.8910271,5702.032054,4894.467946,10507
BBC,10/21/2021,5150,5300,5091,5150,-0.92%,90,464670,-0.009234321,-0.009277222,5149.6,5270.7,5231.834912,5431.773024,38.42068484,-199.9381125,-224.4511917,194.5071429,5270.7,180.5007946,5631.701589,4909.698411,10417
BBC,10/24/2021,5155,5300,5055,5300,2.91%,585,3040856,0.029126214,0.028710106,5159.6,5265.45,5242.321848,5422.012059,36.5034399,-179.6902111,-215.4989956,197.3785714,5265.45,177.8972131,5621.244426,4909.655574,11002
BBC,10/25/2021,5200,5370,5200,5300,0.00%,310,1646930,0,0,5189.6,5262.6,5251.19541,5412.974129,29.37472861,-161.778719,-204.7549402,195.5928571,5262.6,176.8065848,5616.21317,4908.98683,11002
BBC,10/26/2021,5370,5500,5301,5301,0.02%,350,1882281,0.000188679,0.000188661,5249.8,5240.15,5258.857655,5404.679749,29.73299637,-145.8220945,-192.9683711,191.3071429,5240.15,135.2943283,5510.738657,4969.561343,11352
BBC,10/27/2021,5407,5700,5302,5410,2.06%,514,2821849,0.020562158,0.020353611,5292.2,5233.1,5282.110323,5405.073842,35.18437226,-122.9635186,-178.9674006,202.3142857,5233.1,121.1814212,5475.462842,4990.737158,11866
BBC,10/28/2021,5500,5600,5400,5512,1.89%,303,1678852,0.018853974,0.018678441,5364.6,5243.7,5317.477966,5412.994298,28.94610202,-95.51633219,-162.2771869,209.4571429,5243.7,135.7389522,5515.177904,4972.222096,12169
BBC,10/31/2021,5451,5875,5402,5850,6.13%,1036,5935611,0.061320755,0.059514128,5474.6,5274.2,5399.404433,5445.365091,44.36431074,-45.96065813,-139.0138812,230.3857143,5274.2,191.8136706,5657.827341,4890.572659,13205
BBC,11/1/2021,5840,5840,5650,5760,-1.54%,376,2155406,-0.015384615,-0.015504187,5566.6,5305.2,5454.880674,5468.67138,48.97634213,-13.79070657,-113.9692462,235.6,5305.2,217.3802393,5739.960479,4870.439521,12829
BBC,11/2/2021,5655,5690,5550,5590,-2.95%,1036,5767467.6,-0.029513889,-0.029958188,5624.4,5322.7,5475.668262,5477.658685,47.6056996,-1.990423073,-91.5734816,231.0428571,5322.7,225.7810071,5774.262014,4871.137986,11793
BBC,11/3/2021,5590,5700,5445,5445,-2.59%,460,2545052,-0.025939177,-0.026281531,5631.4,5332.95,5470.950068,5475.239524,50.92114959,-4.289455401,-74.11667636,232.2571429,5332.95,226.4812006,5785.912401,4879.987599,11333
BBC,11/8/2021,5425,5547,5425,5500,1.01%,205,1132230,0.01010101,0.010050336,5629,5355.45,5475.419288,5477.073633,40.75282855,-1.654344485,-59.62420999,227.1428571,5355.45,219.1251685,5793.700337,4917.199663,11538
BBC,11/9/2021,5395,5400,5250,5250,-4.55%,712,3780141,-0.045454545,-0.046520016,5509,5365.45,5440.739398,5460.253364,47.18572269,-19.51396591,-51.60216117,237.5,5365.45,208.7709586,5782.991917,4947.908083,10826
BBC,11/11/2021,5250,5299,5000,5055,-3.71%,1433,7312153,-0.037142857,-0.037850224,5368,5358.25,5381.394875,5430.234596,56.8809188,-48.83972098,-51.04967313,245.2857143,5358.25,217.1293272,5792.508654,4923.991346,9393
BBC,11/14/2021,4991,5191,4990,5059,0.08%,559,2861848,0.000791296,0.000790983,5261.8,5344.9,5331.795664,5402.735737,52.16931217,-70.94007357,-55.02775322,245.2142857,5344.9,227.191526,5799.283052,4890.516948,9952
BBC,11/15/2021,5160.1,5350,5160.1,5276,4.29%,328,1733881.3,0.042893853,0.0419994,5228,5334.3,5323.211715,5393.347905,51.56903766,-70.13618943,-58.04944046,251.0714286,5334.3,225.0995335,5784.499067,4884.100933,10280
BBC,11/16/2021,5300,5803,5300,5605,6.24%,1563,8749471,0.062357847,0.060490822,5249,5348.05,5366.563759,5409.025838,52.67656801,-42.46207862,-54.93196809,271.2142857,5348.05,233.0806219,5814.211244,4881.888756,11843
BBC,11/17/2021,5717,5717,5552,5557,-0.86%,685,3855619,-0.008563782,-0.008600662,5310.4,5363.4,5395.861642,5419.986887,70.03699137,-24.12524447,-48.77062337,270.8571429,5363.4,236.3693363,5836.138673,4890.661327,11158
BBC,11/18/2021,5450,5559,5390,5390,-3.01%,220,1204478.5,-0.030052186,-0.030513009,5377.4,5375.4,5394.959851,5417.765636,73.41356674,-22.80578472,-43.57765564,268.6428571,5375.4,230.9963317,5837.392663,4913.407337,10938
BBC,11/21/2021,5396,5503,5306,5311,-1.47%,357,1918103,-0.014656772,-0.014765243,5427.8,5390.95,5382.042951,5409.85707,69.61883408,-27.81411928,-40.42494837,254.2142857,5390.95,214.2567262,5819.463452,4962.436548,10581
BBC,11/22/2021,5417,5417,5205,5400,1.68%,387,2046546,0.016757673,0.016618812,5452.6,5401.05,5384.805574,5409.126917,68.46747519,-24.32134301,-37.2042273,255.0714286,5401.05,209.3882003,5819.826401,4982.273599,10968
BBC,11/23/2021,5400,5400,5280,5330,-1.30%,295,1564410,-0.012962963,-0.013047715,5397.6,5410.05,5376.373947,5403.265664,63.65946633,-26.89171666,-35.14172517,229.8571429,5410.05,201.758969,5813.567938,5006.532062,10673
BBC,11/24/2021,5300,5300,5217,5250,-1.50%,762,3987687,-0.015009381,-0.015123162,5336.2,5407.55,5356.931801,5391.912652,66.26213592,-34.98085025,-35.10955019,223.6428571,5407.55,203.4966636,5814.543327,5000.556673,9911
BBC,11/25/2021,5327.8,5327.8,5200,5250,0.00%,123,642424.4,0,0,5308.2,5405.05,5340.480755,5381.400603,64.49553001,-40.91984835,-36.27160982,217.7714286,5405.05,205.1875843,5815.425169,4994.674831,9911
BBC,11/28/2021,5250,5260,5100,5100,-2.86%,624,3210956,-0.028571429,-0.028987537,5266,5395,5303.483716,5360.556114,50.76452599,-57.07239845,-40.43176755,210.9857143,5395,215.2288867,5825.457773,4964.542227,9287
BBC,11/29/2021,5201,5210,5080,5100,0.00%,830,4241667.9,0,0,5206,5379.5,5272.178529,5341.255661,50.25227043,-69.0771326,-46.16084056,211.5571429,5379.5,225.031109,5829.562218,4929.437782,9287
BBC,11/30/2021,5100,5100,5090,5090,-0.20%,82,417900,-0.001960784,-0.001962709,5158,5358.4,5244.151063,5322.644131,43.27731092,-78.49306809,-52.62728606,194.4142857,5358.4,231.6406927,5821.681385,4895.118615,9205
BBC,12/1/2021,5191,5200,5100,5100,0.20%,380,1947651,0.001964637,0.001962709,5128,5320.9,5221.973976,5306.151973,42.0993228,-84.17799683,-58.93742822,180.9142857,5320.9,207.2966093,5735.493219,4906.306781,9585
BBC,12/2/2021,5050,5056,5005.1,5006,-1.84%,200,1005688,-0.018431373,-0.018603347,5079.2,5283.2,5188.747211,5283.918494,35.12241055,-95.17128292,-66.18419916,173.3357143,5283.2,191.1727243,5665.545449,4900.854551,9385
BBC,12/5/2021,5000,5000,4900,4902,-2.08%,323,1589975.1,-0.02077507,-0.020993908,5039.6,5248.8,5144.632255,5255.628235,49.60191083,-110.9959796,-75.14655525,160.1214286,5248.8,194.9241688,5638.648338,4858.951662,9062
BBC,12/6/2021,4900,5000,4800,5000,2.00%,415,2026961,0.01999184,0.019794627,5019.6,5226.55,5122.381139,5236.69281,56.91562932,-114.311671,-82.9795784,136.7642857,5226.55,196.7390671,5620.028134,4833.071866,9477
BBC,12/7/2021,5100,5100,4899.1,4899.1,-2.02%,402,1989286,-0.02018,-0.020386398,4981.42,5196.505,5088.030195,5211.685935,55.27638191,-123.6557407,-91.11481085,139.3285714,5196.505,198.6551508,5593.815302,4799.194698,9075
BBC,12/8/2021,4805,4805,4690,4690,-4.27%,180,854125,-0.042681309,-0.043618932,4899.42,5168.505,5026.79478,5173.042533,54.59183673,-146.2477526,-102.1413992,142.1928571,5168.505,228.0142089,5624.533418,4712.476582,8895
BBC,12/9/2021,4690,4743,4597,4648.5,-0.88%,240,1116385,-0.008848614,-0.008887996,4827.92,5148.18,4968.595583,5134.18753,56.56934307,-165.5919471,-114.8315088,138.55,5148.18,255.1654584,5658.510917,4637.849083,8655
BBC,12/12/2021,4600,4600,4294,4372,-5.95%,829,3680352.2,-0.059481553,-0.061324017,4721.92,5113.83,4876.811647,5077.729195,56.73499268,-200.9175474,-132.0487165,148.7285714,5113.83,308.4752555,5730.780511,4496.879489,7826
BBC,12/13/2021,4285,4320,4000.1,4000.1,-8.51%,897,3688085,-0.085064044,-0.08890121,4521.94,5050.035,4741.932932,4997.90481,48.6878453,-255.9718776,-156.8333487,166.7214286,5050.035,393.4116664,5836.858333,4263.211667,6929
BBC,12/14/2021,4002,4400.1,4000,4400.1,10.00%,569,2426233,0.0999975,0.095307907,4422.14,4989.79,4689.34325,4953.622972,57.00231481,-264.2797217,-178.3226233,187.2285714,4989.79,396.2005206,5782.191041,4197.388959,7498
BBC,12/15/2021,4488.1,4669.3,4400,4629,5.20%,620,2788881,0.052021545,0.050713594,4409.94,4943.39,4680.059673,4929.576826,56.55976676,-249.5171526,-192.5615292,197.3357143,4943.39,380.2980298,5703.98606,4182.79394,8118
BBC,12/16/2021,4536.5,4536.5,4295,4450,-3.87%,410,1789231.4,-0.038669259,-0.039436766,4370.24,4896.39,4644.665877,4894.052617,60.625,-249.3867392,-203.9265712,209.7642857,4896.39,380.2837194,5656.957439,4135.822561,7708
BBC,12/20/2021,4365,4410,4193,4400,-1.12%,366,1585067,-0.011235955,-0.011299555,4375.84,4850.84,4607.024973,4857.456127,64.88294314,-250.4311533,-213.2274876,218.8357143,4850.84,382.5608977,5615.961795,4085.718205,7342
BBC,12/21/2021,4488,4500,4400,4500,2.27%,763,3413005,0.022727273,0.022472856,4475.82,4805.84,4590.559593,4830.977895,67.52411576,-240.4183022,-218.6656505,225.2642857,4805.84,367.1881755,5540.216351,4071.463649,8105
BBC,12/22/2021,4550,4850.1,4550,4844,7.64%,1047,4945599,0.076444444,0.073663429,4564.6,4781.54,4629.550425,4831.942495,62.7388535,-202.3920707,-215.4109345,242.4142857,4781.54,346.1531946,5473.846389,4089.233611,9152
BBC,12/23/2021,4870,5170,4800,4948,2.15%,1077,5376489,0.02146986,0.021242629,4628.4,4766.44,4678.542667,4840.539348,69.85815603,-161.9966805,-204.7280837,262.0642857,4766.44,330.8929393,5428.225879,4104.654121,10229
BBC,12/26/2021,5030,5130,4802,4802,-2.95%,565,2817690,-0.029506871,-0.029950957,4698.8,4744.04,4697.536103,4837.684581,60.24590164,-140.1484782,-191.8121626,277.9214286,4744.04,311.0010702,5366.04214,4122.03786,9664
BBC,12/27/2021,4898,5004,4810,4815,0.27%,1185,5791649,0.002707205,0.002703547,4781.8,4729.79,4715.607472,4836.004242,55.70776256,-120.39677,-177.5290841,278.0642857,4729.79,300.173476,5330.136952,4129.443048,10849
BBC,12/28/2021,4899,4899,4750,4750,-1.35%,414,1989972,-0.013499481,-0.013591427,4831.8,4712.29,4720.89863,4829.633557,51.2195122,-108.7349273,-163.7702527,274.3571429,4712.29,287.3844114,5287.058823,4137.521177,10435
BBC,12/29/2021,4835,4936.8,4835,4855,2.21%,395,1942699,0.022105263,0.021864484,4834,4700.54,4741.52961,4831.512553,42.59259259,-89.98294301,-149.0127908,272.7642857,4700.54,275.6949351,5251.92987,4149.15013,10830
BBC,1/2/2022,4838.1,4880,4834,4850,-0.10%,500,2419932,-0.001029866,-0.001030397,4814.4,4688.04,4758.217362,4832.881993,44.68775345,-74.66463121,-134.1431589,265.6214286,4688.04,261.9553244,5211.950649,4164.129351,10330
BBC,1/3/2022,4945.5,5246.8,4880,4902,1.07%,267,1332862,0.010721649,0.01066458,4834.4,4682.84,4780.337768,4838.001846,43.38582677,-57.66407774,-118.8473426,268.6428571,4682.84,256.2822014,5195.404403,4170.275597,10597
BBC,1/4/2022,4999.9,5100,4945,5000,2.00%,710,3566483,0.01999184,0.019794627,4871.4,4687.74,4814.131958,4850.001709,48.33333333,-35.86975148,-102.2518244,256.2214286,4687.74,261.5751807,5210.890361,4164.589639,11307
BBC,1/5/2022,4950,5202,4901,5202,4.04%,660,3312257,0.0404,0.039605255,4961.8,4697.84,4873.803964,4876.075657,33.5214447,-2.271692426,-82.25579801,249.1428571,4697.84,277.6714044,5253.182809,4142.497191,11967
BBC,1/6/2022,5098,5100,5031,5090,-2.15%,449,2284600,-0.021530181,-0.021765336,5008.8,4707.385,4907.064893,4891.921904,30.33707865,15.14298851,-62.77604071,242.1214286,4707.385,288.0413444,5283.467689,4131.302311,11518
BBC,1/9/2022,5191.8,5202,5100,5125.1,0.69%,1146,5908485,0.006895874,0.006872206,5063.82,4729.14,4940.608755,4909.194356,36.61670236,31.41439963,-43.93795264,226.2642857,4729.14,302.7163418,5334.572684,4123.707316,12664
BBC,1/10/2022,5203,5203,5096,5098,-0.53%,420,2152840,-0.005287702,-0.005301731,5103.02,4751.615,4964.822793,4923.179959,38.25503356,41.64283399,-26.82179531,215.55,4751.615,312.9283477,5377.471695,4125.758305,12244
BBC,1/11/2022,5199,5246,5160,5200,2.00%,519,2701323,0.020007846,0.01981032,5143.02,4793.015,5001.003902,4943.685147,32.92831106,57.31875454,-9.993685344,218.9785714,4793.015,314.8283764,5422.671753,4163.358247,12763
BBC,1/12/2022,5200,5525,5186.5,5250,0.96%,1263,6817224,0.009615385,0.009569451,5152.62,4855.51,5039.310994,4966.375136,36.55913978,72.93585748,6.592223221,218.15,4855.51,270.0126525,5395.535305,4315.484695,14026
BBC,1/13/2022,5250,5618,5165,5488,4.53%,753,4081129,0.045333333,0.044335814,5232.22,4909.905,5108.340072,5005.014015,37.77777778,103.3260566,25.93898989,224.0785714,4909.905,282.7216252,5475.34825,4344.46175,14779
BBC,1/16/2022,5488,5763,5488,5550,1.13%,1395,7767038,0.011297376,0.011234037,5317.2,4955.955,5176.287753,5045.383347,37.51724138,130.9044056,46.93207304,220.2928571,4955.955,308.4000111,5572.755022,4339.154978,16174
BBC,1/17/2022,5500,5600,5392,5518,-0.58%,354,1944660,-0.005765766,-0.005782452,5401.2,5009.355,5228.858868,5080.391988,30.26113671,148.4668796,67.23903436,220.7214286,5009.355,308.6450601,5626.64512,4392.06488,15820
BBC,1/18/2022,5598,5599,5272,5349,-3.06%,512,2792405.5,-0.030627039,-0.031105848,5431,5056.805,5247.342119,5100.288878,34.31542461,147.053241,83.20187568,233.4357143,5056.805,281.8163689,5620.437738,4493.172262,15308
BBC,1/19/2022,5260,5455,5190,5190,-2.97%,612,3216088,-0.029725182,-0.03017593,5419,5091.305,5238.520255,5106.934146,46.00840336,131.5861082,92.87872218,239.0214286,5091.305,250.5670358,5592.439072,4590.170928,14696
BBC,1/20/2022,5190,5293.8,5190,5275,1.64%,565,2962097.2,0.016377649,0.016244982,5376.4,5112.855,5244.132523,5119.383469,37.92270531,124.7490542,99.2527886,243.15,5112.855,246.6820871,5606.219174,4619.490826,15261
BBC,1/23/2022,5380,5400,5267,5267,-0.15%,305,1628290,-0.001516588,-0.001517739,5319.8,5128.805,5247.650596,5130.318027,33.77070338,117.3325698,102.8687448,224.3071429,5128.805,245.773157,5620.351314,4637.258686,14956
BBC,1/24/2022,5200,5200,4950,5000,-5.07%,1600,8051968.5,-0.050692994,-0.052023028,5216.2,5138.705,5209.550505,5120.66484,36.85954064,88.88566516,100.0721289,232.8071429,5138.705,235.6975615,5610.100123,4667.309877,13356
BBC,1/25/2022,5095,5200,4993,5100,2.00%,387,1955075,0.02,0.019802627,5166.4,5152.955,5192.696581,5119.134111,21.5602518,73.56247022,94.77019716,226.0928571,5152.955,223.3907798,5599.73656,4706.17344,13743
BBC,1/26/2022,5000,5100,4900,5100,0.00%,602,3003338,0,0,5148.4,5170.455,5178.435568,5117.716769,37.73908779,60.7187993,87.95991759,228.1642857,5170.455,202.9352852,5576.32557,4764.58443,13743
BBC,1/27/2022,4999,5100,4992,5050,-0.98%,270,1357460,-0.009803922,-0.009852296,5103.4,5180.205,5158.67625,5112.700712,19.17928848,45.97553806,79.56304168,227.8785714,5180.205,191.3343958,5562.873792,4797.536208,13473
BBC,1/30/2022,5151,5250,5055,5198,2.93%,913,4735175,0.029306931,0.028885693,5089.6,5197.605,5164.726058,5119.019178,18.84735202,45.70687995,72.79180934,234.5214286,5197.605,174.8374116,5547.279823,4847.930177,14386
BBC,1/31/2022,5210,5320,5200,5200,0.04%,1318,6942779,0.000384763,0.000384689,5129.6,5212.505,5170.152818,5125.017757,26.59674389,45.13506086,67.26045964,232.6642857,5212.505,160.4233723,5533.351745,4891.658255,15704
BBC,2/1/2022,5200,5250,5145,5180,-0.38%,290,1509090,-0.003846154,-0.003853569,5145.6,5221.505,5171.667769,5129.090516,40.47981721,42.57725319,62.32381835,215.9857143,5221.505,152.7391498,5526.9833,4916.0267,15414
BBC,2/3/2022,5200,5285,5130,5130,-0.97%,513,2680110,-0.00965251,-0.009699397,5151.6,5217.905,5165.257343,5129.157885,45.28871708,36.09945797,57.07894628,194.7,5217.905,154.0658146,5526.036629,4909.773371,14901
BBC,2/6/2022,5230,5330,5029.1,5030,-1.95%,528,2680771.3,-0.019493177,-0.019685675,5147.6,5214.905,5144.448521,5121.812857,48.90425254,22.63566448,50.19028992,196.55,5214.905,157.2389783,5529.382957,4900.427043,14373
BBC,2/7/2022,5130,5230,4975.1,5025.1,-0.10%,660,3315518,-0.000974155,-0.00097463,5113.02,5209.905,5126.08721,5114.648941,40.36391042,11.43826884,42.4398857,199.9,5209.905,161.7696266,5533.444253,4886.365747,13713
BBC,2/8/2022,5125,5125,4949.4,5010,0.00%,316,1574767,-0.003004915,-0.003009439,5075.02,5205.505,5108.227639,5106.897168,38.19983653,1.330471471,34.21800286,189.0857143,5205.505,166.1120277,5537.729055,4873.280945,13397
BBC,2/9/2022,5000,5090,5000,5000,-0.20%,228,1145921,-0.001996008,-0.001998003,5039.02,5195.505,5091.577233,5098.978859,31.43035269,-7.401625856,25.89407711,176.5857143,5195.505,172.3632806,5540.231561,4850.778439,13169
BBC,2/10/2022,5099,5099,5000,5025,0.50%,50,251840,0.005,0.004987542,5018.02,5184.255,5081.334582,5093.498944,30.93208935,-12.16436164,18.28238936,176.2428571,5184.255,175.9252098,5536.10542,4832.40458,13219
BBC,2/13/2022,4950.1,5000,4802,4850,-3.48%,793,3829569.2,-0.034825871,-0.035446749,4982.02,5152.355,5045.744646,5075.461985,31.9347967,-29.71733855,8.682443778,182.6714286,5152.355,175.7925047,5503.940009,4800.769991,12426
BBC,2/14/2022,4945,4945,4800,4851,0.02%,160,780474,0.000206186,0.000206164,4947.2,5117.405,5015.783932,5058.835171,28.38616715,-43.05123968,-1.664292914,170.3857143,5117.405,161.4767915,5440.358583,4794.451417,12586
BBC,2/15/2022,4755,4850.1,4755,4845,-0.12%,178,858127,-0.001236858,-0.001237624,4914.2,5083.755,4989.509481,5042.995529,29.4598874,-53.48604838,-12.02864401,162.4571429,5083.755,142.6261232,5369.007246,4798.502754,12408
BBC,2/16/2022,4850,4990,4800,4800,-0.93%,421,2044546,-0.009287926,-0.009331327,4874.2,5056.305,4960.354176,5024.99586,40.54715302,-64.64168427,-22.55125206,161.7428571,5056.305,141.7176491,5339.740298,4772.869702,11987
BBC,2/17/2022,4721,4834,4720,4735,-1.35%,541,2573269,-0.013541667,-0.013634191,4816.2,5033.555,4925.684303,5003.514685,47.8143032,-77.83038265,-33.60707818,162.1714286,5033.555,155.0221121,5343.599224,4723.510776,11446
BBC,2/20/2022,4700,4770,4640.3,4650,-1.80%,581,2725277,-0.017951426,-0.018114507,4776.2,5002.305,4883.271333,4977.328412,46.17917757,-94.0570793,-45.6970784,157.15,5002.305,166.3687644,5335.042529,4669.567471,10865
BBC,2/21/2022,4715,4750,4625,4750,2.15%,450,2107375,0.021505376,0.021277398,4756,4976.455,4862.768051,4960.489271,43.58293503,-97.72121965,-56.10190665,157.3642857,4976.455,163.2116271,5302.878254,4650.031746,11315
BBC,2/22/2022,4845,4860,4749,4860,2.32%,447,2135185,0.023157895,0.02289382,4759,4969.455,4862.342197,4953.045621,34.2126299,-90.70342397,-63.02221011,157.7928571,4969.455,165.1395055,5299.734011,4639.175989,11762
BBC,2/23/2022,4820,4820,4781,4781,-1.63%,20,96010,-0.016255144,-0.016388708,4755.2,4953.505,4849.828013,4940.301501,25.37207654,-90.47348805,-68.5124657,152.3642857,4953.505,167.2589089,5288.022818,4618.987182,11742
BBC,2/24/2022,4700,4740,4606,4740,-0.86%,220,1027600,-0.008575612,-0.008612594,4756.2,4935.505,4832.931395,4925.464353,35.7394636,-92.5329572,-73.316564,143.3714286,4935.505,170.0122147,5275.529429,4595.480571,11522
BBC,2/27/2022,4655,4794,4645.2,4700,-0.84%,290,1367832,-0.008438819,-0.008474627,4766.2,4918.005,4812.480412,4908.76329,38.80845399,-96.28287796,-77.90982679,135.7928571,4918.005,175.5303857,5269.065771,4566.944229,11232
BBC,2/28/2022,4700,4700,4611.1,4615,-1.81%,136,631611,-0.018085106,-0.018250641,4739.2,4888.855,4782.09881,4887.003046,35.39232053,-104.9042361,-83.30870865,129.6,4888.855,174.9929005,5238.840801,4538.869199,11096
BBC,3/2/2022,4525,4525,4470,4502,-2.45%,253,1139070,-0.024485374,-0.024790125,4667.6,4853.955,4739.006685,4858.484302,49.14802193,-119.4776165,-90.54249022,133.5285714,4853.955,179.2254049,5212.40581,4495.50419,10843
BBC,3/6/2022,4451,4538,4451,4538,0.80%,113,509313,0.007996446,0.007964644,4619,4821.855,4708.08258,4834.744724,46.85621331,-126.662144,-97.76642098,132.6714286,4821.855,175.2032188,5172.261438,4471.448562,10956
BBC,3/7/2022,4600,4600,4450,4450,-1.94%,145,653965,-0.019391803,-0.01958229,4561,4787.855,4668.377568,4806.245115,44.61279461,-137.8675471,-105.7866462,127.4571429,4787.855,178.2118771,5144.278754,4431.431246,10811
BBC,3/9/2022,4449,4449,4193,4193,-5.78%,1580,6742340,-0.057752809,-0.059487628,4459.6,4746.005,4595.242557,4760.819551,48.77785766,-165.5769935,-117.7447157,135.4571429,4746.005,213.198673,5172.402346,4319.607654,9231
BBC,3/10/2022,4276.8,4420,4276.8,4380,4.46%,464,2033031,0.04459814,0.043632256,4412.6,4713.75,4562.128318,4732.610695,50.71174377,-170.4823774,-128.292248,144.8142857,4713.75,217.5071384,5148.764277,4278.735723,9695
BBC,3/13/2022,4467,4600,4460,4560,4.11%,325,1474410,0.04109589,0.040273899,4424.2,4691.25,4561.800884,4719.824718,35.82995951,-158.0238335,-134.2385651,146.9571429,4691.25,208.3301719,5107.910344,4274.589656,10020
BBC,3/14/2022,4570,4600,4570,4600,0.88%,31,142300,0.00877193,0.00873368,4436.6,4671.25,4567.677671,4710.948813,42.98561151,-143.2711414,-136.0450804,141.6714286,4671.25,195.962906,5063.175812,4279.324188,10051
BBC,3/15/2022,4600,4670,4508.5,4508.5,-1.99%,279,1278837.5,-0.019891304,-0.0200918,4448.3,4645.425,4558.573414,4695.952604,40.60482501,-137.3791902,-136.3119023,143.9428571,4645.425,180.2976541,5006.020308,4284.829692,9772
BBC,3/16/2022,4580,4580,4489,4490,-0.41%,95,431276,-0.00410336,-0.004111802,4507.7,4627.425,4548.023658,4680.696856,39.59183673,-132.6731977,-135.5841614,141.5142857,4627.425,176.7340609,4980.893122,4273.956878,9677
BBC,3/20/2022,4450,4450,4313,4345,-3.23%,347,1516942,-0.032293987,-0.032826943,4500.7,4602.125,4516.789249,4655.830422,38.19148238,-139.0411729,-136.2755637,146.2285714,4602.125,179.2440174,4960.613035,4243.636965,9330
BBC,3/21/2022,4330,4431,4300,4331,-0.32%,212,926050,-0.003222094,-0.003227296,4454.9,4576.425,4488.206288,4631.768909,44.50871284,-143.5626216,-137.7329753,149.9428571,4576.425,179.4363452,4935.29769,4217.55231,9118
BBC,3/22/2022,4417,4550,4417,4450,2.75%,334,1498269,0.027476333,0.027105634,4424.9,4558.925,4482.328397,4618.304546,34.62534391,-135.9761483,-137.3816099,153.0857143,4558.925,173.4515157,4905.828031,4212.021969,9452
BBC,3/23/2022,4500,4500,4400,4400,-1.12%,107,472867.8,-0.011235955,-0.011299555,4403.2,4542.175,4469.66249,4602.133839,42.2381835,-132.4713485,-136.3995576,149.6,4542.175,171.7198817,4885.614763,4198.735237,9345
BBC,3/24/2022,4320,4425.9,4320,4425.9,0.59%,140,613923.5,0.005886364,0.005869107,4390.38,4530.97,4462.929799,4589.07948,47.8980557,-126.1496809,-134.3495823,150.8142857,4530.97,171.6252408,4874.220482,4187.719518,9485
BBC,3/27/2022,4480,4480,4351,4351,-1.69%,163,716645,-0.016923112,-0.017067944,4391.58,4511.02,4445.70983,4571.443963,32.10680859,-125.734133,-132.6264924,149.6714286,4511.02,167.9762283,4846.972457,4175.067543,9322
BBC,3/28/2022,4425,4425,4337,4337,-0.32%,77,335184,-0.003217651,-0.003222839,4392.78,4484.87,4428.985241,4554.077744,33.53781271,-125.0925027,-131.1196945,149.7428571,4484.87,150.5994552,4786.06891,4183.67109,9245
BBC,3/29/2022,4281,4335,4195,4195,-3.27%,606,2573161,-0.032741526,-0.033289525,4341.78,4455.57,4392.987512,4527.479392,34.9969994,-134.4918807,-131.7941317,149.1714286,4455.57,146.9130717,4749.396143,4161.743857,8639
BBC,3/30/2022,4153,4406,4153,4350,3.69%,127,550688.8,0.036948749,0.036282505,4331.78,4436.07,4386.374048,4514.332771,36.52080484,-127.9587224,-131.0270498,148.8857143,4436.07,132.3323492,4700.734698,4171.405302,8766
BBC,3/31/2022,4300,4300,4250,4250,-2.30%,846,3619870,-0.022988506,-0.023256862,4296.6,4413.57,4365.393425,4494.752565,44.44349461,-129.3591399,-130.6934679,139.8142857,4413.57,123.0239947,4659.617989,4167.522011,7920
BBC,4/3/2022,4200,4284,4200,4284,0.80%,90,379795,0.008,0.00796817,4283.2,4397.02,4352.87136,4479.141264,56.24602164,-126.2699043,-129.8087551,130.1,4397.02,116.5963464,4630.212693,4163.827307,8010
BBC,4/4/2022,4199,4310,4199,4300,0.37%,112,478290,0.003734827,0.00372787,4275.8,4386.92,4344.737305,4465.871541,40.61672064,-121.1342364,-128.0738514,135.1714286,4386.92,115.7700379,4618.460076,4155.379924,8122
BBC,4/5/2022,4214,4214,4129.8,4165,-3.14%,313,1302938.4,-0.031395349,-0.031898747,4269.8,4368.27,4317.085412,4443.58476,42.29767014,-126.4993486,-127.7589508,135.7928571,4368.27,120.113587,4608.497174,4128.042826,7809
BBC,4/6/2022,4165,4320,4082,4100,-1.56%,350,1448378,-0.015606242,-0.015729302,4219.8,4350.77,4283.687656,4418.134037,44.30961712,-134.4463812,-129.0964369,146.2928571,4350.77,132.4430766,4615.656153,4085.883847,7459
BBC,4/7/2022,4182,4297,4121,4297,4.80%,480,2028647,0.04804878,0.046930131,4229.2,4355.97,4285.735709,4409.161146,43.07275258,-123.4254366,-127.9622368,147.7214286,4355.97,127.8858953,4611.741791,4100.198209,7939
BBC,4/11/2022,4382,4382,4130,4130,-3.89%,318,1342554,-0.038864324,-0.039639698,4198.4,4343.47,4261.776369,4388.482542,39.46629213,-126.7061731,-127.7110241,156.3642857,4343.47,137.2859563,4618.041913,4068.898087,7621
BBC,4/12/2022,4130,4132,4065.1,4070,-1.45%,400,1642552,-0.014527845,-0.014634408,4152.4,4318.97,4232.272312,4364.891243,39.74540311,-132.6189305,-128.6926054,145.5,4318.97,140.2998372,4599.569674,4038.370326,7221
BBC,4/13/2022,4120,4271,4120,4250,4.42%,201,843272.1,0.044226044,0.043275983,4169.4,4301.47,4234.999649,4356.38078,33.15868263,-121.3811315,-127.2303106,152.7142857,4301.47,124.3193769,4550.108754,4052.831246,7422
BBC,4/17/2022,4200,4200,4052,4066,-4.33%,242,996190,-0.043294118,-0.044259268,4162.6,4279.345,4208.999703,4334.871093,31.62027123,-125.87139,-126.9585265,159.2928571,4279.345,124.9094892,4529.163978,4029.526022,7180
BBC,4/18/2022,4100,4100,4018.1,4045,-0.52%,155,630346,-0.005164781,-0.005178165,4112.2,4257.095,4183.768979,4313.39916,40.48316252,-129.6301807,-127.4928573,155.9285714,4257.095,125.0444194,4507.183839,4007.006161,7025
BBC,4/19/2022,4045,4148,4040,4060.5,0.38%,222,905703,0.003831891,0.003824568,4098.3,4242.87,4164.804521,4294.665889,45.11226252,-129.861368,-127.9665594,157.3571429,4242.87,130.5779304,4504.025861,3981.714139,7247
BBC,4/20/2022,4061,4061,4000,4000,-1.49%,52,209220,-0.014899643,-0.015011758,4084.3,4226.32,4139.449979,4272.838786,45.31575295,-133.3888068,-129.0510089,151.5714286,4226.32,139.4919752,4505.30395,3947.33605,7195
BBC,4/21/2022,3970,4000,3922,4000,0.00%,128,507528,0,0,4034.3,4203.82,4117.996136,4252.628506,41.81446112,-134.6323693,-130.167281,139.0714286,4203.82,137.7956557,4479.411311,3928.228689,7195
BBC,4/24/2022,4080,4314,4020,4270,6.75%,263,1112078.5,0.0675,0.065319466,4075.1,4197.32,4141.381346,4253.915283,32.53193088,-112.5339369,-126.6406122,154.3571429,4197.32,130.950656,4459.221312,3935.418688,7458
BBC,4/25/2022,4185,4355.4,4185,4250,-0.47%,296,1261832,-0.004683841,-0.004694844,4116.1,4188.525,4158.091908,4253.625262,21.39130435,-95.53335376,-120.4191605,160.5285714,4188.525,120.2612808,4429.047562,3948.002438,7162
BBC,4/26/2022,4165.1,4184.1,4140,4140,-2.59%,445,1858527,-0.025882353,-0.026223195,4132,4177.975,4155.308538,4245.208576,27.62863535,-89.90003818,-114.315336,160.4571429,4177.975,114.3685726,4406.712145,3949.237855,6717
BBC,4/27/2022,4100,4100,4060,4076.1,-1.54%,1144,4658162,-0.015434783,-0.015555139,4147.22,4164.93,4143.122609,4232.682015,25.1783894,-89.55940589,-109.36415,154.0142857,4164.93,110.0739852,4385.07797,3944.78203,5573
BBC,4/28/2022,4080,4080,4077,4077,0.02%,30,122341,0.000220799,0.000220775,4162.62,4159.03,4132.9499,4221.150014,24.32989691,-88.20011385,-105.1313428,137.2928571,4159.03,111.5301805,4382.090361,3935.969639,5603
BBC,5/2/2022,4004,4010,3912,3912,-4.05%,360,1423262,-0.040470935,-0.041312672,4091.02,4137.13,4098.957608,4198.250013,27.22029988,-99.29240512,-103.9635552,135.0071429,4137.13,115.0063435,4367.142687,3907.117313,5243
BBC,5/4/2022,3989.5,3990,3860,3861,-1.30%,210,820798,-0.01303681,-0.013122535,4013.22,4117.68,4062.348745,4173.26853,29.60732656,-110.9197854,-105.3548013,126.2928571,4117.68,127.1643802,4372.00876,3863.35124,5033
BBC,5/5/2022,3850,3850,3697.8,3697.8,-4.23%,500,1883051,-0.042268842,-0.043188169,3924.78,4088.37,4006.264323,4138.048639,30.97112861,-131.7843166,-110.6407043,133.1714286,4088.37,151.9522366,4392.274473,3784.465527,4533
BBC,5/8/2022,3700,3700,3588,3694,-0.10%,867,3160410,-0.001027638,-0.001028166,3848.36,4058.07,3958.223658,4105.156147,28.7454324,-146.9324898,-117.8990614,126.8142857,4058.07,167.1870686,4392.444137,3723.695863,3666
BBC,5/9/2022,3767,3800,3750,3750,1.52%,195,737248,0.015159718,0.015045958,3782.96,4037.32,3926.189249,4078.848285,29.7979798,-152.6590359,-124.8510563,120.2428571,4037.32,178.5822311,4394.484462,3680.155538,3861
BBC,5/10/2022,3824,3945,3824,3900,4.00%,212,816310,0.04,0.039220713,3780.56,4027.32,3922.160134,4065.600263,17.94871795,-143.44013,-128.568871,128.3214286,4027.32,180.4772404,4388.274481,3666.365519,4073
BBC,5/11/2022,3975,3975,3910,3970,1.79%,140,549500,0.017948718,0.017789542,3802.36,4010.97,3929.520113,4058.518762,4.635761589,-128.9986495,-128.6548267,125.9642857,4010.97,169.2212009,4349.412402,3672.527598,4213
BBC,5/12/2022,4048,4120,3900,3950,-0.50%,150,598374,-0.005037783,-0.005050516,3852.8,4001.97,3932.670865,4050.480336,26.3868066,-117.8094708,-126.4857555,137.3214286,4001.97,167.333528,4336.637056,3667.302944,4063
BBC,5/17/2022,3871,3872,3745,3745,-5.19%,157,594930,-0.051898734,-0.053293962,3863,3985.72,3903.798424,4027.852163,26.99386503,-124.0537385,-125.9993521,146.3928571,3985.72,175.9386753,4337.597351,3633.842649,3906
BBC,5/18/2022,3819.9,3819.9,3701,3803,0.02%,283,1063005.3,0.015487316,0.015368612,3873.6,3963.37,3888.290974,4011.196447,28.99505766,-122.9054726,-125.3805762,132.4571429,3963.37,168.8484468,4301.066894,3625.673106,4189
BBC,5/19/2022,3803,3803,3740,3740,-1.66%,121,455593,-0.016565869,-0.016704618,3841.6,3947.07,3865.476978,3991.107821,39.37232525,-125.630843,-125.4306296,124.7857143,3947.07,174.0740317,4295.218063,3598.921937,4068
BBC,5/20/2022,3814,3814,3725,3749.9,0.26%,120,449997,0.002647059,0.002643562,3797.58,3932.315,3847.695905,3973.240575,28.43846949,-125.5446705,-125.4534378,123.2857143,3932.315,177.8031326,4287.921265,3576.708735,4188
BBC,5/23/2022,3700,3774,3650.1,3651,-2.64%,480,1760687,-0.026374037,-0.02672807,3737.78,3911.84,3817.434996,3949.370903,34.375,-131.9359067,-126.7499316,126.4214286,3911.84,185.6691098,4283.17822,3540.50178,3708
BBC,5/24/2022,3609,3798,3609,3660,0.25%,140,522435,0.002465078,0.002462045,3720.78,3894.84,3793.214228,3927.936021,38.95348837,-134.7217937,-128.344304,139.6428571,3894.84,192.6079394,4280.055879,3509.624121,3848
BBC,5/25/2022,3700,3750,3681,3681,0.57%,82,303840,0.005737705,0.005721307,3696.38,3878.89,3775.9505,3909.644464,33.2011893,-133.6939639,-129.414236,134.2857143,3878.89,196.6080014,4272.106003,3485.673997,3930
BBC,5/26/2022,3754,3754.6,3682,3682,0.03%,50,186176,0.000271665,0.000271628,3684.78,3849.49,3761.496577,3892.781911,28.80729211,-131.2853341,-129.7884556,130.2571429,3849.49,178.1411117,4205.772223,3493.207777,3980
BBC,5/27/2022,3612,3780,3612,3681,-0.03%,90,333672,-0.000271592,-0.000271628,3671,3821.04,3749.112488,3877.094362,28.1512605,-127.9818739,-129.4271392,130.6,3821.04,154.7057356,4130.451471,3511.628529,3890
BBC,5/30/2022,3621,3682,3610,3616,-1.77%,100,362240,-0.017658245,-0.017816012,3664,3794.84,3728.633644,3857.754039,34.46180556,-129.1203951,-129.3657904,127.7428571,3794.84,141.6668717,4078.173743,3511.506257,3790
BBC,5/31/2022,3600,3600,3590,3600,-0.44%,55,197651.5,-0.004424779,-0.004434597,3652,3771.035,3708.843853,3838.661147,47.3880597,-129.8172947,-129.4560913,122.0285714,3771.035,131.5579571,4034.150914,3507.919086,3735
BBC,6/1/2022,3665,3670,3600,3601,0.03%,273,992310,0.000277778,0.000277739,3636,3747.235,3692.252491,3821.056618,50,-128.8041272,-129.3256985,113.1,3747.235,115.3509395,3977.936879,3516.533121,4008
BBC,6/2/2022,3602,3611,3602,3610,0.25%,97,349940,0.002499306,0.002496188,3621.6,3732.135,3679.598261,3805.422794,53.40136054,-125.824533,-128.6254654,108.4571429,3732.135,112.3754715,3956.885943,3507.384057,4105
BBC,6/3/2022,3615,3630,3600,3600,-0.28%,163,589830,-0.002770083,-0.002773927,3605.4,3719.085,3667.352375,3790.206291,47.21666296,-122.8539161,-127.4711555,94.88571429,3719.085,111.7761168,3942.637234,3495.532766,3942
BBC,6/6/2022,3545,3645,3545,3645,1.25%,153,550398,0.0125,0.01242252,3611.2,3716.445,3663.913548,3779.450269,50.37475641,-115.5367214,-125.0842687,87.38571429,3716.445,112.9229475,3942.290895,3490.599105,4095
BBC,6/7/2022,3610,3610,3550,3550,-2.61%,495,1777185,-0.0260631,-0.026408762,3601.2,3709.245,3646.388387,3762.453953,46.4735168,-116.0655664,-123.2805282,85.67857143,3709.245,118.863834,3946.972668,3471.517332,3600
BBC,6/8/2022,3551,3622,3551,3621,2.00%,180,651054,0.02,0.019802627,3605.2,3702.795,3642.482481,3751.975883,50,-109.4934015,-120.5231029,86.32142857,3702.795,120.0302088,3942.855418,3462.734582,3780
BBC,6/9/2022,3693.4,3693.4,3590,3599,-0.61%,200,726357,-0.00607567,-0.006094202,3603,3687.745,3635.792869,3740.644336,63.23230858,-104.8514671,-117.3887757,87.35,3687.745,112.6455338,3913.036068,3462.453932,3580
BBC,6/10/2022,3542.1,3599.9,3540,3551,-1.33%,145,514746,-0.013337038,-0.013426775,3593.2,3666.795,3622.747812,3726.596607,64.93114109,-103.8487952,-114.6807796,82.77857143,3666.795,94.96386279,3856.722726,3476.867274,3435
BBC,6/13/2022,3551,3622,3515.1,3622,2.00%,75,267344,0.019994368,0.019797106,3588.6,3650.395,3622.632764,3718.84871,62.47022037,-96.2159464,-110.987813,76.91428571,3650.395,67.96550576,3786.326012,3514.463988,3510
BBC,6/14/2022,3550,3550,3486,3500,-3.37%,154,539765,-0.033683048,-0.034263391,3578.6,3638.145,3603.766185,3702.637695,73.23146137,-98.87150989,-108.5645524,80.2,3638.145,71.9774049,3782.09981,3494.19019,3356
BBC,6/15/2022,3500,3500,3365,3425,-2.14%,277,943612,-0.021428571,-0.021661497,3539.4,3619.245,3576.263695,3682.07194,79.65744178,-105.8082447,-108.0132908,84.58571429,3619.245,75.930581,3771.106162,3467.383838,3079
BBC,6/16/2022,3492,3558,3492,3500,2.19%,170,596460,0.02189781,0.021661497,3519.6,3607.245,3564.530819,3668.585129,82.06997085,-104.0543105,-107.2214948,82.08571429,3607.245,74.79839905,3756.841798,3457.648202,3249
BBC,6/17/2022,3495,3495,3440,3440,-1.71%,60,207850,-0.017142857,-0.017291497,3497.4,3591.75,3545.372231,3651.652897,71.59654455,-106.2806662,-107.0333291,81.22857143,3591.75,75.78353869,3743.317077,3440.182923,3189
BBC,6/19/2022,3400,3500,3400,3400,-1.16%,102,351640,-0.011627907,-0.01169604,3453,3579.2,3523.007273,3633.011942,68.18670489,-110.0046695,-107.6275971,86.51428571,3579.2,85.60226264,3750.404525,3407.995475,3087
BBC,6/20/2022,3332,3332,3265.4,3320,-2.35%,320,1054696,-0.023529412,-0.023810649,3417,3562.2,3491.775385,3609.825872,74.81917459,-118.0504878,-109.7121753,91.12857143,3562.2,101.0740219,3764.348044,3360.051956,2767
BBC,6/21/2022,3386.4,3400,3386.4,3400,2.41%,75,254796,0.024096386,0.023810649,3412,3548.15,3477.656095,3594.283215,74.78341145,-116.6271205,-111.0951643,96.12857143,3548.15,103.1989775,3754.547955,3341.752045,2842
BBC,6/22/2022,3350,3350,3350,3350,-1.47%,30,100500,-0.014705882,-0.014815086,3382,3531.55,3458.016695,3576.188162,73.58675145,-118.1714667,-112.5104248,97.55714286,3531.55,107.1612042,3745.872408,3317.227592,2812
BBC,6/23/2022,3290,3290,3200,3260,-2.69%,510,1649940,-0.026865672,-0.02723315,3346,3510.5,3427.552588,3552.766817,64.63492063,-125.2142284,-115.0511855,101.1285714,3510.5,117.1434119,3744.786824,3276.213176,2302
BBC,6/24/2022,3195,3258,3195,3258,-0.06%,20,64530,-0.000613497,-0.000613685,3317.6,3492.6,3401.467575,3530.932238,73.69820911,-129.4646629,-117.933881,98.98571429,3492.6,127.1026937,3746.805387,3238.394613,2282
BBC,6/26/2022,3323,3583.8,3323,3583,9.98%,447,1569304.5,0.099754451,0.095086928,3370.2,3491.75,3429.39564,3534.789109,76.45378062,-105.3934688,-115.4257986,117.1142857,3491.75,126.4015635,3744.553127,3238.946873,2729
BBC,6/27/2022,3585,3585,3431,3431,-4.24%,413,1445755.5,-0.042422551,-0.043348674,3376.4,3483.25,3429.642465,3527.101027,62.24697292,-97.45856208,-111.8323513,120.7285714,3483.25,124.3678225,3731.985645,3234.514355,2316
BBC,6/28/2022,3490,3490,3420,3420,-0.32%,45,154932,-0.003206062,-0.003211213,3390.4,3473.75,3428.159009,3519.167617,54.21848177,-91.0086088,-107.6676028,121.45,3473.75,121.3975093,3716.545019,3230.954981,2271
BBC,6/29/2022,3488,3500,3446,3446,0.76%,110,381280,0.007602339,0.007573587,3427.6,3466.05,3430.903777,3513.747794,53.40234246,-82.84401739,-102.7028857,119.5285714,3466.05,117.7988808,3701.647762,3230.452238,2381
BBC,6/30/2022,3514,3600,3500,3528,2.38%,228,805568,0.023795705,0.023517,3481.6,3460.2,3445.841657,3514.803513,47.05207798,-68.96185583,-95.95467972,120.8142857,3460.2,111.1625647,3682.525129,3237.874871,2609
BBC,7/1/2022,3598,3600,3545,3550,0.62%,320,1142670,0.006235828,0.006216465,3475,3460.2,3461.866018,3517.41066,46.39348097,-55.54464258,-87.87267229,116.3142857,3460.2,111.1625647,3682.525129,3237.874871,2929
BBC,7/3/2022,3551,3763,3550,3750,5.63%,375,1373545,0.056338028,0.054808236,3538.8,3466.65,3506.194323,3534.6395,48.11306514,-28.44517758,-75.98717335,122.0285714,3466.65,123.9865336,3714.623067,3218.676933,3304
BBC,7/4/2022,3825,4057.5,3675,4000,6.67%,1058,4167010,0.066666667,0.064538521,3654.8,3486.7,3582.164427,3569.110648,48.88795153,13.05377851,-58.17898298,145.0642857,3486.7,170.2917311,3827.283462,3146.116538,4362
BBC,7/5/2022,3999,4300,3796,3800,-5.00%,903,3537761,-0.05,-0.051293294,3725.6,3499.15,3615.677592,3586.213563,45.07275387,29.46402868,-40.65038065,173.9214286,3499.15,183.8060405,3866.762081,3131.537919,3459
BBC,7/6/2022,3725,3880,3725,3865,1.71%,365,1394346,0.017105263,0.016960615,3793,3511.3,3654.034885,3606.86441,36.9688135,47.17047506,-23.08620951,175.3785714,3511.3,199.6984832,3910.696966,3111.903034,3824
BBC,7/7/2022,3940,3940,3805.4,3845,-0.52%,150,579204,-0.005174644,-0.005188079,3852,3528.55,3683.414134,3624.504084,33.89916276,58.91005015,-6.686957574,179.2785714,3528.55,213.1205429,3954.791086,3102.308914,3674
BBC,7/8/2022,3800,3800,3690,3690,-4.03%,275,1029740,-0.040312094,-0.041147145,3840,3541.8,3684.427344,3629.355633,34.69724079,55.07171098,5.664776136,186.7785714,3541.8,214.5765966,3970.953193,3112.646807,3399
BBC,7/11/2022,3629,3629,3485,3485,-5.56%,255,902994,-0.055555556,-0.057158414,3737,3541.05,3653.746214,3618.662623,35.17758259,35.08359098,11.54853911,190.7071429,3541.05,214.7565268,3970.563054,3111.536946,3144
BBC,7/12/2022,3424,3561,3424,3500,0.43%,205,720634,0.004304161,0.004294924,3677,3544.05,3630.09295,3609.872799,27.2254676,20.2201512,13.28286152,195.85,3544.05,213.6870498,3971.4241,3116.6759,3349
BBC,7/13/2022,3570,3641,3520,3545,1.29%,290,1035900,0.012857143,0.012775191,3613,3551.3,3617.001727,3605.067407,6.986221618,11.93432059,13.01315334,182.65,3551.3,210.9851828,3973.270366,3129.329634,3639
BBC,7/14/2022,3615.9,3670,3560,3615,1.97%,250,900251,0.019746121,0.019553696,3567,3566.05,3616.693769,3605.803154,8.681672026,10.8906149,12.58864565,180.5785714,3566.05,204.1654321,3974.380864,3157.719136,3889
BBC,7/15/2022,3680,3680,3551,3600,-0.41%,89,318863,-0.004149378,-0.00415801,3549,3576.05,3614.125497,3605.373291,18.64647421,8.752205989,11.82135772,184.7928571,3576.05,200.4687861,3976.987572,3175.112428,3800
BBC,7/17/2022,3541,3600,3528,3572,-0.78%,180,641365,-0.007777778,-0.007808182,3566.4,3587.15,3607.644651,3602.901195,18.00731261,4.743455923,10.40577736,184.2214286,3587.15,193.3119309,3973.773862,3200.526138,3620
BBC,7/18/2022,3643,3676,3606.1,3675,2.88%,292,1061833,0.028835386,0.02842747,3601.4,3607.9,3618.007013,3608.241848,18.72801597,9.765165062,10.2776549,180.65,3607.9,178.0153453,3963.930691,3251.869309,3912
BBC,7/19/2022,3748,3780,3745,3750,2.04%,175,659180,0.020408163,0.020202707,3642.4,3632.5,3638.313626,3618.742452,19.71971972,19.57117461,12.13635884,183.0071429,3632.5,160.2233638,3952.946728,3312.053272,4087
BBC,7/20/2022,3751,3760,3712,3740,-0.27%,195,729265,-0.002666667,-0.002670229,3667.4,3640.35,3653.957684,3627.724492,34.79674797,26.23319151,14.95572538,171.2214286,3640.35,161.5113732,3963.372746,3317.327254,3892
BBC,7/21/2022,3740,3740,3684,3684,-1.50%,248,919236.5,-0.014973262,-0.015086493,3684.2,3653,3658.579578,3631.893048,48.02680566,26.68653019,17.30188634,147.9,3653,153.9839363,3960.967873,3345.032127,3644
BBC,7/22/2022,3690,3690,3610.4,3660,-0.65%,89,324384,-0.006514658,-0.006535971,3701.8,3665,3658.798105,3633.975045,51.79569034,24.82306016,18.8061211,117.5857143,3665,143.8914064,3952.782813,3377.217187,3555
BBC,7/24/2022,3732,3743.4,3659,3743.4,2.28%,294,1085751,0.022786885,0.022531142,3715.48,3679.87,3671.813781,3642.080597,44.43671766,29.73318409,20.9915337,112.5428571,3679.87,135.171085,3950.21217,3409.52783,3849
BBC,7/25/2022,3818,3860,3780,3850,2.85%,366,1391858.5,0.028476786,0.028078859,3735.48,3695.97,3699.227045,3657.482034,38.08104887,41.74501128,25.14222922,111.2571429,3695.97,135.3064246,3966.582849,3425.357151,4215
BBC,7/26/2022,3800,3900,3699.5,3705,-3.77%,325,1222005,-0.037662338,-0.03838989,3728.48,3703.72,3700.115192,3661.001884,40.04616272,39.11330881,27.93644514,114.5071429,3703.72,130.8719326,3965.463865,3441.976135,3890
BBC,7/27/2022,3710,3774,3700,3712,0.19%,130,482465,0.001889339,0.001887556,3734.08,3701.82,3701.943624,3664.779522,40.16203704,37.1641025,29.78197661,105.15,3701.82,130.439805,3962.69961,3440.94039,4020
BBC,7/28/2022,3786,3800,3725,3768,1.51%,315,1184680,0.015086207,0.014973542,3755.68,3690.22,3712.106144,3672.425483,36.56480506,39.68066049,31.76171339,101.65,3690.22,111.4624298,3913.14486,3467.29514,4335
BBC,7/29/2022,3700,3799,3693,3760,-0.21%,160,595581,-0.002123142,-0.002125399,3759,3688.22,3719.474429,3678.912484,36.37316562,40.56194484,33.52175968,99.15,3688.22,109.7344143,3907.688829,3468.751171,4175
BBC,7/31/2022,3730,4050,3730,3950,5.05%,1107,4307204,0.050531915,0.049296622,3779,3692.47,3754.939902,3698.993041,47.42647059,55.94686056,38.00677985,113.0785714,3692.47,118.2565325,3928.983065,3455.956935,5282
BBC,8/1/2022,3985,4060,3912.1,3950,0.00%,720,2843881,0,0,3828,3697.72,3784.949148,3717.586149,47.73869347,67.36299839,43.87802356,114.4285714,3697.72,127.3644981,3952.448996,3442.991004,5282
BBC,8/2/2022,3915,4000,3860,4000,1.27%,207,810260,0.012658228,0.012578782,3885.6,3713.22,3818.033894,3738.505694,52.00540784,79.52820041,51.00805893,119.2857143,3713.22,144.1346578,4001.489316,3424.950684,5489
BBC,8/3/2022,4000,4075,3920,4000,0.00%,537,2154822,0,0,3932,3738.97,3846.02868,3757.875642,56.25913298,88.15303732,58.43705461,122.9285714,3738.97,147.1873747,4033.344749,3444.595251,5489
BBC,8/4/2022,3930,3930,3800.1,3800.1,-5.00%,152,587937,-0.049975,-0.051266979,3940.02,3753.975,3838.962729,3761.003372,57.60598504,77.95935641,62.34151497,129.7071429,3753.975,136.4484783,4026.871957,3481.078043,5337
BBC,8/5/2022,3731,3795,3700,3770,-0.79%,248,926660,-0.007920844,-0.007952381,3904.02,3765.225,3828.353078,3761.669789,53.45016429,66.68328896,63.20986977,133.4285714,3765.225,127.2793359,4019.783672,3510.666328,5089
BBC,8/7/2022,3771,3771,3710,3725,-1.19%,165,615745,-0.01193634,-0.01200815,3859.02,3770.725,3812.452605,3758.953509,45.8056729,53.49909607,61.26771503,133.7857143,3770.725,122.7419324,4016.208865,3525.241135,4924
BBC,8/8/2022,3799,3874,3796.6,3796.6,1.92%,110,420981,0.019221477,0.019039078,3818.34,3780.555,3810.013742,3761.742138,51.48568341,48.27160481,58.66849298,138.7428571,3780.555,116.0390065,4012.633013,3548.476987,5034
BBC,8/9/2022,3720.7,3721,3680,3686,-2.91%,232,857270.8,-0.029131328,-0.02956407,3755.54,3786.255,3790.934705,3756.131609,52.76854928,34.80309623,53.89541363,141.0428571,3786.255,107.7598767,4001.774753,3570.735247,4802
BBC,8/10/2022,3686,3700,3665,3680,-0.16%,60,221170,-0.001627781,-0.001629107,3731.52,3786.505,3773.867827,3750.49223,57.54830918,23.37559695,47.7914503,135.2142857,3786.505,107.4936545,4001.492309,3571.517691,4742
BBC,8/11/2022,3718.9,3720,3673,3720,1.09%,80,296569,0.010869565,0.010810916,3721.52,3785.005,3765.580469,3748.233547,53.42058299,17.34692262,41.70254476,124.25,3785.005,108.2366145,4001.478229,3568.531771,4822
BBC,8/14/2022,3700,3730,3671,3671,-1.32%,190,704921,-0.013172043,-0.013259564,3710.72,3781.555,3751.029628,3742.512543,53.01062574,8.517084645,35.06545274,123.1785714,3781.555,110.8155816,4003.186163,3559.923837,4632
BBC,8/15/2022,3671,3750,3671,3750,2.15%,133,494770,0.021520022,0.021291735,3701.4,3784.855,3750.871224,3743.06717,62.87069988,7.804053925,29.61317298,122.5357143,3784.855,108.7204792,4002.295958,3567.414042,4765
BBC,8/16/2022,3800,3800,3650.6,3650.6,-2.65%,325,1198174.9,-0.026506667,-0.026864302,3694.32,3784.385,3735.444882,3736.21775,68.89146837,-0.772868194,23.53596474,125.6357143,3784.385,109.3073709,4002.999742,3565.770258,4440
BBC,8/17/2022,3700,3745,3600,3600,-1.39%,463,1687983,-0.013860735,-0.013957692,3678.32,3777.215,3714.607207,3726.127546,65.05867014,-11.52033859,16.52470408,113.1357143,3777.215,116.597329,4010.409658,3544.020342,3977
BBC,8/18/2022,3672,3720,3672,3680,2.22%,130,480340,0.022222222,0.021978907,3670.32,3768.715,3709.283022,3722.710691,62.5698324,-13.42766909,10.53422944,111.1428571,3768.715,117.2069482,4003.128896,3534.301104,4107
BBC,8/21/2022,3700,3700,3631.1,3631.1,-1.33%,75,273746.5,-0.013288043,-0.01337712,3662.34,3765.02,3697.254865,3715.924714,52.01586252,-18.66984918,4.693413718,106.0642857,3765.02,120.4415412,4005.903082,3524.136918,4032
BBC,8/22/2022,3635.1,3635.1,3606.4,3620,-0.31%,70,253455,-0.003056925,-0.003061607,3636.34,3760.42,3685.369501,3708.819179,51.98412698,-23.4496786,-0.935204746,97.04285714,3760.42,124.2691502,4008.9583,3511.8817,3962
BBC,8/23/2022,3600,3601,3590,3600,-0.55%,90,323850,-0.005524862,-0.00554018,3626.22,3752.02,3672.235731,3700.758499,54.96277916,-28.522768,-6.452717396,84.90714286,3752.02,129.3057438,4010.631488,3493.408512,3872
BBC,8/24/2022,3610,3610,3604.3,3604.3,0.12%,100,360594,0.001194444,0.001193732,3627.08,3744.235,3661.78408,3693.613425,47.1190781,-31.82934495,-11.52804291,78.47142857,3744.235,133.421557,4011.078114,3477.391886,3972
BBC,8/25/2022,3600,3600,3550,3550.1,-1.50%,240,854009,-0.015037594,-0.015151805,3601.1,3724.24,3644.601914,3682.982801,46.75984752,-38.38088707,-16.89861174,77.99285714,3724.24,130.9033569,3986.046714,3462.433286,3732
BBC,8/26/2022,3600,3600,3600,3600,1.41%,10,36000,0.014055942,0.013958073,3594.88,3706.74,3637.740081,3676.835927,33.06699447,-39.09584585,-21.33805856,70.91428571,3706.74,122.2424442,3951.224888,3462.255112,3742
BBC,8/28/2022,3605,3605,3462.5,3467,-3.69%,208,730844.5,-0.036944444,-0.037644179,3564.28,3680.09,3611.472376,3661.292525,32.10023866,-49.82014865,-27.03447658,72.76428571,3680.09,112.6686988,3905.427398,3454.752602,3534
BBC,8/29/2022,3411.1,3415,3406,3412,-1.59%,78,266016,-0.015863859,-0.015991037,3526.68,3650.69,3580.784319,3642.826412,47.28288471,-62.04209359,-34.03599998,74.62142857,3650.69,100.8994074,3852.488815,3448.891185,3456
BBC,8/30/2022,3480.2,3549.8,3407,3477,1.91%,190,656566,0.01905041,0.018871223,3501.22,3634.535,3564.8175,3630.542974,48.06401652,-65.72547389,-40.37389476,81.46428571,3634.535,101.5817808,3837.698562,3431.371438,3646
BBC,8/31/2022,3408,3430,3408,3430,-1.35%,284,969246.8,-0.0135174,-0.013609592,3477.2,3617.535,3544.076346,3615.687939,44.86746988,-71.61159266,-46.62143434,82.17857143,3617.535,106.0690206,3829.673041,3405.396959,3362
BBC,9/1/2022,3439.8,3439.8,3361.4,3370,-1.75%,525,1770790,-0.017492711,-0.017647517,3431.2,3599.785,3517.29537,3597.488832,37.60391198,-80.19346243,-53.33583996,82.13571429,3599.785,116.3447023,3832.474405,3367.095595,2837
BBC,9/2/2022,3370,3370,3370,3370,0.00%,30,101100,0,0,3411.8,3578.455,3494.634544,3580.637808,31.45516903,-86.00326396,-59.86932476,71.46428571,3578.455,117.4624978,3813.379996,3343.530004,2837
BBC,9/4/2022,3400,3490,3390,3480,3.26%,110,376900,0.03264095,0.032119549,3425.4,3568.155,3492.383076,3573.183155,26.29083246,-80.80007982,-64.05547577,69.67857143,3568.155,116.5641882,3801.283376,3335.026624,2947
BBC,9/5/2022,3480.1,3540,3415,3540,1.72%,150,519625,0.017241379,0.017094433,3438,3561.155,3499.708756,3570.725144,26.29083246,-71.01638763,-65.44765814,70.03571429,3561.155,113.6616376,3788.478275,3333.831725,3097
BBC,9/6/2022,3471,3471,3410,3410,-3.67%,110,376360,-0.036723164,-0.037414436,3434,3545.655,3485.907409,3558.819578,31.22866894,-72.91216853,-66.94056022,74.4,3545.655,111.9848414,3769.624683,3321.685317,2987
BBC,9/7/2022,3475,3478.2,3382.2,3382.2,-0.82%,90,311716,-0.008152493,-0.008185906,3436.44,3531.215,3469.952423,3545.736646,36.30136986,-75.78422287,-68.70929275,79.20714286,3531.215,113.5798781,3758.374756,3304.055244,2897
BBC,9/8/2022,3385,3400,3375,3375,-0.21%,170,576200,-0.002128792,-0.002131061,3437.44,3512.465,3455.344358,3533.089487,29.6277666,-77.74512901,-70.51646,78.85,3512.465,106.2797662,3725.024532,3299.905468,2727
BBC,9/11/2022,3325.1,3325.1,3320,3320,-1.63%,190,630881,-0.016296296,-0.016430541,3405.44,3495.935,3434.522149,3517.305081,28.55065439,-82.78293149,-72.9697543,82.06428571,3495.935,109.3302735,3714.595547,3277.274453,2537
BBC,9/12/2022,3354,3360,3354,3360,1.20%,60,201310,0.012048193,0.011976191,3369.44,3483.935,3423.057203,3505.652852,39.26116838,-82.59564931,-74.8949333,81.04285714,3483.935,110.4721602,3704.87932,3262.99068,2597
BBC,9/13/2022,3416,3416,3380,3380,0.60%,20,67960,0.005952381,0.005934736,3363.44,3468.935,3416.433018,3496.345234,37.65966213,-79.9122157,-75.89838978,81.47857143,3468.935,102.5308337,3673.996667,3263.873333,2617
BBC,9/14/2022,3435,3570,3435,3570,5.62%,220,764889,0.056213018,0.054689886,3401,3465.88,3440.058708,3501.801142,40.81814934,-61.74243478,-73.06719878,84.87142857,3465.88,98.26624735,3662.412495,3269.347505,2837
BBC,9/15/2022,3570,3570,3381,3381,-5.29%,215,742294,-0.052941176,-0.054394072,3402.2,3453.93,3430.972753,3492.85291,28.08625337,-61.88015702,-70.82979043,94.01428571,3453.93,92.92454268,3639.779085,3268.080915,2622
BBC,9/16/2022,3350,3355,3320,3320,-1.80%,74,247650,-0.018041999,-0.018206741,3402.2,3439.93,3413.900021,3480.04899,26.89726381,-66.14896895,-69.89362613,88.17142857,3439.93,90.82813209,3621.586264,3258.273736,2548
BBC,9/18/2022,3255,3310,3189,3250,-2.11%,213,688003,-0.021084337,-0.021309787,3380.2,3422.215,3388.684633,3463.008324,29.08989391,-74.32369091,-70.77963909,92.6,3422.215,91.62989787,3605.474796,3238.955204,2335
BBC,9/20/2022,3315,3315,3137,3200,-1.54%,255,815810,-0.015384615,-0.015504187,3344.2,3404.71,3359.656228,3443.526226,36.13916947,-83.86999795,-73.39771086,99.71428571,3404.71,99.05372227,3602.817445,3206.602555,2080
BBC,9/21/2022,3260,3270,3258,3258,1.81%,125,408200,0.018125,0.0179627,3281.8,3387.61,3344.016809,3429.783543,35.79766537,-85.76673427,-75.87151554,104.7142857,3387.61,92.89456332,3573.399127,3201.820873,2205
BBC,9/22/2022,3195,3199,3195,3199,-1.81%,38,121490,-0.018109269,-0.018275249,3245.4,3374.21,3321.70653,3412.688466,31.80458624,-90.98193526,-78.89359949,100.6428571,3374.21,99.90478572,3574.019571,3174.400429,2167
BBC,9/25/2022,3260,3262,3185,3250,1.59%,741,2380780,0.015942482,0.015816735,3231.4,3366.11,3310.674756,3400.637468,30.42441583,-89.96271171,-81.10742193,97.21428571,3366.11,103.1927675,3572.495535,3159.724465,2908
BBC,9/27/2022,3211,3250,3190,3190,-1.85%,280,897720,-0.018461538,-0.01863408,3219.4,3351.76,3292.109409,3385.034693,27.02205882,-92.92528343,-83.47099423,92.21428571,3351.76,106.8510739,3565.462148,3138.057852,2628
BBC,9/28/2022,3200,3200,3190,3190,0.00%,200,638120,0,0,3217.4,3339.76,3276.400269,3370.587678,21.0229939,-94.18740905,-85.6142772,86.07142857,3339.76,110.9980294,3561.756059,3117.763941,2628
BBC,9/29/2022,3150.1,3213,3150,3213,0.72%,83,264471.3,0.007210031,0.007184163,3208.4,3331.91,3266.646382,3358.914517,30.26623073,-92.26813528,-86.94504881,88.78571429,3331.91,114.25085,3560.4117,3103.4083,2711
BBC,10/9/2022,3277.2,3277.2,3270,3277,1.99%,40,130942,0.019919079,0.01972329,3224,3327.26,3268.239246,3352.846775,38.15110277,-84.60752894,-86.47754484,89.44285714,3327.26,114.511247,3556.282494,3098.237506,2751
BBC,10/10/2022,3251,3342,3238,3238,-1.19%,173,565664,-0.011901129,-0.011972514,3221.6,3315.16,3263.587054,3344.339607,27.42290749,-80.75255213,-85.3325463,94.01428571,3315.16,110.227833,3535.615666,3094.704334,2578
BBC,10/11/2022,3200,3201,3200,3201,-1.14%,220,704020,-0.011426807,-0.011492594,3223.8,3298.21,3253.958277,3333.721858,32.21216041,-79.7635811,-84.21875326,92.72857143,3298.21,99.36290688,3496.935814,3099.484186,2358
BBC,10/12/2022,3200,3255,3200,3212,0.34%,60,193070,0.003436426,0.003430535,3228.2,3288.31,3247.503157,3324.705424,31.42352347,-77.20226669,-82.81545594,83.08571429,3288.31,97.48460553,3483.279211,3093.340789,2418
BBC,10/13/2022,3200,3200,3200,3200,0.00%,10,32000,-0.00373599,-0.003742986,3225.6,3279.2,3240.194979,3315.467985,38.61047836,-75.27300592,-81.30696594,70.44285714,3279.2,96.75938687,3472.718774,3085.681226,2408
BBC,10/16/2022,3264,3264,3200,3202,0.06%,134,430526,0.000625,0.000624805,3210.6,3270.55,3234.318829,3307.062949,38.17567568,-72.74412064,-79.59439688,70.65714286,3270.55,95.46863635,3461.487273,3079.612727,2542
BBC,10/17/2022,3200,3200,3170,3170,-1.00%,80,254350,-0.009993754,-0.010044027,3197,3263.05,3224.423624,3296.910138,39.2815759,-72.48651398,-78.1728203,63.58571429,3263.05,97.25467111,3457.559342,3068.540658,2462
BBC,10/20/2022,3233.4,3298,3233.4,3298,4.04%,20,65314,0.040378549,0.039584636,3216.4,3259.95,3235.743067,3296.990869,34.30160692,-61.24780206,-74.78781665,60.01428571,3259.95,94.96285978,3449.87572,3070.02428,2482
BBC,10/31/2022,3300.1,3340,3235.1,3340,1.27%,40,131750,0.012734991,0.012654583,3242,3257.95,3251.782595,3300.17673,35.50863724,-48.39413543,-69.50908041,62.50714286,3257.95,92.6955827,3443.341165,3072.558835,2522
BBC,11/1/2022,3300,3390,3300,3324,-0.48%,210,703220,-0.004790419,-0.00480193,3266.8,3245.65,3262.892965,3301.941417,40.899042,-39.04845205,-63.41695474,64.43571429,3245.65,59.47956305,3364.609126,3126.690874,2312
BBC,11/2/2022,3320,3377,3310,3377,1.59%,90,299370,0.015944645,0.015818864,3301.8,3245.45,3280.447893,3307.501312,43.05663305,-27.05341861,-56.14424751,63.72142857,3245.45,59.00532982,3363.46066,3127.43934,2402
BBC,11/3/2022,3313,3313,3243.8,3243.8,-3.94%,162,530197.6,-0.039443293,-0.040242259,3316.56,3241.64,3274.809756,3302.782696,43.66640441,-27.97294035,-50.50998608,68.95,3241.64,56.33809966,3354.316199,3128.963801,2240
BBC,11/6/2022,3250,3426,3241,3426,5.62%,800,2627136.5,0.056168691,0.054647918,3342.16,3250.44,3298.069793,3311.909904,43.52941176,-13.84011048,-43.17601096,81.45,3250.44,69.84025683,3390.120514,3110.759486,3040
BBC,11/7/2022,3358.1,3358.1,3311,3320,-3.09%,140,466028,-0.030939872,-0.031428617,3338.16,3256.44,3301.443671,3312.50917,27.29089791,-11.06549893,-36.75390855,85.16428571,3256.44,70.43099198,3397.301984,3115.578016,2900
BBC,11/8/2022,3370,3370,3306,3307,-0.39%,60,199660,-0.003915663,-0.003923349,3334.76,3258.89,3302.298491,3312.101084,47.66489597,-9.802592451,-31.36364533,85.15,3258.89,71.33457049,3401.559141,3116.220859,2840
BBC,11/9/2022,3251,3304,3180,3304,-0.09%,300,963609,-0.000907167,-0.000907578,3320.16,3264.14,3302.560262,3311.501003,60.71606579,-8.940741594,-26.87906458,86.79285714,3264.14,70.55443885,3405.248878,3123.031122,2540
BBC,11/10/2022,3366,3366,3200,3304,0.00%,130,425820,0,0,3332.2,3266.84,3302.78176,3310.945373,57.94814874,-8.163613526,-23.13597437,95.93571429,3266.84,71.01657627,3408.873153,3124.806847,2540
BBC,11/13/2022,3349,3349,3349,3349,1.36%,10,33490,0.013619855,0.013527938,3316.8,3274.79,3309.892258,3313.764235,61.14698647,-3.871976281,-19.28317475,95.22142857,3274.79,70.86145044,3416.512901,3133.067099,2550
BBC,11/14/2022,3282.1,3347.7,3250,3347.7,-0.04%,215,703150,-0.000388176,-0.000388251,3322.34,3282.675,3315.708834,3316.277995,65.63774816,-0.569161046,-15.54037201,101.4357143,3282.675,69.69430147,3422.063603,3143.286397,2335
BBC,11/15/2022,3347.7,3347.7,3280.8,3345,-0.08%,725,2401612.5,-0.000806524,-0.000806849,3329.94,3289.275,3320.215167,3318.405551,69.70720721,1.809616258,-12.07037436,101.6428571,3289.275,68.99550615,3427.266012,3151.283988,1610
BBC,11/16/2022,3278.1,3278.1,3250,3250,-2.84%,270,879445,-0.028400598,-0.028811697,3319.14,3287.925,3309.412834,3313.338473,72.24978115,-3.925639316,-10.44142735,106.1428571,3287.925,69.51055107,3426.946102,3148.903898,1340
BBC,11/17/2022,3260,3350,3250,3334,2.58%,267,873816.2,0.025846154,0.025517788,3325.14,3292.725,3313.195475,3314.868957,70.57649825,-1.673481839,-8.687838248,104.1428571,3292.725,69.19545829,3431.115917,3154.334083,1607
BBC,11/22/2022,3320,3400,3272.1,3400,1.98%,120,402761,0.019796041,0.019602647,3335.34,3302.675,3326.550017,3321.17496,73.55796688,5.375057288,-5.875259141,105.7857143,3302.675,69.61798675,3441.910973,3163.439027,1727
BBC,11/23/2022,3340,3340,3285.1,3287,-3.32%,185,611243,-0.033235294,-0.033800137,3323.2,3306.425,3320.465399,3318.643481,70.22422136,1.821917775,-4.335823758,107.5642857,3306.425,66.42333036,3439.271661,3173.578339,1542
BBC,11/24/2022,3330,3330,3330,3330,1.31%,10,33300,0.013081838,0.012997009,3320.2,3312.925,3321.932261,3319.484705,72.11954385,2.447555845,-2.979147837,105.85,3312.925,61.64995305,3436.224906,3189.625094,1552
BBC,11/27/2022,3301,3367,3251,3367,1.11%,385,1268505,0.011111111,0.011049836,3343.6,3321.175,3328.865759,3323.004356,74.92713346,5.8614027,-1.21103773,104.6214286,3321.175,56.88035342,3434.935707,3207.414293,1937
BBC,11/28/2022,3430,3430,3350,3350,-0.50%,160,543551,-0.005049005,-0.005061794,3346.8,3330.175,3332.117181,3325.004034,75.02884681,7.113147071,0.45379923,97.12142857,3330.175,44.62069233,3419.416385,3240.933615,1777
BBC,11/29/2022,3286,3290,3275.2,3275.2,-2.23%,228,748014,-0.022328358,-0.02258141,3321.84,3329.035,3323.360691,3321.314846,75.84739948,2.0458454,0.772208464,94.25,3329.035,45.76262869,3420.560257,3237.509743,1549
BBC,12/1/2022,3280,3308,3251,3260.1,-0.46%,225,736711,-0.004610405,-0.004621066,3316.46,3325.04,3313.628277,3316.780413,74.65255275,-3.152135628,-0.012660354,93.75,3325.04,48.17880512,3421.39761,3228.68239,1324
BBC,12/4/2022,3325,3350,3260,3283,0.70%,344,1134991,0.007024324,0.006999769,3307.06,3322.99,3308.916235,3314.27816,63.14199396,-5.361925486,-1.082513381,91.10714286,3322.99,49.0890587,3421.168117,3224.811883,1668
BBC,12/5/2022,3250.2,3280,3200.1,3245,-1.16%,409,1320639.5,-0.011574779,-0.011642288,3282.66,3316.39,3299.082968,3309.146445,68.78232252,-10.06347679,-2.878706063,85.17142857,3316.39,50.30388601,3416.997772,3215.782228,1259
BBC,12/6/2022,3200,3250,3200,3250,0.15%,285,917000,0.001540832,0.001539646,3262.66,3316.7,3291.531742,3304.765227,66.3681592,-13.23348449,-4.949661749,85.52857143,3316.7,49.85005939,3416.400119,3216.999881,1544
BBC,12/7/2022,3190,3240,3190,3240,-0.31%,48,153620,-0.003076923,-0.003081667,3255.62,3307.4,3283.603782,3299.967802,51.38888889,-16.36402062,-7.232533523,82.74285714,3307.4,45.55051562,3398.501031,3216.298969,1496
BBC,12/11/2022,3195,3195,3150,3150,-2.78%,155,492063.2,-0.027777778,-0.028170877,3233.6,3298.9,3263.049354,3288.859076,47.51243781,-25.80972247,-10.94797131,84.39285714,3298.9,57.39665312,3413.693306,3184.106694,1341
BBC,12/12/2022,3130.1,3250,3130.1,3250,3.17%,106,339895,0.031746032,0.031252544,3227,3296.05,3261.041761,3285.980626,44.21296296,-24.93886527,-13.7461501,86.17142857,3296.05,58.3800119,3412.810024,3179.289976,1447
BBC,12/13/2022,3249,3269,3249,3269,0.58%,80,260160,0.005846154,0.005829131,3231.8,3294.3,3262.266105,3284.722802,43.83247275,-22.45669663,-15.48825941,80.45714286,3294.3,58.6531015,3411.606203,3176.993797,1527
BBC,12/14/2022,3210,3268,3210,3268,-0.03%,20,64780,-0.000305904,-0.000305951,3235.4,3292.5,3263.148243,3283.484076,37.01298701,-20.33583292,-16.45777411,75.53571429,3292.5,58.89166682,3410.283334,3174.716666,1507
BBC,12/15/2022,3268,3268,3259,3259,-0.28%,20,65270,-0.002753978,-0.002757777,3239.2,3288,3262.510052,3281.670441,44.28726877,-19.16038889,-16.99829707,67.97142857,3288,57.77512668,3403.550253,3172.449747,1487
BBC,12/18/2022,3194,3194,3100,3100,-4.88%,578,1806618.8,-0.048787972,-0.050018288,3229.2,3275.615,3237.508505,3268.213371,38.5583524,-30.70486564,-19.73961078,76.25714286,3275.615,69.63570073,3414.886401,3136.343599,909
BBC,12/19/2022,3162,3162,3090,3090,-0.32%,190,590917,-0.003225806,-0.003231021,3197.2,3262.865,3214.814889,3255.012381,32.79012346,-40.1974914,-23.8311869,73.11428571,3262.865,78.98063903,3420.826278,3104.903722,719
BBC,12/20/2022,3151,3151,3105,3105,0.49%,70,218670,0.004854369,0.004842624,3164.4,3255.615,3197.920291,3243.900352,32.8875681,-45.98006154,-28.26096183,71.75714286,3255.615,86.51908384,3428.653168,3082.576832,789
BBC,12/21/2022,3101,3200,3101,3126,0.68%,162,512700,0.006763285,0.006740517,3136,3245.215,3186.855631,3235.166993,32.40605173,-48.31136223,-32.27104191,73.48571429,3245.215,89.06476812,3423.344536,3067.085464,951
BBC,12/22/2022,3083,3130,3083,3090,-1.15%,347,1075732,-0.011516315,-0.011583141,3102.2,3229.715,3171.954764,3224.413882,15.44566545,-52.4591179,-36.30865711,72.77142857,3229.715,87.67356485,3405.06213,3054.36787,604
BBC,12/26/2022,3151,3244,3151,3244,4.98%,102,325940,0.049838188,0.048636045,3131,3227.565,3183.038647,3225.864706,16.74387823,-42.82605904,-37.6121375,77.34285714,3227.565,86.71686095,3400.998722,3054.131278,706
BBC,12/27/2022,3300,3330,3245,3308,1.97%,1014,3315553,0.01972873,0.019536641,3174.6,3226.465,3202.26347,3231.948802,15.53100061,-29.68533133,-36.02677626,77.56428571,3226.465,85.47979924,3397.424598,3055.505402,1720
BBC,12/28/2022,3330,3330,3200,3215,-2.81%,502,1615555,-0.028113664,-0.028516419,3196.6,3218.865,3204.222936,3230.693335,15.90628853,-26.47039844,-34.1155007,83.27857143,3218.865,78.82535175,3376.515704,3061.214296,1218
BBC,12/29/2022,3270,3345,3270,3298,2.58%,444,1461579,0.025816485,0.025488866,3231,3216.265,3218.650177,3235.679014,22.84325638,-17.0288368,-30.69816792,88.27857143,3216.265,75.03895322,3366.342906,3066.187094,1662
BBC,1/1/2023,3363.9,3363.9,3236,3236,-1.88%,195,646464,-0.018799272,-0.018978225,3260.2,3214.305,3221.319381,3235.702791,22.48803828,-14.38341002,-27.43521634,90.98571429,3214.305,73.92220288,3362.149406,3066.460594,1467
BBC,1/2/2023,3300,3349,3280,3330,2.90%,396,1307591,0.029048208,0.028634305,3277.4,3217.8,3238.039476,3242.687769,23.25293754,-4.648293193,-22.87783171,90.49285714,3217.8,77.75440417,3373.308808,3062.291192,1863
BBC,1/3/2023,3330,3513,3263.4,3366,1.08%,678,2293961,0.010810811,0.010752792,3289,3221.95,3257.72571,3251.822008,25.43916721,5.903701961,-17.12152498,106.8928571,3221.95,83.42565237,3388.801305,3055.098695,2541
BBC,1/4/2023,3430,3639.2,3400,3639.2,8.12%,1104,3849621,0.081164587,0.078038782,3373.84,3241.66,3316.414063,3280.516674,27.76988636,35.89738817,-6.517742346,122.1928571,3241.66,125.2436631,3492.147326,2991.172674,3645
BBC,1/5/2023,3710,3780,3459,3695,1.53%,750,2727255,0.01533304,0.015216677,3453.24,3263.91,3374.658053,3311.219143,18.75,63.43890998,7.473588119,144.4785714,3263.91,161.176575,3586.26315,2941.55685,4395
BBC,1/8/2023,3621.1,3740,3602,3630,-1.76%,832,3057692,-0.01759134,-0.017747906,3532.04,3283.41,3413.941429,3334.83254,18.49751949,79.10888963,21.80064842,142.9785714,3283.41,180.5583559,3644.526712,2922.293288,3563
BBC,1/9/2023,3699,3699.9,3572.1,3643,0.36%,665,2440093,0.003581267,0.00357487,3594.64,3308.06,3449.18121,3357.659759,21.13360324,91.52145044,35.74480883,146.9642857,3308.06,194.5006248,3697.06125,2919.05875,4228
BBC,1/10/2023,3712,3786,3500,3520,-3.38%,977,3569783,-0.033763382,-0.034346528,3625.44,3321.56,3460.076408,3369.684962,22.77486911,90.39144595,46.67413625,163.0357143,3321.56,199.5629393,3720.685879,2922.434121,3251
BBC,1/12/2023,3590.4,3662.2,3381,3450,-1.99%,685,2401328.2,-0.019886364,-0.020086759,3587.6,3330.61,3458.526191,3375.634224,26.85185185,82.89196726,53.91770245,176.05,3330.61,201.15171,3732.91342,2928.30658,2566
BBC,1/17/2023,3500,3520,3400,3520,2.03%,400,1378730,0.020289855,0.020086759,3552.6,3343.21,3467.9837,3386.327985,15.40178571,81.6557151,59.46530498,181.2642857,3343.21,204.8814237,3752.972847,2933.447153,2966
BBC,1/18/2023,3590,3590.4,3470,3470,-1.42%,505,1780024,-0.014204545,-0.014306396,3520.6,3353.76,3468.2939,3392.525912,15.75342466,75.76798802,62.72584159,178.8642857,3353.76,205.7476594,3765.255319,2942.264681,2461
BBC,1/19/2023,3500,3712,3500,3550,2.31%,730,2633895,0.023054755,0.02279301,3502,3376.26,3480.86407,3404.19066,18.03921569,76.67340996,65.51535526,190.0071429,3376.26,201.0892559,3778.438512,2974.081488,3191
BBC,1/23/2023,3520,3600,3488,3488.2,-1.74%,320,1130754,-0.017408451,-0.01756176,3495.64,3396.17,3481.992674,3410.413574,12.93774319,71.57910054,66.72810432,188.7214286,3396.17,190.6993365,3777.568673,3014.771327,2871
BBC,1/24/2023,3480,3520,3480,3486.2,-0.06%,205,716135,-0.000573362,-0.000573526,3502.88,3415.23,3482.639955,3416.027383,30.83462133,66.61257207,66.70499787,182.2928571,3415.23,178.7409566,3772.711913,3057.748087,2666
BBC,1/25/2023,3555.9,3555.9,3480,3491,0.14%,422,1473078.8,0.001376857,0.00137591,3497.08,3433.48,3483.926116,3421.58091,56.55737705,62.34520564,65.83303942,178.5785714,3433.48,165.8223704,3765.124741,3101.835259,3088
BBC,1/26/2023,3495,3497,3495,3495.1,0.12%,194,678100,0.001174449,0.001173759,3502.1,3453.735,3485.645175,3427.026769,54.93630573,58.61840623,64.39011278,170.9357143,3453.735,145.1056467,3743.946293,3163.523707,3282
BBC,1/29/2023,3431,3565,3431,3450,-1.29%,215,745730,-0.01290378,-0.012987757,3482.1,3464.035,3480.161302,3428.72849,64.97524752,51.43281233,61.79865269,162.6785714,3464.035,136.489966,3737.014932,3191.055068,3067
BBC,1/30/2023,3431,3480,3361,3370,-2.32%,575,1950969,-0.023188406,-0.023461487,3458.46,3467.135,3463.213409,3424.378231,72.71163111,38.83517822,57.2059578,151.6642857,3467.135,133.4292964,3733.993593,3200.276407,2492
BBC,1/31/2023,3436,3437,3370,3370,0.00%,416,1405700.4,0,0,3435.22,3474.885,3448.872885,3420.350214,79.30508991,28.52267083,51.4693004,133.5214286,3474.885,122.0280523,3718.941105,3230.828895,2492
BBC,2/1/2023,3435,3437,3310,3327,-1.28%,225,756036,-0.012759644,-0.012841747,3402.42,3476.335,3430.12321,3413.435383,69.27582535,16.68782691,44.5130057,132.7357143,3476.335,119.9705414,3716.276083,3236.393917,2267
BBC,2/2/2023,3389,3390,3250,3250,-2.31%,496,1629078.6,-0.023143974,-0.023416001,3353.4,3477.035,3402.411947,3401.329059,61.23793834,1.082888487,35.82698226,133.6071429,3477.035,118.5265916,3714.088183,3239.981817,1771
BBC,2/5/2023,3315,3340,3305,3305,1.69%,40,132650,0.016923077,0.016781477,3324.4,3475.785,3387.425494,3394.193573,52.88617886,-6.76807909,27.30796999,119.6071429,3475.785,120.2777499,3716.3405,3235.2295,1811
BBC,2/6/2023,3300,3300,3300,3300,-0.15%,20,66000,-0.001512859,-0.001514005,3310.4,3472.485,3373.975418,3387.216271,46.33190883,-13.24085336,19.19820532,99.87857143,3472.485,124.2869823,3721.058965,3223.911035,1791
BBC,2/7/2023,3366,3495,3366,3468,5.09%,185,641028,0.050909091,0.04965559,3330,3463.925,3388.440738,3393.200251,52.5052025,-4.759512927,14.40666167,105.2357143,3463.925,117.9336516,3699.792303,3228.057697,1976
BBC,2/8/2023,3520,3537,3404,3404,-1.85%,149,521415,-0.018454441,-0.018626848,3345.4,3449.375,3390.834471,3394.000232,56.79300292,-3.165761732,10.89217699,106.1357143,3449.375,105.1865204,3659.748041,3239.001959,1827
BBC,2/9/2023,3400,3460,3400,3460,1.65%,120,413285,0.016451234,0.016317378,3387.4,3440.875,3401.475321,3398.889104,60.1511879,2.586217259,9.230985044,93.13571429,3440.875,96.31701426,3633.509029,3248.240971,1947
BBC,2/12/2023,3395,3395,3330,3330,-3.76%,110,369434,-0.037572254,-0.038296285,3392.4,3425.225,3390.479118,3393.786207,64.91044581,-3.307089427,6.72337015,94.42142857,3425.225,86.69446577,3598.613932,3251.836068,1837
BBC,2/14/2023,3265,3330,3265,3301,-0.87%,242,798195,-0.008708709,-0.008746851,3392.6,3414.275,3376.7131,3386.913155,65.26915114,-10.20005518,3.338685083,96.20714286,3414.275,87.91568254,3590.106365,3238.443635,1595
BBC,2/15/2023,3253,3300,3253,3262,-1.18%,80,262413,-0.011814602,-0.011884949,3351.4,3404.875,3359.064931,3377.660329,64.27525622,-18.5953981,-1.048131553,94.21428571,3404.875,93.75173753,3592.378475,3217.371525,1515
BBC,2/16/2023,3266,3267,3242.1,3242.1,-0.61%,271,883875.2,-0.006100552,-0.006119236,3319.02,3390.98,3341.070326,3367.618823,67.01813038,-26.54849698,-6.148204639,95.56428571,3390.98,96.34884316,3583.677686,3198.282314,1244
BBC,2/20/2023,3220,3240,3220,3230,-0.37%,395,1276245,-0.003732149,-0.003739131,3273.02,3378.98,3323.982584,3357.424836,66.11624835,-33.44225255,-11.60701422,87.57142857,3378.98,100.8305749,3580.64115,3177.31885,849
BBC,2/22/2023,3284,3284,3229,3229,-0.03%,187,607747,-0.000309598,-0.000309645,3252.82,3362.93,3309.369878,3347.911885,65.09254219,-38.54200689,-16.99401276,83,3362.93,97.67384017,3558.27768,3167.58232,662
BBC,2/23/2023,3205,3269,3205,3230.1,0.03%,313,1012659.8,0.000340663,0.000340605,3238.64,3350.025,3297.174512,3339.185079,64.11081573,-42.01056648,-21.9973235,82.78571429,3350.025,97.30144628,3544.627893,3155.422107,975
BBC,2/26/2023,3201,3284.4,3201,3230,0.00%,251,811301,-3.10E-05,-3.10E-05,3232.24,3337.215,3286.839972,3331.097295,68.96447923,-44.25732323,-26.44932345,79.67142857,3337.215,95.27365171,3527.762303,3146.667697,724
BBC,2/27/2023,3230,3354,3230,3354,3.84%,170,557470,0.038390093,0.037671526,3254.62,3330.365,3297.172284,3332.793792,75.12707001,-35.62150789,-28.28376033,78.52857143,3330.365,88.30502325,3506.975047,3153.754953,894
BBC,2/28/2023,3309,3350,3307,3315,-1.16%,298,989177,-0.011627907,-0.01169604,3271.62,3321.36,3299.91501,3331.475733,84.10425844,-31.56072369,-28.93915301,75.45714286,3321.36,79.3507961,3480.061592,3162.658408,596
BBC,3/1/2023,3270,3350,3248.7,3255,-1.81%,463,1513706.1,-0.018099548,-0.018265348,3276.82,3311.61,3293.005008,3325.810864,95.45833333,-32.80585604,-29.71249361,82.33571429,3311.61,74.54725735,3460.704515,3162.515485,133
BBC,3/2/2023,3250,3260,3206,3206,-1.51%,121,392941,-0.015053763,-0.015168221,3272,3303.41,3279.619622,3316.935985,94.83412322,-37.31636308,-31.2332675,72.26428571,3303.41,76.77302775,3456.956055,3149.863945,12
BBC,3/5/2023,3242,3242,3130,3165,-1.28%,651,2070968,-0.012788522,-0.012870999,3259,3293.16,3261.985834,3305.681468,91.63734777,-43.69563368,-33.72574074,70.76428571,3293.16,80.98398412,3455.127968,3131.192032,-639
BBC,3/7/2023,3200,3300,3200,3300,4.27%,90,292390,0.042654028,0.041769413,3248.2,3291.81,3267.834167,3305.260618,88.86792453,-37.42645101,-34.46588279,76.12142857,3291.81,80.61438359,3453.038767,3130.581233,-549
BBC,3/9/2023,3308,3308,3299.8,3300,0.00%,71,234537,0,0,3245.2,3294.31,3272.782757,3304.870943,82.75,-32.08818594,-33.99034342,67.42142857,3294.31,80.02266061,3454.355321,3134.264679,-549
BBC,3/12/2023,3301,3301,3241,3300,0.00%,190,623149.1,0,0,3254.2,3294.06,3276.970025,3304.510132,80.81048868,-27.5401072,-32.70029618,67.06428571,3294.06,79.9953117,3454.050623,3134.069377,-549
BBC,3/13/2023,3290,3295,3254,3295,-0.15%,45,147610,-0.001515152,-0.001516301,3272,3293.81,3279.743867,3303.805678,79.67171717,-24.06181067,-30.97259908,66.92142857,3293.81,79.98358318,3453.777166,3133.842834,-594
BBC,3/14/2023,3300,3348,3290,3300,0.15%,265,875260,0.001517451,0.001516301,3299,3285.41,3282.860196,3303.523776,76.36986301,-20.66358051,-28.91079536,69.28571429,3285.41,68.76162409,3422.933248,3147.886752,-329
BBC,3/15/2023,3364,3364,3249,3255,-1.36%,320,1051548,-0.013636364,-0.013730193,3290,3277.96,3278.574012,3299.929422,71.10199297,-21.35541066,-27.39971842,75.92142857,3277.96,63.07313549,3404.106271,3151.813729,-649
BBC,3/16/2023,3320,3320,3261,3261,0.18%,141,466469,0.001843318,0.001841621,3282.2,3268.01,3275.870318,3297.045761,64.86101212,-21.17544384,-26.15486351,76.63571429,3268.01,46.31426858,3360.638537,3175.381463,-508
BBC,3/19/2023,3211,3326,3205,3326,1.99%,100,322630,0.019932536,0.019736484,3287.4,3267.81,3283.582576,3299.19052,55.33807829,-15.60794342,-24.04547949,80.70714286,3267.81,46.040313,3359.890626,3175.729374,-408
BBC,3/20/2023,3275,3380,3275,3328,0.06%,345,1146511,0.000601323,0.000601142,3294,3269.16,3290.416026,3301.324555,55.14184397,-10.9085292,-21.41808943,82.25,3269.16,47.43932857,3364.038657,3174.281343,-63
BBC,3/22/2023,3282,3319,3280,3319,-0.27%,45,148010,-0.002704327,-0.00270799,3297.8,3272.01,3294.813561,3302.633848,58.37988827,-7.820286957,-18.69852894,76.82142857,3272.01,48.68243928,3369.374879,3174.645121,-108
BBC,3/23/2023,3255,3320,3255,3318.8,-0.01%,149,487883,-6.03E-05,-6.03E-05,3310.56,3275.845,3298.503782,3303.83134,60.42632067,-5.327558284,-16.02433481,78.10714286,3275.845,49.22032609,3374.285652,3177.404348,-257
BBC,3/26/2023,3253.3,3311,3253.3,3311,-0.24%,30,98494,-0.002350247,-0.002353013,3320.56,3279.895,3300.426277,3304.362352,61.74242424,-3.936075041,-13.60668285,75.55,3279.895,48.57778868,3377.050577,3182.739423,-287
BBC,3/27/2023,3251,3251,3245,3250,-1.84%,191,620506,-0.018423437,-0.018595262,3305.36,3280.945,3292.668388,3300.335511,58.26446281,-7.667122928,-12.41877087,76.40714286,3280.945,47.63766174,3376.220323,3185.669677,-478
BBC,3/28/2023,3250,3288,3225.1,3265,0.46%,370,1199090,0.004615385,0.004604766,3292.76,3282.69,3288.411713,3297.718066,70.10506208,-9.306352776,-11.79628725,72.9,3282.69,46.29750363,3375.285007,3190.094993,-108
BBC,3/29/2023,3230,3230,3215,3215,-1.53%,70,225500,-0.015313936,-0.015432405,3271.96,3281.94,3277.117603,3291.590802,72.67326733,-14.47319835,-12.33166947,66.82857143,3281.94,47.30648559,3376.552971,3187.327029,-178
BBC,3/30/2023,3250,3250,3098,3098,-3.64%,420,1326108,-0.036391913,-0.037070616,3227.8,3269.14,3249.561049,3277.250742,85.45994065,-27.68969334,-15.40327424,77.1,3269.14,59.77354106,3388.687082,3149.592918,-598
BBC,4/2/2023,3098,3230,3050,3122,0.77%,90,284260,0.007746934,0.00771708,3190,3259.49,3229.936272,3265.750687,78.35051546,-35.81441513,-19.48550242,85.67142857,3259.49,67.10919539,3393.708391,3125.271609,-508
BBC,4/3/2023,3122,3200,3122,3200,2.50%,205,652265.5,0.024983985,0.024676988,3180,3256.74,3225.330692,3260.880266,70.56074766,-35.54957419,-22.69831677,87.95714286,3256.74,68.41702158,3393.574043,3119.905957,-303
BBC,4/4/2023,3141.1,3190,3141.1,3150.1,-1.56%,50,158213,-0.01559375,-0.015716611,3157.02,3253.945,3213.756739,3252.674321,54.32432432,-38.91758116,-25.94216965,88.02142857,3253.945,71.66375782,3397.272516,3110.617484,-353
BBC,4/5/2023,3190,3190,3110,3190,1.27%,267,834542,0.012666265,0.012586718,3152.02,3255.195,3210.101856,3248.031778,54.32432432,-37.92992188,-28.3397201,85.52142857,3255.195,70.23445305,3395.663906,3114.726094,-86
BBC,4/6/2023,3135,3135,3130,3130,-1.88%,85,266135,-0.018808777,-0.018987912,3158.42,3246.695,3197.778494,3239.288684,50.06435006,-41.51018971,-30.97381402,85.16428571,3246.695,74.67331994,3396.04164,3097.34836,-171
BBC,4/9/2023,3100,3100,3090,3090,-1.28%,115,356250,-0.012779553,-0.012861914,3152.02,3236.195,3181.197187,3228.230263,56.1849711,-47.03307545,-34.18566631,79.37857143,3236.195,81.25751447,3398.710029,3073.679971,-286
BBC,4/10/2023,3150,3151,3091,3091,0.03%,481,1488791,0.000323625,0.000323572,3130.22,3225.745,3167.320697,3218.065058,63.89189189,-50.74436114,-37.49740527,76.23571429,3225.745,85.92510493,3397.59521,3053.89479,195
BBC,4/11/2023,3150.1,3152.7,3150.1,3152.7,2.00%,20,63028,0.019961178,0.019764565,3130.74,3218.63,3165.071359,3213.223202,54.6641791,-48.15184297,-39.62829281,77.21428571,3218.63,85.78007436,3390.190149,3047.069851,215
BBC,4/12/2023,3200,3298.9,3200,3298.9,4.64%,167,541993,0.04637295,0.045329851,3152.52,3218.575,3185.660381,3219.569631,49.21052632,-33.90925074,-38.4844844,83.01428571,3218.575,85.72549136,3390.025983,3047.124017,382
BBC,4/13/2023,3300,3300,3233,3233,-2.00%,425,1380965,-0.019976356,-0.020178581,3173.12,3217.475,3192.943399,3220.564473,52.33208955,-27.62107449,-36.31180242,83.12142857,3217.475,85.37392598,3388.222852,3046.727148,-43
BBC,4/16/2023,3200,3225,3200,3225,-0.25%,60,192600,-0.002474482,-0.002477548,3200.12,3215.675,3197.875184,3220.893031,47.45908699,-23.01784723,-33.65301138,80.76428571,3215.675,84.7854374,3385.245875,3046.104125,-103
BBC,4/18/2023,3200,3200,3170.9,3170.9,-1.68%,45,143563.5,-0.016775194,-0.016917491,3216.1,3207.92,3193.725155,3217.189843,38.50806452,-23.46468802,-31.61534671,80.13571429,3207.92,81.17986268,3370.279725,3045.560275,-148
BBC,4/19/2023,3170.9,3170.9,3170,3170,-0.03%,20,63409,-0.000283831,-0.000283871,3219.56,3200.02,3190.075132,3213.694299,38.74239351,-23.61916797,-30.01611096,76.62857143,3200.02,76.42807145,3352.876143,3047.163857,-168
BBC,4/20/2023,3170,3170,3150,3150,-0.63%,100,316330,-0.006309148,-0.006329135,3189.78,3191.57,3183.909727,3208.976203,32.58928571,-25.06647656,-29.02618408,67.2,3191.57,71.78236919,3335.134738,3048.005262,-268
BBC,4/23/2023,3100,3120,3092,3120,-0.95%,185,573593,-0.00952381,-0.009569451,3167.18,3181.63,3174.077461,3202.385373,29.37625755,-28.30791234,-28.88252973,58.48571429,3181.63,66.83057211,3315.291144,3047.968856,-453
BBC,4/24/2023,3160,3160,3100,3111,-0.29%,167,520810.3,-0.002884615,-0.002888784,3144.38,3171.63,3164.373236,3195.616086,21.54255319,-31.24285019,-29.35459382,57.2,3171.63,61.17798968,3293.985979,3049.274021,-620
BBC,4/25/2023,3110,3131,3105,3120,0.29%,190,591511,0.00289296,0.002888784,3134.2,3165.13,3157.546585,3190.014895,41.91002368,-32.46831034,-29.97733713,54.85,3165.13,59.29009059,3283.710181,3046.549819,-430
BBC,4/26/2023,3107,3107,3100,3100,-0.64%,100,310460,-0.006410256,-0.00643089,3120.2,3156.88,3148.693264,3183.347125,34.21391753,-34.65386104,-30.91264191,50.56428571,3156.88,56.05337306,3268.986746,3044.773254,-530
BBC,4/27/2023,3100,3100,3100,3100,0.00%,50,155000,0,0,3110.2,3151.13,3141.201992,3177.173264,30.49971281,-35.9712713,-31.92436779,46.27857143,3151.13,55.67470464,3262.479409,3039.780591,-530
BBC,4/30/2023,3100,3150,3100,3100,0.00%,150,466000,0,0,3106.2,3151.23,3134.863224,3171.456726,38.10741688,-36.59350132,-32.85819449,46.99285714,3151.23,55.57596129,3262.381923,3040.078077,-530
BBC,5/2/2023,3080.9,3100.1,3080,3100,0.00%,120,370981,0,0,3104,3150.13,3129.499651,3166.163635,32.45436105,-36.66398351,-33.6193523,44.07142857,3150.13,56.39661337,3262.923227,3037.336773,-530
BBC,5/3/2023,3099,3099,3085,3085,-0.48%,44,136118,-0.00483871,-0.004850454,3097,3144.38,3122.653551,3160.151514,29.35779817,-37.49796262,-34.39507436,40.73571429,3144.38,56.90464415,3258.189288,3030.570712,-574
BBC,5/4/2023,3091,3091,3085,3085,0.00%,100,308663,0,0,3094,3141.125,3116.860697,3154.584735,25.73381584,-37.72403785,-35.06086706,30.72142857,3141.125,58.40241411,3257.929828,3024.320172,-574
BBC,5/7/2023,3086.1,3086.1,3085,3085,0.00%,110,339361,0,0,3091,3135.875,3111.959051,3149.43031,27.27272727,-37.47125875,-35.5429454,26.01428571,3135.875,58.49696236,3252.868925,3018.881075,-574
BBC,5/8/2023,3100,3109,3050,3109,0.78%,370,1145990,0.007779579,0.007749474,3092.8,3134.825,3111.503813,3146.435472,37.59856631,-34.93165964,-35.42068825,27.87142857,3134.825,58.79567541,3252.416351,3017.233649,-204
BBC,5/9/2023,3080.1,3080.1,3080.1,3080.1,-0.93%,10,30801,-0.009295593,-0.009339067,3088.82,3134.33,3106.672457,3141.521734,44.09120103,-34.84927675,-35.30640595,26.07142857,3134.33,59.23296646,3252.795933,3015.864067,-214
BBC,5/11/2023,3080,3080,3070,3070,-0.33%,20,61500,-0.003279114,-0.003284502,3085.82,3133.28,3101.03054,3136.223828,44.75857687,-35.19328701,-35.28378216,26.72857143,3133.28,60.21940236,3253.718805,3012.841195,-234
BBC,5/14/2023,3130,3130,3060,3070,0.00%,121,371135,0,0,3082.82,3129.145,3096.256611,3131.318359,42.68787028,-35.06174761,-35.23937525,30.3,3129.145,61.63833799,3252.421676,3005.868324,-234
BBC,5/15/2023,3050.2,3050.2,3050.2,3050.2,-0.01%,20,61004,-0.006449511,-0.006470399,3075.86,3116.71,3089.170979,3125.309591,49.59928762,-36.13861278,-35.41922276,27.57142857,3116.71,49.47587291,3215.661746,3017.758254,-254
BBC,5/16/2023,3095,3100,3095,3100,1.63%,50,154950,0.016326798,0.016194949,3074.06,3110.06,3090.836982,3123.434807,56.22652413,-32.59782495,-34.8549432,26.84285714,3110.06,41.28258713,3192.625174,3027.494826,-204
BBC,5/18/2023,3062,3200,3062,3160.1,1.94%,395,1255100,0.019387097,0.019201561,3090.06,3106.815,3101.492831,3126.150747,55.74057844,-24.65791625,-32.81553781,34.84285714,3106.815,33.6099809,3174.034962,3039.595038,191
BBC,5/21/2023,3200,3250,3200,3250,2.84%,130,419079,0.028448467,0.028051324,3126.06,3110.77,3124.340088,3135.324766,63.63636364,-10.9846782,-28.44936589,39.83571429,3110.77,44.45293312,3199.675866,3021.864134,321
BBC,5/22/2023,3200,3200,3200,3200,-1.54%,50,160000,-0.015384615,-0.015504187,3152.06,3112.27,3135.980074,3140.115524,66.18102914,-4.135449772,-23.58658266,43.40714286,3112.27,46.99048168,3206.250963,3018.289037,271
BBC,5/23/2023,3264,3310,3264,3300,3.13%,130,428530,0.03125,0.030771659,3202.02,3119.77,3161.213909,3151.958818,62.42299795,9.255090446,-17.01824804,47.69285714,3119.77,62.68047711,3245.130954,2994.409046,401
BBC,5/24/2023,3300,3347.5,3263,3347.5,1.44%,190,623443,0.014393939,0.01429133,3251.52,3131.145,3189.873308,3166.44335,65.58533145,23.42995711,-8.928607011,52.29285714,3131.145,80.75990716,3292.664814,2969.625186,591
BBC,5/28/2023,3393.9,3395,3300,3300,-1.42%,1223,4105022,-0.014189694,-0.01429133,3279.5,3140.595,3206.815876,3176.336436,69.01669759,30.47944002,-1.046997604,58.00714286,3140.595,88.92374897,3318.442498,2962.747502,-632
BBC,5/30/2023,3240,3250,3220,3220,-2.42%,110,356390,-0.024242424,-0.024541109,3273.5,3145.595,3208.844202,3179.570774,82.7995255,29.27342875,5.017087666,63.29285714,3145.595,90.50217488,3326.59935,2964.59065,-742
BBC,5/31/2023,3162,3162,3120,3160,-1.86%,275,867672,-0.01863354,-0.018809332,3265.5,3148.595,3201.32971,3178.121087,83.83500557,23.208623,8.655394733,70.35714286,3148.595,89.90369979,3328.4024,2968.7876,-1017
BBC,6/1/2023,3223.2,3223.2,3161.1,3162,0.06%,40,127074,0.000632911,0.000632711,3237.9,3151.695,3195.278985,3176.926932,82.77227723,18.352053,10.59472639,70.65714286,3151.695,89.20610361,3330.107207,2973.282793,-977
BBC,6/4/2023,3225,3339,3212,3300,4.36%,190,625140,0.043643264,0.04271773,3228.4,3161.695,3211.389911,3186.043456,81.69191919,25.34645481,13.54507207,81.23571429,3161.695,94.17756172,3350.050123,2973.339877,-787
BBC,6/5/2023,3300,3364,3237,3237,-1.91%,360,1179212,-0.019090909,-0.019275494,3215.8,3168.545,3215.329924,3189.818015,81.81438127,25.51190974,15.93843961,89.58571429,3168.545,94.43599044,3357.416981,2979.673019,-1147
BBC,6/6/2023,3242.3,3305,3240,3250,0.40%,305,998187,0.004016064,0.004008021,3221.8,3176.795,3220.663782,3194.275939,85.55460017,26.38784269,18.02832022,89.44285714,3176.795,93.95936118,3364.713722,2988.876278,-842
BBC,6/7/2023,3314.7,3315,3250,3309,1.82%,470,1535775,0.018153846,0.017991033,3251.6,3187.995,3234.253969,3202.774018,83.58573522,31.4799515,20.71864648,92.67142857,3187.995,95.77438112,3379.543762,2996.446238,-372
BBC,6/8/2023,3310,3470,3310,3448,4.20%,1210,4094919.2,0.042006649,0.041148324,3308.8,3206.145,3267.137974,3220.938906,80,46.19906864,25.81473091,100.6142857,3206.145,108.7459835,3423.636967,2988.653033,838
BBC,6/11/2023,3515,3519,3404,3497,1.42%,620,2150695,0.014211137,0.014111105,3348.2,3225.545,3302.501363,3241.387875,77.27848101,61.11348727,32.87448218,98.97142857,3225.545,124.0374242,3473.619848,2977.470152,1458
BBC,6/12/2023,3520,3539,3342,3400,-2.77%,459,1560886,-0.027738061,-0.028130026,3380.8,3241.54,3317.501153,3253.136922,72.39621267,64.36423135,39.17243201,106.6214286,3241.54,124.9176293,3491.375259,2991.704741,999
BBC,6/13/2023,3460,3600,3460,3595,5.74%,977,3494355,0.057352941,0.05576856,3449.8,3267.79,3360.193283,3278.460113,78.32939322,81.73317066,47.68457974,117.3357143,3267.79,141.0879938,3549.965988,2985.614012,1976
BBC,6/14/2023,3664,3666.9,3506,3550,-1.25%,926,3335228,-0.012517385,-0.012596388,3498,3291.79,3389.394317,3298.574178,77.77777778,90.82013826,56.31169145,120.9714286,3291.79,146.3974795,3584.584959,2998.995041,1050
BBC,6/15/2023,3560,3560,3485,3500,-1.41%,519,1817242,-0.014084507,-0.014184635,3508.4,3314.28,3406.410576,3313.49461,77.17041801,92.915966,63.63254636,120.2928571,3314.28,141.8082271,3597.896454,3030.663546,531
BBC,6/18/2023,3500,3570,3437,3452,-1.37%,540,1873798,-0.013714286,-0.013809195,3499.4,3331.88,3413.424333,3323.754268,93.71980676,89.67006505,68.8400501,123.0071429,3331.88,135.518026,3602.916052,3060.843948,-9
BBC,6/19/2023,3521,3591,3453,3520,1.97%,205,718543,0.019698725,0.019507216,3523.4,3349.875,3429.82059,3338.290989,88.56799037,91.52960059,73.3779602,127.2214286,3349.875,135.4023123,3620.679625,3079.070375,196
BBC,6/20/2023,3589,3589,3430,3539.9,0.57%,440,1539911,0.005653409,0.005637489,3512.38,3364.37,3446.755884,3353.22499,80.98918083,93.53089368,77.40854689,131.4357143,3364.37,139.5998647,3643.569729,3085.170271,636
BBC,6/21/2023,3599,3599,3458,3460,-2.26%,260,904217,-0.022571259,-0.022829889,3494.38,3377.37,3448.79344,3361.13425,76.34615385,87.65919004,79.45867552,136.9928571,3377.37,135.5344046,3648.438809,3106.301191,376
BBC,6/22/2023,3510,3510,3406,3471,0.32%,336,1158903,0.003179191,0.003174148,3488.58,3385.92,3452.209834,3369.272454,67.46031746,82.93738019,80.15441646,131.7785714,3385.92,135.79015,3657.5003,3114.3397,712
BBC,6/25/2023,3539,3550,3421,3550,2.28%,785,2755946.7,0.022760012,0.022504867,3508.18,3396.045,3467.254475,3382.659679,65.54621849,84.59479548,81.04249226,131.9214286,3396.045,140.2509348,3676.54687,3115.54313,1497
BBC,6/26/2023,3597,3598,3523,3535,-0.42%,515,1823517,-0.004225352,-0.004234304,3511.18,3407.795,3477.676863,3393.944147,56.46067416,83.73271578,81.58053696,132.4214286,3407.795,141.6182358,3691.031472,3124.558528,982
BBC,6/27/2023,3578,3605.7,3578,3600,1.84%,857,3083459,0.018387553,0.018220546,3523.2,3426.795,3496.495807,3409.207544,53.45345345,87.28826341,82.72208225,132.8285714,3426.795,140.5842264,3707.963453,3145.626547,1839
BBC,6/28/2023,3528,3560,3480,3550,-1.39%,409,1438530,-0.013888889,-0.013986242,3541.2,3446.295,3504.727222,3419.636615,59.87841945,85.09060684,83.19578717,129.9,3446.295,128.1260624,3702.547125,3190.042875,1430
BBC,7/2/2023,3481,3500,3422,3430,-3.38%,161,560050,-0.033802817,-0.034387342,3533,3459.695,3493.230726,3420.404273,54.72972973,72.82645304,81.12192035,130.8285714,3459.695,109.4868772,3678.668754,3240.721246,1269
BBC,7/3/2023,3400,3468,3340,3467,1.08%,240,814578,0.010787172,0.010729406,3516.4,3468.045,3489.19523,3423.855808,54.18060201,65.3394214,77.96542056,125.9,3468.045,102.8326616,3673.710323,3262.379677,1509
BBC,7/4/2023,3401,3467,3401,3450,-0.49%,69,237073,-0.004903375,-0.004915436,3499.4,3478.695,3483.165194,3425.792415,54.36241611,57.37277927,73.8468923,116.3285714,3478.695,87.53704464,3653.769089,3303.620911,1440
BBC,7/5/2023,3442,3442,3347,3409.7,-1.17%,204,686961,-0.011681159,-0.01174992,3461.34,3486.68,3471.862857,3424.600384,52.5974026,47.26247242,68.53000832,112.1928571,3486.68,71.36844799,3629.416896,3343.943104,1236
BBC,7/6/2023,3409,3459,3352,3455,1.33%,177,608166,0.013285626,0.013198146,3442.34,3493.98,3469.268571,3426.852208,45.71428571,42.41636339,63.30727934,114.4785714,3493.98,58.55419981,3611.0884,3376.8716,1413
BBC,7/9/2023,3519,3519,3450,3488.9,0.98%,135,467373,0.009811867,0.009764043,3454.12,3496.025,3472.288791,3431.44834,43.85964912,40.84045046,58.81391356,109.9071429,3496.025,57.56977346,3611.164547,3380.885453,1548
BBC,7/10/2023,3460,3474.9,3391,3474.9,-0.40%,380,1299940,-0.004012726,-0.004020799,3455.7,3494.92,3472.690515,3434.666982,56.68449198,38.02353348,54.65583754,106.9714286,3494.92,57.76184864,3610.443697,3379.396303,1168
BBC,7/11/2023,3475,3488,3408,3408,-1.93%,450,1560210,-0.019252353,-0.019440093,3447.3,3495.32,3462.738128,3432.69165,64.26666667,30.04647849,49.73396573,101.3285714,3495.32,57.09376959,3609.507539,3381.132461,718
BBC,7/12/2023,3341,3475.1,3341,3470,1.82%,230,785352,0.018192488,0.018028985,3459.36,3489.07,3463.855339,3435.455231,53.35365854,28.40010802,45.46719419,100.8357143,3489.07,52.24336876,3593.556738,3384.583262,948
BBC,7/13/2023,3460,3465,3410,3410.1,-1.73%,105,359771.5,-0.017262248,-0.017412978,3450.38,3482.075,3455.585287,3433.577066,41.10787172,22.00822109,40.77539957,97.69285714,3482.075,53.01599436,3588.106989,3376.043011,843
BBC,7/16/2023,3478.3,3478.3,3355,3430,0.58%,100,341577,0.005835606,0.005818645,3438.6,3478.575,3451.649089,3433.312098,41.44927536,18.33699091,36.28771784,97.28571429,3478.575,54.0704791,3586.715958,3370.434042,943
BBC,7/17/2023,3455,3487,3380,3449,0.55%,380,1311649,0.005539359,0.005524073,3433.42,3478.425,3451.241537,3434.474165,57.28643216,16.76737194,32.38364866,99.57142857,3478.425,54.152182,3586.729364,3370.120636,1323
BBC,7/18/2023,3516,3516,3410.1,3480,0.90%,379,1309056.5,0.008988112,0.00894796,3447.82,3476.425,3455.665916,3437.846449,57.28643216,17.81946679,29.47081229,102.0857143,3476.425,53.26730878,3582.959618,3369.890382,1702
BBC,7/19/2023,3480,3750,3480,3729,7.16%,2505,9108986.9,0.071551724,0.069107807,3499.62,3485.88,3497.717313,3459.413379,51.2254902,38.30393465,31.23743676,112.8,3485.88,76.73873379,3639.357468,3332.402532,4207
BBC,7/20/2023,3700,4101.9,3680,4101.9,10.00%,3432,13673019.5,0.1,0.09531018,3637.98,3517.975,3590.668496,3507.00498,52.64423077,83.66351562,41.72265253,133.7928571,3517.975,157.2957184,3832.566437,3203.383563,7639
BBC,7/23/2023,4183.9,4512,4180,4468,8.93%,3296,14484673,0.089251323,0.0854906,3845.58,3567.825,3725.642574,3578.189797,55.72519084,147.4527769,62.8686774,153.9428571,3567.825,263.6522148,4095.12943,3040.52057,10935
BBC,7/24/2023,4380,4539,4131,4230,-5.33%,1012,4366766,-0.053267681,-0.054738888,4001.78,3601.825,3803.236024,3626.472034,55.72519084,176.7639898,85.64773989,178.3714286,3601.825,302.2525362,4206.330072,2997.319928,9923
BBC,7/25/2023,4199,4200,4070,4082,-3.50%,846,3485939,-0.03498818,-0.035614929,4122.18,3629.175,3846.122789,3660.214846,63.81418093,185.9079431,105.6997805,182.4428571,3629.175,320.1083137,4269.391627,2988.958373,9077
BBC,7/26/2023,4012,4290,4007,4189,2.62%,727,3034326,0.026212641,0.025874978,4214.18,3658.625,3898.873129,3699.384117,60.98130841,199.4890126,124.4576269,195.0142857,3658.625,343.520789,4345.666578,2971.583422,9804
BBC,7/27/2023,4121,4188,4023.9,4099,-2.15%,664,2714125,-0.021484841,-0.021719,4213.6,3686.075,3929.661879,3728.985293,63.08724832,200.6765853,139.7014186,201.8785714,3686.075,356.0887543,4398.252509,2973.897491,9140
BBC,7/30/2023,4055,4055,3866,3949,-3.66%,760,2998461.5,-0.036594291,-0.037280659,4109.8,3712.025,3932.636974,3745.282679,53.01204819,187.3542952,149.2319939,211.5285714,3712.025,355.3554127,4422.735825,3001.314175,8380
BBC,7/31/2023,4027,4090,3961,4062,2.86%,840,3394485,0.028614839,0.028213081,4076.2,3741.775,3952.538978,3768.743221,49.6124031,183.7957569,156.1447465,215.8857143,3741.775,358.6536166,4459.082233,3024.467767,9220
BBC,8/1/2023,4142,4185,3980,4019,-1.06%,525,2149937,-0.010585918,-0.010642348,4063.6,3770.225,3962.763751,3787.280761,61.14790287,175.4829903,160.0123953,220.95,3770.225,356.8538635,4483.932727,3056.517273,8695
BBC,8/2/2023,3950,4100,3942,4048.9,0.74%,556,2233599.4,0.007439662,0.007412124,4035.58,3802.185,3976.015481,3806.659963,71.33182844,169.355518,161.8810198,227.95,3802.185,351.4482492,4505.081498,3099.288502,9251
BBC,8/3/2023,4100,4100,4025,4049,0.00%,555,2247175,2.47E-05,2.47E-05,4025.58,3831.885,3987.243869,3824.611077,69.02439024,162.6327917,162.0313742,224.5,3831.885,345.6146307,4523.114261,3140.655739,9806
BBC,8/6/2023,4049,4129.9,3927,3927,-3.01%,525,2095362,-0.030130897,-0.030594161,4021.18,3853.79,3977.975581,3832.195442,58.92857143,145.7801395,158.7811273,231.35,3853.79,336.4952145,4526.780429,3180.799571,9281
BBC,8/7/2023,3990,4000,3890,3964.9,0.97%,664,2613727,0.009651133,0.009604858,4001.76,3878.29,3975.963954,3842.025409,59.0504451,133.9385443,153.8126107,231.6428571,3878.29,325.1019563,4528.493913,3228.086087,9945
BBC,8/8/2023,4034,4034,3827.1,3899.9,-1.64%,285,1116570,-0.016393856,-0.016529722,3977.94,3902.885,3964.261807,3846.312416,59.75975976,117.9493909,146.6399667,227.1357143,3902.885,305.6770213,4514.239043,3291.530957,9660
BBC,8/9/2023,3850,3930,3850,3930,0.77%,365,1417650.5,0.007718147,0.007688514,3954.16,3925.885,3958.99076,3852.511496,57.62195122,106.4792634,138.6078261,202.7142857,3925.885,288.1973178,4502.279636,3349.490364,10025
BBC,8/10/2023,4000,4085.7,4000,4085.7,3.96%,341,1381980,0.039618321,0.038853646,3961.5,3959.665,3978.484489,3869.784719,58.99705015,108.6997702,132.6262149,184.5428571,3959.665,263.0570366,4485.779073,3433.550927,10366
BBC,8/13/2023,4070,4100,3956,4047,-0.95%,295,1192660,-0.009472061,-0.009517206,3985.5,3990.515,3989.025337,3882.911777,61.93181818,106.1135602,127.3236839,165.6857143,3990.515,232.0196255,4454.554251,3526.475749,10071
BBC,8/14/2023,4050,4050,3955,3955,-2.27%,210,835880,-0.022732889,-0.022995265,3983.52,4015.815,3983.79067,3888.251645,51.91740413,95.53902458,120.9667521,161.0428571,4015.815,194.401923,4404.618846,3627.011154,9861
BBC,8/15/2023,3880,3930,3840,3875,-2.02%,427,1659344,-0.02022756,-0.020434938,3978.54,4035.565,3967.053643,3887.270042,63.76811594,79.78360182,112.730122,149.0428571,4035.565,152.6916303,4340.948261,3730.181739,9434
BBC,8/16/2023,3800,3850,3750,3750,-3.23%,505,1915167,-0.032258065,-0.032789823,3942.54,4036.615,3933.660775,3877.10189,54.38596491,56.55888483,101.4958746,146.1785714,4036.615,150.5294455,4337.673891,3735.556109,8929
BBC,8/17/2023,3825,3978,3765,3930,4.80%,481,1878398,0.048,0.046883586,3911.4,4028.02,3933.097579,3881.020269,54.38596491,52.07731015,91.61216169,145.8214286,4028.02,151.5099983,4331.039997,3725.000003,9410
BBC,8/20/2023,4008,4008,3852,3888,-1.07%,196,771436.4,-0.010687023,-0.010744539,3879.6,3999.02,3926.15949,3881.537286,55.78231293,44.62220394,82.21417014,146.8928571,3999.02,113.6368899,4226.29378,3771.74622,9214
BBC,8/21/2023,3830,3915,3800,3800,-2.26%,388,1484149,-0.022633745,-0.02289382,3848.6,3977.52,3906.750338,3875.497487,39.81481481,31.25285061,72.02190624,140.4642857,3977.52,108.1825241,4193.885048,3761.154952,8826
BBC,8/22/2023,3876,3930,3799,3930,3.42%,289,1106520,0.034210526,0.033638359,3859.6,3969.92,3910.327209,3879.53471,22.59615385,30.79249855,63.7760247,138.5357143,3969.92,105.7685139,4181.457028,3758.382972,9115
BBC,8/23/2023,3975,3975,3852,3975,1.15%,370,1454500,0.011450382,0.011385322,3904.6,3959.22,3920.276869,3886.606213,32.63598326,33.67065579,57.75495092,141.9642857,3959.22,92.42138964,4144.062779,3774.377221,9485
BBC,8/24/2023,4019.9,4019.9,3875,3929,-1.16%,424,1657607,-0.011572327,-0.011639808,3904.4,3950.72,3921.618889,3889.746494,30,31.87239544,52.57843982,137.8214286,3950.72,86.51813074,4123.756261,3777.683739,9061
BBC,8/27/2023,3900,3900,3801,3898,-0.79%,125,480330,-0.007890048,-0.007921339,3906.4,3948.17,3917.985214,3890.357865,37.02422145,27.62734936,47.58822173,139.1071429,3948.17,87.31936,4122.80872,3773.53128,8936
BBC,8/28/2023,3970,3970,3820.1,3891,-0.18%,280,1078421,-0.001795793,-0.001797407,3924.6,3939.62,3913.833643,3890.40543,45.48611111,23.4282124,42.75621986,135.0357143,3939.62,83.89148128,4107.402963,3771.837037,8656
BBC,8/29/2023,3821,3900,3813.2,3900,0.23%,60,229784,0.00231303,0.002310359,3918.6,3933.67,3911.70539,3891.116139,43.37748344,20.58925082,38.32282606,135.5214286,3933.67,82.16746123,4098.004922,3769.335078,8716
BBC,8/30/2023,3850,3909.7,3800,3909,0.23%,150,581596,0.002307692,0.002305034,3905.4,3926.675,3911.289176,3892.440869,34.18803419,18.84830656,34.42792216,132.2357143,3926.675,77.67354,4082.02208,3771.32792,8866
BBC,9/3/2023,3850,3850,3750,3825,-2.15%,220,829478,-0.021488872,-0.02172312,3884.6,3915.475,3898.013918,3887.445249,36.71232877,10.56866867,29.65607146,133.3071429,3915.475,75.21757826,4065.910157,3765.039843,8646
BBC,9/4/2023,3900,3901,3749,3823.9,-0.03%,160,607487,-0.000287582,-0.000287623,3869.78,3910.32,3886.611777,3882.738194,36.41304348,3.873582933,24.49957375,137.3785714,3910.32,77.87225437,4066.064509,3754.575491,8486
BBC,9/5/2023,3823,3823,3711,3723,-2.64%,186,696743,-0.026386673,-0.026741049,3836.18,3898.225,3861.440734,3870.905735,40.45801527,-9.465000855,17.70665883,137.2285714,3898.225,87.17849128,4072.581983,3723.868017,8300
BBC,9/7/2023,3701.1,3701.1,3651,3655,-1.83%,270,991410,-0.01826484,-0.018433702,3787.18,3885.98,3829.680621,3854.912718,52.44755245,-25.23209641,9.118907785,133.4428571,3885.98,102.7409855,4091.461971,3680.498029,8030
BBC,9/10/2023,3700,3749,3700,3715,1.64%,249,924284,0.016415869,0.016282585,3748.38,3875.23,3812.037449,3844.548813,48.7012987,-32.5113639,0.792853448,123.8714286,3875.23,108.9528247,4093.135649,3657.324351,8279
BBC,9/11/2023,3750,3875,3750,3851,3.66%,464,1767709.2,0.036608345,0.035954177,3753.58,3863.495,3818.031687,3845.026678,53.89105058,-26.99499098,-4.764715438,124.1571429,3863.495,97.08349892,4057.661998,3669.328002,8743
BBC,9/12/2023,3786,3823,3765,3765,-2.23%,153,579190,-0.022331862,-0.022584994,3741.8,3849.395,3809.872966,3839.098776,55.19848771,-29.22581002,-9.656934355,122.0857143,3849.395,89.18634823,4027.767696,3671.022304,8590
BBC,9/13/2023,3825,3927,3823,3927,4.30%,393,1530310.3,0.043027888,0.042127914,3782.6,3847.995,3827.89251,3845.609978,49.24114671,-17.71746813,-11.26904111,124.3,3847.995,87.64786289,4023.290726,3672.699274,8983
BBC,9/17/2023,3929,4000,3770,3770,-4.00%,389,1513359.9,-0.039979628,-0.040800774,3805.6,3842.745,3818.98597,3840.009239,41.29746835,-21.02326901,-13.21988669,131.9428571,3842.745,89.07817664,4020.901353,3664.588647,8594
BBC,9/18/2023,3770,3998.9,3770,3998.9,6.07%,45,174199,0.06071618,0.058944322,3862.38,3855.19,3846.665052,3851.778925,46.44549763,-5.113873466,-11.59868405,137.9428571,3855.19,92.75000298,4040.690006,3669.689994,8639
BBC,9/19/2023,3919,3919,3763.9,3800,-4.97%,175,669199,-0.049738678,-0.051018257,3852.18,3848.69,3839.485813,3847.943449,43.42105263,-8.457636236,-10.97047448,145.5857143,3848.69,91.78151918,4032.253038,3665.126962,8464
BBC,9/21/2023,3876,3949,3855.1,3870.1,1.84%,190,738876,0.018447368,0.01827928,3873.2,3847.795,3844.195688,3849.584675,33.42618384,-5.38898728,-9.854177043,145.5214286,3847.795,91.46474429,4030.724489,3664.865511,8654
BBC,9/24/2023,3947.5,4000,3870,3929,1.52%,320,1253076,0.015219245,0.015104594,3873.6,3854.245,3857.242505,3855.467292,33.61344538,1.775213323,-7.52829897,148.6071429,3854.245,92.45995705,4039.164914,3669.325086,8974
BBC,9/25/2023,4000,4000,3920,3945,0.41%,80,315490,0.004072283,0.004064014,3908.6,3854.995,3870.743658,3862.099344,38.75739645,8.644313929,-4.29377639,146.4857143,3854.995,93.16494414,4041.324888,3668.665112,9054
BBC,9/26/2023,4023,4023,3851,3851,-2.38%,285,1106963,-0.02382763,-0.024116099,3879.02,3848.795,3867.706172,3861.277171,38.9380531,6.429001709,-2.14922077,147.4142857,3848.795,88.7813368,4026.357674,3671.232326,8769
BBC,9/27/2023,3926,3926,3736,3785,-1.71%,445,1680445,-0.017138406,-0.017286968,3876.02,3841.595,3854.982146,3855.62701,35.05976096,-0.644864009,-1.848349418,150.1285714,3841.595,87.76780056,4017.130601,3666.059399,8324
BBC,10/1/2023,3860.7,3895,3665.1,3665.1,-3.17%,158,592303,-0.031677675,-0.032190267,3835.02,3829.95,3825.769508,3841.513898,32.9218107,-15.74438998,-4.627557531,158.4857143,3829.95,95.03943503,4020.02887,3639.87113,8166
BBC,10/2/2023,3738.4,3750,3700,3705,1.09%,103,382204,0.01088647,0.010827639,3790.22,3820.65,3807.189584,3831.401757,22.36503856,-24.21217369,-8.544480763,159.4071429,3820.65,97.81103963,4016.272079,3625.027921,8269
BBC,10/3/2023,3740,3740,3631,3651,-1.46%,451,1648849.6,-0.014574899,-0.014682156,3731.42,3808.2,3783.160417,3818.038664,28.15405046,-34.87824727,-13.81123407,160.4785714,3808.2,102.8943352,4013.98867,3602.41133,7818
BBC,10/4/2023,3724,3797,3680,3680,0.79%,175,656380,0.007943029,0.00791165,3697.22,3796.75,3767.289584,3807.813578,19.23076923,-40.52399441,-19.15378613,159.4785714,3796.75,103.8242924,4004.398585,3589.101415,7993
BBC,10/5/2023,3753.6,3827,3681,3686,0.16%,190,714196,0.001630435,0.001629107,3677.42,3789.8,3754.783494,3798.79035,22.50922509,-44.00685619,-24.12440014,163.8357143,3789.8,106.4527669,4002.705534,3576.894466,8183
BBC,10/8/2023,3635,3680,3635,3670,-0.43%,105,385077,-0.004340749,-0.004350197,3678.4,3782.105,3741.739879,3789.250324,32.10659898,-47.51044469,-28.80160905,155.9071429,3782.105,109.380218,4000.865436,3563.344564,8078
BBC,10/9/2023,3670,3674,3670,3670,0.00%,157,576152,0,0,3671.4,3779.455,3730.702975,3780.416967,33.15858453,-49.71399187,-32.98408562,139.7642857,3779.455,111.5088596,4002.472719,3556.437281,8078
BBC,10/10/2023,3615,3729.9,3615,3729.9,1.63%,40,146472,0.016321526,0.016189762,3687.18,3783.2,3730.57944,3776.674969,34.86590038,-46.09552893,-35.60637428,131.6214286,3783.2,108.3212668,3999.842534,3566.557466,8118
BBC,10/11/2023,3665,3720,3595,3720,-0.27%,415,1518475,-0.002654227,-0.002657755,3695.18,3783.45,3728.951834,3772.476823,38.93591294,-43.52498925,-37.19009727,124.4714286,3783.45,108.161232,3999.772464,3567.127536,7703
BBC,10/12/2023,3646,3700,3616,3634,-2.31%,185,676716,-0.02311828,-0.023389698,3684.78,3772.6,3714.34386,3762.219281,49.72899729,-47.87542126,-39.32716207,121.2571429,3772.6,111.8495324,3996.299065,3548.900935,7518
BBC,10/16/2023,3565,3671,3501,3550,-2.31%,285,1011847,-0.023115025,-0.023386366,3660.78,3761.85,3689.060189,3746.499334,48.28947368,-57.43914523,-42.9495587,124.1142857,3761.85,122.4482254,4006.746451,3516.953549,7233
BBC,10/17/2023,3621,3621,3495,3500,-1.41%,490,1724093,-0.014084507,-0.014184635,3626.78,3740.5,3659.974006,3728.240124,46.74796748,-68.2661182,-48.0128706,127.4,3740.5,129.1780167,3998.856033,3482.143967,6743
BBC,10/18/2023,3570,3650,3570,3650,4.29%,184,663090,0.042857143,0.041964199,3610.8,3734.5,3658.439544,3722.444559,42.25543478,-64.00501591,-51.21129966,125.8285714,3734.5,130.5156252,3995.53125,3473.46875,6927
BBC,10/19/2023,3650.9,3650.9,3650.9,3650.9,0.02%,18,65716.2,0.000246575,0.000246545,3596.98,3717.1,3657.279614,3717.144962,55.52447552,-59.86534868,-52.94210947,112.3214286,3717.1,115.7762452,3948.65249,3485.54751,6945
BBC,10/29/2023,3648,3648,3512,3512,-3.80%,130,463475.8,-0.038045413,-0.038788037,3572.58,3702.7,3634.928904,3701.949039,53.80434783,-67.02013535,-55.75771464,105.8214286,3702.7,122.6301757,3947.960351,3457.439649,6815
BBC,10/30/2023,3500,3550,3500,3545,0.94%,112,395141,0.009396355,0.009352484,3571.58,3686.445,3621.093688,3690.323185,65.59633028,-69.22949658,-58.45207103,103.3285714,3686.445,120.805862,3928.056724,3444.833276,6927
BBC,10/31/2023,3475,3506,3405.5,3506,-1.10%,77,267409,-0.01100141,-0.011062373,3572.78,3665.295,3603.386967,3676.669615,65.38461538,-73.28264857,-61.41818654,105.5071429,3665.295,112.8734945,3891.041989,3439.548011,6850
BBC,11/1/2023,3576.1,3576.1,3437,3505,-0.03%,125,439599.8,-0.000285225,-0.000285266,3543.78,3643.295,3588.25051,3663.953347,72.7739726,-75.70283719,-64.27511667,105.0142857,3643.295,97.29166392,3837.878328,3448.711672,6725
BBC,11/2/2023,3502,3502,3500,3500,-0.14%,100,350130,-0.001426534,-0.001427552,3513.6,3625.745,3574.673509,3651.808655,65.48672566,-77.13514637,-66.84712261,94.87142857,3625.745,89.17154653,3804.088093,3447.401907,6625
BBC,11/5/2023,3500,3505,3500,3501,0.03%,35,122565,0.000285714,0.000285673,3511.4,3611.545,3563.339123,3640.637644,62.5,-77.29852084,-68.93740226,91.58571429,3611.545,84.99104891,3781.527098,3441.562902,6660
BBC,11/6/2023,3571,3590,3550,3590,2.54%,75,267670,0.025421308,0.025103561,3520.4,3607.79,3567.440796,3636.886707,68.42105263,-69.44591086,-69.03910398,97.65714286,3607.79,84.15528817,3776.100576,3439.479424,6735
BBC,11/7/2023,3590,3630,3590,3600,0.28%,139,503619,0.002785515,0.002781643,3539.2,3602.54,3572.449904,3634.154358,64.4549763,-61.70445391,-67.57217396,92.30714286,3602.54,80.98725956,3764.514519,3440.565481,6874
BBC,11/8/2023,3650,3722,3650,3722,3.39%,90,333300,0.033888889,0.033327313,3582.6,3606.09,3595.457611,3640.661443,56.31313131,-45.20383147,-63.09850546,91.38571429,3606.09,84.69451545,3775.479031,3436.700969,6964
BBC,11/9/2023,3647.6,3647.6,3647.6,3647.6,-2.00%,10,36476,-0.019989253,-0.020191741,3612.12,3604.47,3603.479517,3641.17541,50.71225071,-37.69589273,-58.01798292,89.27142857,3604.47,83.50794541,3771.485891,3437.454109,6954
BBC,11/20/2023,3600,3600,3574.7,3580,-1.85%,136,486668,-0.018532734,-0.018706617,3627.92,3599.17,3599.867284,3636.643898,61.9047619,-36.77661431,-53.7697092,82.33571429,3599.17,81.39824193,3761.966484,3436.373516,6818
BBC,11/21/2023,3508.4,3525,3508.4,3520,-1.68%,49,172224,-0.016759777,-0.016901811,3613.92,3591.67,3587.580009,3628.00361,56.81233933,-40.42360001,-51.10048736,78.45,3591.67,81.43896714,3754.547934,3428.792066,6769
BBC,11/22/2023,3590,3590,3590,3590,1.99%,10,35900,0.019886364,0.019691213,3611.92,3587.67,3587.952316,3625.188527,61.38888889,-37.23621159,-48.3276322,72.73571429,3587.67,79.32644147,3746.322883,3429.017117,6779
BBC,11/23/2023,3520,3560,3519,3560,-0.84%,70,247980,-0.008356546,-0.008391658,3579.52,3579.175,3583.651959,3620.359748,38.90489914,-36.70778805,-46.00366337,77.74285714,3579.175,72.05770988,3723.29042,3435.05958,6709
BBC,11/26/2023,3631.2,3776,3631.2,3776,6.07%,150,561472,0.060674157,0.058904703,3605.2,3581.975,3613.243966,3631.888655,37.19008264,-18.64468941,-40.53186858,83.25,3581.975,78.60814123,3739.191282,3424.758718,6859
BBC,11/27/2023,3700.5,4007,3630,4007,6.12%,1017,3889993.5,0.061175847,0.059377583,3690.6,3600.625,3673.821817,3659.674681,27.86885246,14.14713647,-29.59606757,106.6071429,3600.625,123.2004694,3847.025939,3354.224061,7876
BBC,11/28/2023,3926.9,3926.9,3814,3899,-2.70%,230,885227,-0.026952833,-0.027322722,3766.4,3618.075,3708.464614,3677.402482,33.83458647,31.06213241,-17.46442758,110.4285714,3618.075,139.3147624,3896.704525,3339.445475,7646
BBC,11/29/2023,3755.1,3830,3746,3825,-1.90%,364,1399518,-0.018979225,-0.019161643,3813.4,3634.325,3726.393135,3688.335632,23.85159011,38.05750378,-6.360041305,111.4214286,3634.325,143.7026274,3921.730255,3346.919745,7282
BBC,11/30/2023,3835,3840,3790,3825,0.00%,124,474530,0,0,3866.4,3643.075,3741.563422,3698.458918,22.05882353,43.1045041,3.532867776,114.6357143,3643.075,149.9014514,3942.877903,3343.272097,7282
BBC,12/3/2023,3810,3820,3675,3819,-0.16%,188,709753,-0.001568627,-0.001569859,3875,3651.48,3753.476742,3707.387887,22.18597064,46.08885473,12.04406517,124.9928571,3651.48,154.989635,3961.45927,3341.50073,7094
BBC,12/4/2023,3775,3775,3743,3770,-1.28%,115,432515,-0.012830584,-0.012913607,3827.6,3664.38,3756.018782,3712.025821,40.74534161,43.99296015,18.43384416,124.0642857,3664.38,153.499198,3971.378396,3357.381604,6979
BBC,12/5/2023,3710,3710,3410.4,3410.6,-9.53%,544,1913540.2,-0.095331565,-0.100186773,3729.92,3657.66,3702.877431,3689.697983,47.92576419,13.17944777,17.38296488,146.8928571,3657.66,161.7222453,3981.104491,3334.215509,6435
BBC,12/6/2023,3478.8,3680,3478.8,3548.3,4.04%,386,1387640,0.040374128,0.039580387,3674.58,3659.775,3679.096287,3679.224058,47.20430108,-0.127770746,13.88081776,157.4214286,3659.775,159.9007912,3979.576582,3339.973418,6821
BBC,12/7/2023,3619.2,3685,3481,3550.6,0.06%,315,1119158.2,0.000648198,0.000647988,3619.7,3662.055,3659.327628,3669.69635,48.90738814,-10.36872234,9.030909739,166.6785714,3662.055,157.8901866,3977.835373,3346.274627,7136
BBC,12/11/2023,3621.6,3737,3621.6,3676,3.53%,462,1707777,0.035317974,0.034708601,3591.1,3670.855,3661.892608,3670.163287,44.85294118,-8.270679025,5.570591987,174.7857143,3670.855,153.2182395,3977.291479,3364.418521,7598
BBC,12/12/2023,3680,3900,3680,3890,5.82%,354,1325583.2,0.058215452,0.056583953,3615.1,3690.305,3696.986053,3686.447488,48.05057956,10.53856493,6.564186574,185.6714286,3690.305,155.1991097,4000.703219,3379.906781,7952
BBC,12/13/2023,3943,3967,3804,3804,-2.21%,440,1719493,-0.022107969,-0.022356013,3693.78,3701.005,3713.449737,3695.155082,46.34146341,18.2946556,8.91028038,192.3142857,3701.005,155.2966888,4011.598378,3390.411622,7512
BBC,12/14/2023,3880,3955,3820,3830,0.68%,90,347509,0.006834911,0.006811659,3750.12,3712.505,3731.380547,3705.143594,49.13793103,26.23695279,12.37561486,198.0285714,3712.505,155.9380561,4024.381112,3400.628888,7602
BBC,12/17/2023,3830,3888,3750,3750,-2.09%,151,571813,-0.020887728,-0.021108963,3790,3713.905,3734.245078,3708.466291,51.06382979,25.77878731,15.05624935,192.4571429,3713.905,156.1533304,4026.211661,3401.598339,7451
BBC,12/18/2023,3760,3930,3760,3865,3.07%,833,3217201.6,0.030666667,0.030205842,3827.8,3724.775,3754.36122,3720.06138,48.77005348,34.29983957,18.90496739,178.3857143,3724.775,158.8384809,4042.451962,3407.098038,8284
BBC,12/19/2023,3942,3942,3841,3900,0.91%,379,1468299,0.009055627,0.009014871,3829.8,3740.775,3776.767186,3733.390167,52.29083665,43.37701909,23.79937773,171.8142857,3740.775,159.6027301,4059.98046,3421.56954,8663
BBC,12/20/2023,3900,4100,3900,4070,4.36%,1885,7604574,0.043589744,0.042666446,3883,3768.275,3821.879927,3758.324229,69.45031712,63.55569799,31.75064178,175.1714286,3768.275,166.782256,4101.839512,3434.710488,10548
BBC,12/21/2023,4125,4275,4125,4156.1,2.12%,1359,5716899.1,0.021154791,0.020934135,3948.22,3796.58,3873.2984,3787.789101,75.3440367,85.50929885,42.5023732,186.2428571,3796.58,182.2538559,4161.087712,3432.072288,11907
BBC,12/24/2023,4156.1,4199,4073.1,4098,-1.40%,1810,7506844.6,-0.013979452,-0.014078085,4017.82,3823.48,3907.867877,3810.767686,75.17321016,97.10019072,53.4219367,184.5214286,3823.48,185.1776689,4193.835338,3453.124662,10097
BBC,12/27/2023,4099,4099,3870,3900,-4.83%,931,3681000.5,-0.048316252,-0.049522497,4024.82,3829.68,3906.657434,3817.377487,68.14814815,89.27994712,60.59353879,195.45,3829.68,185.5797136,4200.839427,3458.520573,9166
BBC,12/28/2023,3977,3977,3865,3865,-0.90%,306,1194499,-0.008974359,-0.009014871,4017.82,3822.58,3900.248598,3820.90508,58.16666667,79.34351756,64.34353454,177.7642857,3822.58,181.1009739,4184.781948,3460.378052,8860
BBC,1/1/2024,3942.3,3998,3843,3850,-0.39%,181,705299.3,-0.003880983,-0.003888534,3973.82,3820.13,3892.518044,3823.06026,68.89534884,69.4577848,65.36638459,169.5928571,3820.13,180.3425807,4180.815161,3459.444839,8679
BBC,1/2/2024,3850,3850,3775.2,3775.2,-1.94%,185,703897,-0.019428571,-0.019619787,3897.64,3817.64,3874.469115,3819.515055,64.76608187,54.9540593,63.28391953,160.3642857,3817.64,180.6153907,4178.870781,3456.409219,8494
BBC,1/3/2024,3775.2,3850,3775.2,3778,0.07%,265,1011634.5,0.000741683,0.000741408,3833.64,3815.29,3859.627712,3816.439866,71.91316147,43.18784634,59.2647049,152.3928571,3815.29,180.8202332,4176.930466,3453.649534,8759
BBC,1/4/2024,3853.5,3853.5,3789,3839,1.61%,295,1121735,0.016146109,0.016017147,3821.44,3816.29,3856.454218,3818.110987,75.58962264,38.3432311,55.08041014,141.7857143,3816.29,180.8971179,4178.084236,3454.495764,9054
BBC,1/7/2024,3838,3839,3765,3765,-1.93%,150,567970.9,-0.019275853,-0.019464055,3801.44,3816.04,3842.384338,3814.17684,78.17073171,28.20749858,49.70582783,135.4285714,3816.04,180.9678989,4177.975798,3454.104202,8904
BBC,1/8/2024,3840,3875,3765,3875,2.92%,722,2758008,0.029216467,0.028797802,3806.44,3839.26,3847.402132,3818.682259,80.04926108,28.7198734,45.50863694,132.5,3839.26,153.9906949,4147.24139,3531.27861,9626
BBC,1/9/2024,3860,3937,3850,3864,-0.28%,563,2181999,-0.00283871,-0.002842746,3824.2,3855.045,3849.955651,3822.039129,77.65830346,27.91652178,41.99021391,128.8571429,3855.045,137.9398361,4130.924672,3579.165328,9063
BBC,1/10/2024,3864,3880,3864,3870,0.16%,180,696660,0.001552795,0.001551591,3842.6,3871.015,3853.039397,3825.591786,85.63899868,27.44761072,39.08169327,117.1428571,3871.015,117.8662591,4106.747518,3635.282482,9243
BBC,1/11/2024,3809,3830,3807,3830,-1.03%,92,351271.8,-0.010335917,-0.010389704,3840.8,3878.715,3849.494874,3825.91832,78.83435583,23.57655379,35.98066538,114.4285714,3878.715,109.164826,4097.044652,3660.385348,9151
BBC,1/14/2024,3806.3,3877,3805.1,3877,1.23%,145,556284,0.01227154,0.012196855,3863.2,3878.065,3853.726432,3829.702148,76,24.0242835,33.589389,105.2785714,3878.065,109.1327934,4096.330587,3659.799413,9296
BBC,1/16/2024,3870,3940,3850,3861.2,-0.41%,956,3721219,-0.004075316,-0.004083643,3860.44,3880.925,3854.876212,3832.035323,78.11447811,22.84088901,31.439689,97.06428571,3880.925,107.8313931,4096.587786,3665.262214,8340
BBC,1/17/2024,3878,3930,3850,3851,-0.26%,503,1953454,-0.002641666,-0.002645161,3857.84,3881.975,3854.279871,3833.440114,77.35191638,20.83975784,29.31970277,93.78571429,3881.975,107.4108388,4096.796678,3667.153322,7837
BBC,1/18/2024,3855,3860,3774,3830,-0.55%,294,1118022,-0.005453129,-0.005468052,3849.84,3885.975,3850.544507,3833.18529,73.83333333,17.35921624,26.92760546,83.57142857,3885.975,103.6615641,4093.298128,3678.651872,7543
BBC,1/21/2024,3888,3888,3711,3715,-3.00%,473,1778536,-0.03002611,-0.030486125,3826.84,3878.475,3829.691506,3824.430824,68.25885978,5.260681185,22.59422061,88.21428571,3878.475,110.4622292,4099.399458,3657.550542,7070
BBC,1/22/2024,3750,3750,3650,3720,0.13%,233,866151,0.001345895,0.00134499,3795.44,3869.475,3812.815889,3816.695208,63.66843034,-3.879318433,17.2995128,84.28571429,3869.475,115.8190916,4101.113183,3637.836817,7303
BBC,1/23/2024,3655,3725,3655,3655,-1.75%,132,485592,-0.017473118,-0.017627575,3754.2,3848.725,3788.536522,3804.717785,68.48591549,-16.18126322,10.6033576,83.94285714,3848.725,115.1761071,4079.077214,3618.372786,7171
BBC,1/24/2024,3700,3728.1,3680,3680,0.68%,120,444361,0.006839945,0.006816659,3720,3824.92,3771.838595,3795.47943,62.78586279,-23.6408352,3.754519037,83.82142857,3824.92,95.88928704,4016.698574,3633.141426,7291
BBC,1/25/2024,3700,3727,3651,3655,-0.68%,324,1195686,-0.006793478,-0.006816659,3685,3802.77,3753.863427,3785.073547,51.35869565,-31.21011997,-3.238408764,83.85714286,3802.77,79.20261226,3961.175225,3644.364775,6967
BBC,1/28/2024,3700,3710,3674,3674,0.52%,50,185040,0.005198358,0.005184894,3676.8,3791.47,3741.576746,3776.845877,52.0661157,-35.26913088,-9.644553187,82.5,3791.47,80.70813629,3952.886273,3630.053727,7017
BBC,1/29/2024,3656,3700,3656,3677,0.08%,215,794039,0.000816549,0.000816216,3668.2,3782.07,3731.641862,3769.449886,50.70422535,-37.80802398,-15.27724735,77.78571429,3782.07,82.61890379,3947.307808,3616.832192,7232
BBC,1/30/2024,3710,3964,3700,3959,7.67%,458,1726392,0.076692956,0.073894266,3729,3787.52,3766.620037,3783.490635,43.79562044,-16.87059807,-15.59591749,92.07142857,3787.52,90.55021056,3968.620421,3606.419579,7690
BBC,2/4/2024,3879.9,3879.9,3879.9,3879.9,-2.00%,10,38799,-0.019979793,-0.020182088,3768.98,3792.755,3784.047724,3790.632069,41.37931034,-6.584345888,-13.79360317,96.57857143,3792.755,92.79906122,3978.353122,3607.156878,7680
BBC,2/5/2024,3802.4,3802.4,3666,3672,-5.36%,788,2919364,-0.053583855,-0.055072907,3772.38,3787.455,3766.809612,3781.844509,38.87688985,-15.0348965,-14.04186184,107.3571429,3787.455,96.63384759,3980.722695,3594.187305,6892
BBC,2/6/2024,3700,3730,3681,3686.1,0.38%,240,886865,0.003839869,0.003832516,3774.8,3779.81,3754.392749,3774.752323,42.4796748,-20.35957409,-15.30540429,106.3642857,3779.81,98.37386741,3976.557735,3583.062265,7132
BBC,2/7/2024,3680,3759.8,3680,3694,0.21%,199,742009.9,0.002143187,0.002140893,3778.2,3776.26,3745.101557,3768.770669,47.88213628,-23.66911266,-16.97814596,105.6357143,3776.26,100.2005641,3976.661128,3575.858872,7331
BBC,2/8/2024,3665,3750,3665,3738,1.19%,60,222205,0.011911207,0.011840827,3734,3769.41,3744.009009,3766.49136,54.50160772,-22.48235101,-18.07898697,105.9928571,3769.41,97.74798369,3964.905967,3573.914033,7391
BBC,2/11/2024,3760,3760,3671,3710,-0.75%,100,369780,-0.007490637,-0.007518832,3700.02,3761.71,3738.776854,3762.306815,55.03246753,-23.52996109,-19.1691818,106.2071429,3761.71,95.95371088,3953.617422,3569.802578,7291
BBC,2/12/2024,3700,3700,3656.2,3700,-0.27%,125,460116.5,-0.002695418,-0.002699057,3705.62,3753.21,3732.811184,3757.691496,56.03305785,-24.88031131,-20.3114077,97.40714286,3753.21,93.35038071,3939.910761,3566.509239,7166
BBC,2/13/2024,3720,3750,3675,3700,0.00%,345,1287450,0,0,3708.4,3746.71,3727.76331,3753.418052,53.73913043,-25.6547417,-21.3800745,95.62142857,3746.71,92.24143891,3931.192878,3562.227122,7166
BBC,2/14/2024,3700,3710,3640,3710,0.27%,342,1252693.5,0.002702703,0.002699057,3711.6,3738.36,3725.030493,3750.2019,49.21190893,-25.17140663,-22.13834093,95.62142857,3738.36,87.25005444,3912.860109,3563.859891,7508
BBC,2/15/2024,3700,3700,3635.8,3635.8,-2.00%,359,1311133,-0.02,-0.020202707,3691.16,3727.09,3711.302725,3741.727685,47.22689076,-30.42495999,-23.79566474,95.7,3727.09,85.07813684,3897.246274,3556.933726,7149
BBC,2/18/2024,3620,3622,3548,3570,-1.81%,204,729131,-0.018097805,-0.018263574,3663.16,3713.04,3689.563844,3729.007116,43.19727891,-39.44327148,-26.92518609,96.54285714,3713.04,86.72492145,3886.489843,3539.590157,6945
BBC,2/20/2024,3530.5,3531,3530.1,3530.2,-1.11%,80,282437,-0.011148459,-0.011211069,3629.2,3698.05,3665.04633,3714.280663,43.567753,-49.23433295,-31.38701546,95.46428571,3698.05,91.2370683,3880.524137,3515.575863,6865
BBC,2/21/2024,3600.8,3600.8,3540,3560,0.84%,68,242288,0.008441448,0.008406018,3601.2,3690.3,3648.885356,3702.852465,44.59459459,-53.96710951,-35.90303427,97.36428571,3690.3,96.17120151,3882.642403,3497.957597,6933
BBC,2/22/2024,3625,3750,3610,3650,2.53%,1006,3720329,0.025280899,0.024966623,3589.2,3686.8,3649.05684,3698.937468,48.26325411,-49.88062835,-38.69855309,90.43571429,3686.8,96.307102,3879.414204,3494.185796,7939
BBC,2/25/2024,3660,3699,3577,3621,-0.79%,169,612681,-0.007945205,-0.007976937,3586.24,3685.1,3644.740403,3693.164322,47.73960217,-48.42391943,-40.64362636,93.5,3685.1,97.19397317,3879.487946,3490.712054,7770
BBC,2/26/2024,3562.1,3633,3562,3590,-0.86%,150,541681,-0.008561171,-0.008598028,3590.24,3680.6,3636.318802,3685.52252,50.09487666,-49.20371821,-42.35564473,83.29285714,3680.6,99.49866437,3879.597329,3481.602671,7620
BBC,2/27/2024,3661.7,3661.8,3525,3660,1.95%,164,595570,0.019498607,0.019310945,3616.2,3680.85,3639.962063,3683.631963,39.21568627,-43.66989994,-42.61849577,88.92142857,3680.85,99.43721902,3879.724438,3481.975562,7784
BBC,2/28/2024,3709,4026,3709,4026,10.00%,3924,15330783.5,0.1,0.09531018,3709.4,3698.45,3699.352515,3708.992559,24.75728155,-9.64004347,-36.02280531,109.3642857,3698.45,125.8139499,3950.0779,3446.8221,11708
BBC,2/29/2024,4106.5,4427,4106.5,4161,3.35%,5573,24009851.6,0.033532042,0.032982103,3811.6,3722.65,3770.375205,3742.474591,14.60055096,27.90061381,-23.23812149,131.9357143,3722.65,162.6318817,4047.913763,3397.386237,17281
BBC,3/3/2024,4081,4320,3884,4000,-3.87%,1287,5103049.5,-0.038692622,-0.039461069,3887.4,3724.7,3805.702097,3761.550548,14.20911528,44.15154912,-9.760187365,156.7214286,3724.7,165.9916136,4056.683227,3392.716773,15994
BBC,3/4/2024,4080,4080,4080,4080,2.00%,10,40800,0.02,0.019802627,3985.4,3734.705,3847.901774,3785.139396,18,62.76237823,4.744325753,158.5928571,3734.705,181.1745523,4097.054105,3372.355895,16004
BBC,3/5/2024,4155,4155,3800,3865,-5.27%,1246,4863822,-0.052696078,-0.054135306,4026.4,3744.355,3850.53227,3791.054996,34.92063492,59.47727421,15.69091544,178.5928571,3744.355,182.7915939,4109.938188,3378.771812,14758
BBC,3/6/2024,3942,4010,3860,3941,1.97%,464,1825333.7,0.019663648,0.019472816,4009.4,3757.1,3864.450383,3802.162034,31.80722892,62.28834913,25.01040218,184.3071429,3757.1,187.345653,4131.791306,3382.408694,15222
BBC,3/7/2024,3900,3989.9,3786,3979.8,0.98%,985,3801831,0.009845217,0.009797069,3973.16,3771.39,3882.196478,3815.320401,31.35391924,66.87607622,33.38353699,193.5714286,3771.39,193.0910718,4157.572144,3385.207856,16207
BBC,3/10/2024,3980,3980,3862.1,3915,-1.63%,524,2043170.4,-0.016282225,-0.016416237,3956.16,3780.24,3887.243173,3822.704075,30.55555556,64.539098,39.61464919,195.7214286,3780.24,195.5211078,4171.282216,3389.197784,15683
BBC,3/12/2024,3993,3995,3866.8,3993,1.99%,969,3822341,0.019923372,0.019727499,3938.76,3794.39,3903.513454,3835.318588,28.38709677,68.19486609,45.33069257,202.0285714,3794.39,200.3510443,4195.092089,3393.687911,16652
BBC,3/13/2024,4072.8,4072.8,3872,3949,-1.10%,618,2432427.7,-0.011019284,-0.011080446,3955.56,3806.84,3910.511384,3843.739434,26.75438596,66.77195087,49.61894423,211.3285714,3806.84,201.9073534,4210.654707,3403.025293,16034
BBC,3/14/2024,3900,3900,3835.9,3900,-1.24%,215,830376.7,-0.012408205,-0.012485829,3947.36,3816.84,3908.894248,3847.906883,34.29844098,60.98736543,51.89262847,205.8357143,3816.84,201.2891358,4219.418272,3414.261728,15819
BBC,3/17/2024,3830.1,3964.9,3830.1,3899.8,-0.01%,236,918237.2,-5.13E-05,-5.13E-05,3931.36,3826.33,3907.495133,3851.750818,29.67244701,55.7443157,52.66296592,206.75,3826.33,200.4593911,4227.248782,3425.411218,15583
BBC,3/18/2024,3850,3894,3845,3894,-0.15%,446,1719577.4,-0.001487256,-0.001488363,3927.16,3839.24,3905.418959,3854.880387,45.51386623,50.53857228,52.23808719,205.5928571,3839.24,195.8032804,4230.846561,3447.633439,15137
BBC,3/19/2024,3970.9,3970.9,3836,3845,-1.26%,120,466448,-0.012583462,-0.012663304,3897.56,3852.99,3896.123734,3854.148506,46.57762938,41.97522832,50.18551541,205.4571429,3852.99,185.2738113,4223.537623,3482.442377,15017
BBC,3/20/2024,3846,3850,3813,3843.9,-0.03%,503,1928735.8,-0.000286086,-0.000286127,3876.54,3868.675,3888.089314,3853.389358,44.07582938,34.69995624,47.08840358,181.9571429,3868.675,169.0795791,4206.834158,3530.515842,14514
BBC,3/21/2024,3918,3918,3770,3825,-0.49%,450,1712813.5,-0.004916881,-0.004929009,3861.54,3881.925,3878.383266,3851.286442,44.2519685,27.09682333,43.09008753,163.8857143,3881.925,153.2603869,4188.445774,3575.404226,14064
BBC,3/25/2024,3800,3850,3800,3815,-0.26%,280,1069050,-0.002614379,-0.002617803,3844.58,3890.175,3868.631994,3848.598558,42.51134644,20.03343632,38.47875729,136.3142857,3890.175,144.2976962,4178.770392,3601.579608,13784
BBC,3/26/2024,3875,3875,3800,3800,-0.39%,130,495910,-0.003931848,-0.003939598,3825.78,3899.125,3858.073226,3844.998664,47.5862069,13.07456118,33.39791807,135.9571429,3899.125,131.7271857,4162.579371,3635.670629,13654
BBC,3/27/2024,3802,3839.9,3751,3839.9,1.05%,724,2724301.8,0.0105,0.010445258,3824.76,3911.62,3855.277345,3844.620986,38.08095952,10.65635917,28.84960629,116.95,3911.62,111.0987735,4133.817547,3689.422453,14378
BBC,3/28/2024,3772.5,3830,3772,3830,-0.26%,56,211825,-0.002578192,-0.002581521,3821.98,3920.12,3851.388522,3843.53795,44.82758621,7.850572869,24.6497996,111.0857143,3920.12,96.36007363,4112.840147,3727.399853,14322
BBC,3/31/2024,3850,3850,3775,3775,-1.44%,89,338005,-0.014360313,-0.01446442,3811.98,3907.57,3839.636442,3838.461064,44.61778471,1.175377644,19.95491521,101.8785714,3907.57,98.17256611,4103.915132,3711.224868,14233
BBC,4/1/2024,3843,3845.9,3775.1,3775.1,0.00%,130,497032,2.65E-05,2.65E-05,3804,3888.275,3829.707759,3833.767652,44.40993789,-4.059893573,15.15195345,98.52142857,3888.275,82.39660107,4053.068202,3723.481798,14363
BBC,4/2/2024,3850,3927,3802.4,3879.9,2.78%,125,483868,0.027760854,0.027382508,3819.98,3882.27,3837.429642,3837.184863,51.78041543,0.244778761,12.17051852,100.2142857,3882.27,78.08944332,4038.448887,3726.091113,14488
BBC,4/3/2024,3805,3878,3800,3800,-2.06%,223,851032,-0.020593314,-0.020808313,3812,3868.27,3831.671236,3834.430429,54.04255319,-2.759193384,9.184576136,91.57857143,3868.27,64.73121024,3997.73242,3738.80758,14265
BBC,4/4/2024,3801,3825,3801,3825,0.66%,103,392238,0.006578947,0.006557401,3811,3866.27,3830.644892,3833.731879,51.85735513,-3.086987021,6.730263505,85.28571429,3866.27,65.45149349,3997.172987,3735.367013,14368
BBC,4/7/2024,3875,3875,3785,3785,-1.05%,65,249765,-0.010457516,-0.01051258,3813,3858.47,3823.622601,3830.12211,57.68595041,-6.499509248,4.084308954,82.08571429,3858.47,65.37241572,3989.214831,3727.725169,14303
BBC,4/9/2024,3860.7,3860.7,3760,3850,1.72%,82,312367,0.017173052,0.017027261,3827.98,3851.98,3827.680662,3831.594546,50,-3.913884108,2.484670342,85.36428571,3851.98,58.80649445,3969.592989,3734.367011,14385
BBC,4/10/2024,3781,3830,3681,3681,-4.39%,1055,3947855,-0.043896104,-0.044888694,3788.2,3840.28,3805.114406,3820.439395,45.22968198,-15.32498824,-1.077261374,87.8,3840.28,68.14485809,3976.569716,3703.990284,13330
BBC,4/14/2024,3680,3854,3665,3848,4.54%,255,968825,0.045368106,0.044369078,3797.8,3833.03,3811.71219,3822.480921,46.54545455,-10.76873093,-3.015555285,98.65714286,3833.03,57.99984664,3949.029693,3717.030307,13585
BBC,4/15/2024,3773,3800,3701,3721.6,-3.28%,464,1734471.8,-0.032848233,-0.033399849,3777.12,3821.66,3797.848776,3815.00826,40.72727273,-17.15948396,-5.84434102,98.58571429,3821.66,56.33440007,3934.3288,3708.9912,13121
BBC,4/16/2024,3650,3730,3650,3700,-0.58%,350,1293017,-0.005803955,-0.005820864,3760.12,3811.66,3782.795118,3806.48913,48.95635674,-23.69401145,-9.414275105,100.7285714,3811.66,59.36582749,3930.391655,3692.928345,12771
BBC,4/18/2024,3700,3700,3680,3700,0.00%,110,406510,0,0,3730.12,3801.67,3770.057408,3798.601046,41.15138593,-28.54363827,-13.24014774,96.8,3801.67,60.55229232,3922.774585,3680.565415,12771
BBC,4/21/2024,3765,3765,3640,3760,1.62%,445,1635070.5,0.016216216,0.016086138,3745.92,3794.97,3768.510114,3795.741709,44.06392694,-27.23159503,-16.0384372,99.37857143,3794.97,57.11428156,3909.198563,3680.741437,13216
BBC,4/22/2024,3785,3785,3785,3785,0.66%,10,37850,0.006648936,0.006626929,3733.32,3791.97,3771.04702,3794.946027,34.77321814,-23.89900736,-17.61055123,96.31428571,3791.97,55.91119933,3903.792399,3680.147601,13226
BBC,4/24/2024,3709.3,3779,3700,3779,-0.16%,150,556625,-0.001585205,-0.001586463,3744.8,3788.725,3772.270555,3793.76484,42.02586207,-21.49428474,-18.38729793,97.02857143,3788.725,54.60676529,3897.938531,3679.511469,13076
BBC,4/25/2024,3730,3730,3691,3700,-2.09%,350,1296910,-0.020905001,-0.021126605,3744.8,3782.475,3761.152008,3786.819296,44.62242563,-25.667288,-19.84329594,98.25,3782.475,57.32230093,3897.119602,3667.830398,12726
BBC,4/28/2024,3699,3720,3671,3672,-0.76%,176,653046,-0.007567568,-0.007596347,3739.2,3775.325,3747.436315,3778.314163,32.27383863,-30.87784852,-22.05020646,90.9,3775.325,61.7957065,3898.916413,3651.733587,12550
BBC,4/29/2024,3745.4,3745.4,3688,3688,0.44%,199,736534,0.004357298,0.004347833,3724.8,3769.725,3738.292266,3771.624225,32.60340633,-33.33195891,-24.30655695,90.43571429,3769.725,64.45932112,3898.643642,3640.806358,12749
BBC,4/30/2024,3660.5,3759,3660.1,3700,0.33%,160,594242,0.003253796,0.003248514,3707.8,3762.73,3732.401148,3766.318727,30.04484305,-33.91757864,-26.22876129,95.71428571,3762.73,64.03268984,3890.79538,3634.66462,12909
BBC,5/2/2024,3700,3760,3691,3691,-0.24%,160,595408,-0.002432432,-0.002435396,3690.2,3755.78,3726.031741,3760.739562,37.5,-34.70782111,-27.92457325,94.21428571,3755.78,63.89028919,3883.560578,3627.999422,12749
BBC,5/5/2024,3651.6,3726,3635,3726,0.95%,497,1824512,0.009482525,0.009437848,3695.4,3753.33,3726.026858,3758.166261,30.02207506,-32.13940344,-28.76753929,93.52142857,3753.33,64.05376114,3881.437522,3625.222478,13246
BBC,5/6/2024,3771,3800,3651.1,3699.8,-0.70%,190,704158,-0.007031669,-0.007056508,3700.96,3749.565,3721.991957,3753.842834,37.70883055,-31.85087787,-29.38420701,92.08571429,3749.565,64.91404256,3879.393085,3619.736915,13056
BBC,5/7/2024,3723,3724,3670,3709,0.25%,155,574193,0.002486621,0.002483534,3705.16,3741.02,3719.993194,3750.521143,47.52475248,-30.52794898,-29.6129554,82.44285714,3741.02,57.7019529,3856.423906,3625.616094,13211
BBC,5/8/2024,3783.1,3858.6,3634,3737,0.75%,251,931699,0.007549205,0.007520852,3712.56,3737.87,3722.609626,3749.519577,55.2238806,-26.90995114,-29.07235455,87.98571429,3737.87,56.00745345,3849.884907,3625.855093,13462
BBC,5/9/2024,3784,3784,3650,3749,0.32%,225,833175,0.003211132,0.003205987,3724.16,3734.07,3726.669683,3749.48109,48.83116883,-22.81140638,-27.82016491,91.84285714,3734.07,52.23595354,3838.541907,3629.598093,13687
BBC,5/12/2024,3690,3751,3680,3700,-1.31%,182,676903,-0.013070152,-0.013156318,3718.96,3729.82,3722.566655,3745.815824,45.52058111,-23.24916867,-26.90596567,95.48571429,3729.82,51.32402331,3832.468047,3627.171953,13505
BBC,5/13/2024,3631,3732,3631,3732,0.86%,265,981260,0.008648649,0.008611463,3725.4,3723.92,3724.017939,3744.792429,42.15246637,-20.77449049,-25.67967063,93.77142857,3723.92,42.86715833,3809.654317,3638.185683,13770
BBC,5/14/2024,3750,3750,3708,3742,0.27%,75,279530,0.002679528,0.002675945,3732,3726.97,3726.78441,3744.585583,63.52087114,-17.80117293,-24.10397109,94.98571429,3726.97,41.80970801,3810.589416,3643.350584,13845
BBC,5/15/2024,3788,3788,3700,3728.9,-0.35%,200,743244,-0.003500802,-0.003506944,3730.38,3721.015,3727.109885,3743.423688,48.46625767,-16.3138025,-22.54593737,95.2,3721.015,30.65873749,3782.332475,3659.697525,13645
BBC,5/16/2024,3701,3740,3699,3700,-0.78%,297,1102924.5,-0.007750275,-0.007780464,3720.58,3719.935,3722.939134,3740.207118,48.69029276,-17.26798461,-21.49034682,91.84285714,3719.935,31.01541679,3781.965834,3657.904166,13348
BBC,5/19/2024,3774,3830,3715.1,3780.1,2.16%,747,2821780,0.021648649,0.021417645,3736.6,3723.94,3731.733113,3743.162147,48.61538462,-11.42903345,-19.47808415,97.62857143,3723.94,33.3867197,3790.713439,3657.166561,14095
BBC,5/20/2024,3796,3796,3737,3750,-0.80%,100,375510,-0.007962752,-0.007994624,3740.2,3726.44,3734.543403,3743.668654,47.97507788,-9.125250824,-17.40751748,96.6,3726.44,33.37174033,3793.183481,3659.696519,13995
BBC,5/21/2024,3750,3778,3740,3775,0.67%,216,810868,0.006666667,0.006644543,3746.8,3727.19,3740.767495,3745.989495,50.24469821,-5.221999467,-14.97041388,92.25,3727.19,34.32073027,3795.831461,3658.548539,14211
BBC,5/22/2024,3715.5,3778,3715.5,3725,-1.32%,205,766787,-0.013245033,-0.013333531,3746.02,3724.19,3738.341727,3744.434717,46.20573356,-6.092990575,-13.19492922,91.78571429,3724.19,31.50867717,3787.207354,3661.172646,14006
BBC,5/26/2024,3730.8,3770,3711.1,3711.1,-0.37%,205,763848,-0.003731544,-0.003738523,3748.24,3720.795,3734.150692,3741.965479,52.28426396,-7.814787135,-12.1189008,89.49285714,3720.795,28.836955,3778.46891,3663.12109,13801
BBC,5/27/2024,3700,3800,3700,3752.2,1.11%,500,1887838,0.011074883,0.011014006,3742.66,3723.405,3736.927508,3742.723592,47.04918033,-5.796083162,-10.85433727,86,3723.405,29.21555957,3781.836119,3664.973881,14301
BBC,5/29/2024,3825,3970,3822,3846,2.50%,853,3306214.5,0.024998667,0.024691313,3761.86,3732.105,3753.707892,3750.373696,43.92361111,3.334195828,-8.016630653,97.7,3732.105,37.76010809,3807.625216,3656.584784,15154
BBC,5/30/2024,3875,3875,3756.2,3756.2,-2.33%,350,1326725,-0.023348934,-0.023625839,3758.1,3735.515,3754.091293,3750.805274,40.84249084,3.286019015,-5.75610072,90.14285714,3735.515,36.63004627,3808.775093,3662.254907,14804
BBC,6/2/2024,3750,3890,3750,3889,3.54%,504,1934698.5,0.03535488,0.034744247,3790.9,3744.965,3774.846479,3761.04192,43.22820037,13.80455833,-1.843968909,90.57142857,3744.965,49.20618569,3843.377371,3646.552629,15308
BBC,6/3/2024,3900,3900,3811.3,3870,-0.49%,100,385083,-0.004885575,-0.004897548,3822.68,3753.915,3789.485482,3769.112889,44.46564885,20.37259275,2.599343422,91.83571429,3753.915,54.83141891,3863.577838,3644.252162,15208
BBC,6/4/2024,3920,3920,3841,3870,0.00%,477,1838371,0,0,3846.24,3761.115,3801.872331,3776.586009,49.70530452,25.28632235,7.136739208,90.26428571,3761.115,60.16769788,3881.450396,3640.779604,15208
BBC,6/5/2024,3891.8,3893.9,3684.8,3800,-1.81%,1380,5157650,-0.018087855,-0.01825344,3837.04,3766.125,3801.58428,3778.320378,35.5163728,23.26390171,10.36217171,102.2,3766.125,58.95287927,3884.030759,3648.219241,13828
BBC,6/6/2024,3725,3837.5,3724,3832,0.84%,544,2053247,0.008421053,0.008385793,3852.2,3772.275,3806.263622,3782.296647,57.09219858,23.96697497,13.08313236,104.0214286,3772.275,59.09546135,3890.465923,3654.084077,14372
BBC,6/9/2024,3820,3850,3761,3830,-0.05%,628,2406193,-0.000521921,-0.000522057,3840.4,3776.925,3809.915372,3785.830228,57.91366906,24.08514377,15.28353464,107.45,3776.925,59.82808595,3896.581172,3657.268828,13744
BBC,6/10/2024,3839,3854,3784,3785,-1.17%,534,2043199.3,-0.011749347,-0.011818916,3823.4,3778.725,3806.082238,3785.76873,63.1372549,20.31350799,16.28952931,103.1642857,3778.725,59.48427368,3897.693547,3659.756453,13210
BBC,6/11/2024,3844,4080,3839,3999,5.65%,1717,6728217.5,0.05653897,0.054998443,3849.2,3793.675,3835.761894,3801.563639,64.1221374,34.1982548,19.87127441,120.0214286,3793.675,74.36842762,3942.411855,3644.938145,14927
BBC,6/12/2024,4002,4081,3975,3975,-0.60%,1549,6211992.4,-0.0060015,-0.006019582,3884.2,3805.825,3857.183141,3814.410777,70.27027027,42.77236407,24.45149234,124.8785714,3805.825,83.09952736,3972.024055,3639.625945,13378
BBC,6/13/2024,3985,4145.2,3975,4060,2.14%,1386,5617755,0.021383648,0.021158226,3929.8,3821.725,3888.385734,3832.602571,73.75886525,55.78316348,30.71782657,132.5714286,3821.725,99.12251789,4019.970036,3623.479964,14764
BBC,6/16/2024,3980,4180.9,3979,3995,-1.60%,635,2583735.5,-0.016009852,-0.016139394,3962.8,3835.03,3904.787929,3844.63201,70.04048583,60.15591899,36.60544506,142.7857143,3835.03,103.7576838,4042.545368,3627.514632,14129
BBC,6/18/2024,4050,4129,3969,3970.5,-0.61%,1136,4583486,-0.006132666,-0.006151548,3999.9,3848.555,3914.897479,3853.955565,84.72222222,60.94191355,41.47273876,147.0714286,3848.555,102.8560541,4054.267108,3642.842892,12993
BBC,6/19/2024,4049,4050.4,3920,3968,-0.06%,1060,4207227.5,-0.000629644,-0.000629842,3993.7,3857.95,3923.067097,3862.403301,82.80542986,60.66379631,45.31095027,140.8285714,3857.95,104.8366373,4067.623275,3648.276725,11933
BBC,6/20/2024,3916.1,3993,3916.1,3918,-1.26%,290,1137121.3,-0.012600806,-0.01268087,3982.3,3866.35,3922.287544,3866.521575,83.33333333,55.76596888,47.40195399,137.8357143,3866.35,102.4349062,4071.219812,3661.480188,11643
BBC,6/23/2024,3918,3984,3885,3890,-0.71%,741,2892731,-0.007146503,-0.007172162,3948.3,3872.1,3917.320229,3868.260718,71.71314741,49.05951185,47.73346556,134.9071429,3872.1,100.2414296,4072.582859,3671.617141,10902
BBC,6/24/2024,3868,3949,3868,3901.1,0.29%,566,2219250.2,0.00285347,0.002849407,3929.52,3880.905,3914.824809,3870.693257,66.66666667,44.13155251,47.01308295,134.3571429,3880.905,94.1920126,4069.289025,3692.520975,11468
BBC,6/25/2024,3979,4136,3935,4000,2.54%,398,1601035,0.025351824,0.025035796,3935.42,3895.35,3927.928685,3880.271534,70.49180328,47.65715071,47.1418965,145.4928571,3895.35,88.77745387,4072.904908,3717.795092,11866
BBC,6/26/2024,3950.1,4029,3945,3954,-1.15%,712,2827175,-0.0115,-0.011566636,3932.62,3905.44,3931.939656,3885.732902,65.38461538,46.20675443,46.95486809,136.5571429,3905.44,82.92641887,4071.292838,3739.587162,11154
BBC,6/27/2024,3980,3980,3880,3928,-0.66%,230,897102,-0.00657562,-0.006597334,3934.62,3909.54,3931.333555,3888.863798,54.94505495,42.46975728,46.05784593,135.5928571,3909.54,81.85309948,4073.246199,3745.833801,10924
BBC,6/30/2024,4000,4000,3892,3920,-0.20%,593,2320697,-0.00203666,-0.002038737,3940.62,3917.73,3929.589932,3891.170184,59.80392157,38.41974804,44.53022635,136.95,3917.73,73.46800306,4064.666006,3770.793994,10331
BBC,7/1/2024,3851,3955,3851,3921,0.03%,70,273960,0.000255102,0.00025507,3944.6,3919.33,3928.268404,3893.3798,62.03389831,34.88860408,42.6019019,139.3785714,3919.33,73.1571783,4065.644357,3773.015643,10401
BBC,7/2/2024,3999.4,3999.4,3875,3880.1,-1.04%,261,1023460.1,-0.010431012,-0.010485797,3920.62,3919.835,3920.85788,3892.396111,57.57575758,28.4617693,39.77387538,127.1928571,3919.835,72.83287484,4065.50075,3774.16925,10140
BBC,7/3/2024,3957.5,4111,3901.1,4060,4.64%,1565,6334771.5,0.046364784,0.045322047,3941.82,3929.335,3942.26436,3904.811214,47.86324786,37.45314639,39.30972958,136.1142857,3929.335,78.18521381,4085.705428,3772.964572,11705
BBC,7/4/2024,4140,4140,4050,4050,-0.25%,727,2969629.3,-0.002463054,-0.002466092,3966.22,3941.835,3958.839074,3915.565939,48.52320675,43.27313531,40.10241073,130.3857143,3941.835,76.38308076,4094.601162,3789.068838,10978
BBC,7/7/2024,4000,4050,3970,4050,0.00%,238,957421,0,0,3992.22,3952.735,3972.863832,3925.524017,42.59259259,47.33981456,41.54989149,121.6785714,3952.735,75.43308834,4103.601177,3801.868823,10978
BBC,7/8/2024,3986,3986,3950,3950,-2.47%,185,734912,-0.024691358,-0.025001302,3998.02,3958.735,3969.346319,3927.337053,40.38461538,42.00926622,41.64176644,117.3928571,3958.735,69.712366,4098.159732,3819.310268,10793
BBC,7/9/2024,4029,4050,3969,4000,1.27%,369,1470103,0.012658228,0.012578782,4022,3969.485,3974.06227,3932.719493,39.62264151,41.3427766,41.58196847,115.2214286,3969.485,56.91367679,4083.312354,3855.657646,11162
BBC,7/10/2024,4000,4000,3961,4000,0.00%,196,781994,0,0,4010,3969.535,3978.05269,3937.703235,34.75177305,40.34945536,41.33546585,112.5142857,3969.535,56.94140363,4083.417807,3855.652193,11162
BBC,7/11/2024,4000,4050,4000,4015,0.38%,463,1864976,0.00375,0.003742986,4003,3971.535,3983.736892,3943.428921,40.31620553,40.30797058,41.12996679,109.0142857,3971.535,57.83886214,4087.212724,3855.857276,11625
BBC,7/14/2024,4095.3,4150,4026.1,4050,0.87%,458,1868869.5,0.00871731,0.008679534,4003,3971.035,3993.931216,3951.323075,40.96385542,42.60814095,41.42560162,112.8714286,3971.035,57.0719977,4085.178995,3856.891005,12083
BBC,7/15/2024,4130,4130,3975.5,4087,0.91%,495,2005665,0.009135802,0.009094323,4030.4,3975.635,4008.24949,3961.373218,20.61403509,46.87627283,42.51573587,107.1285714,3975.635,62.54994026,4100.734881,3850.535119,12578
BBC,7/16/2024,4015,4279,4015,4279,4.70%,1016,4226247.5,0.046978224,0.045908133,4086.2,3991.06,4049.903415,3984.901127,29.84496124,65.00228757,47.01304621,119.9857143,3991.06,92.21906071,4175.498121,3806.621879,13594
BBC,7/17/2024,4300,4364.5,4182,4310,0.72%,1574,6768567.3,0.007244683,0.007218567,4148.2,4008.16,4089.918274,4008.982525,27.40213523,80.93574884,53.79758673,125.8785714,4008.16,116.2858339,4240.731668,3775.588332,15168
BBC,7/18/2024,4390,4396,4275,4275,-0.81%,1738,7531896,-0.00812065,-0.008153802,4200.2,4026.01,4118.392386,4028.687523,26.61870504,89.70486238,60.97904186,126.8071429,4026.01,128.478509,4282.967018,3769.052982,13430
BBC,7/21/2024,4360.5,4692,4360,4599,7.58%,3973,18013895.7,0.075789474,0.073054786,4310,4061.46,4192.332019,4070.932892,34.83870968,121.3991267,73.06305883,149.1642857,4061.46,177.4546032,4416.369206,3706.550794,17403
BBC,7/22/2024,4599,4605,4500,4530,-1.50%,1141,5203850,-0.015003262,-0.015116949,4398.6,4092.905,4244.280939,4104.937863,28.96174863,139.3430759,86.31906224,147.7785714,4092.905,201.618612,4496.142224,3689.667776,16262
BBC,7/23/2024,4595,4670,4580,4654,2.74%,1131,5212251,0.027373068,0.027005125,4473.6,4125.605,4307.314641,4145.609132,41.17647059,161.7055082,101.3963514,141.2857143,4125.605,235.8815146,4597.368029,3653.841971,17393
BBC,7/24/2024,4654,4740,4480.1,4550,-2.23%,1153,5303522,-0.022346369,-0.022599832,4521.6,4155.405,4344.65085,4175.564012,48.13278008,169.0868383,114.9344488,153.4214286,4155.405,250.2697208,4655.944442,3654.865558,16240
BBC,7/25/2024,4550,4641,4470,4590,0.88%,1557,7091079.1,0.008791209,0.008752791,4584.6,4188.505,4382.396873,4206.262974,48.84210526,176.1338993,127.1743389,159.9214286,4188.505,262.1079839,4712.720968,3664.289032,17797
BBC,7/28/2024,4681.8,4845,4530,4709,2.59%,1609,7465837,0.025925926,0.025595547,4606.6,4227.955,4432.643508,4243.502753,42.64705882,189.1407545,139.567622,175.2785714,4227.955,278.4359862,4784.826972,3671.083028,19406
BBC,7/29/2024,4675,4760,4362,4449,-5.52%,1380,6410561,-0.055213421,-0.056796219,4590.4,4254.355,4435.159891,4258.724772,44.38305709,176.4351196,146.9411215,196.5642857,4254.355,272.7738305,4799.902661,3708.807339,18026
BBC,7/30/2024,4537.9,4620,4411,4517.2,1.53%,844,3834045.5,0.015329287,0.015212981,4563.04,4286.21,4447.781446,4277.871085,46.2571977,169.9103616,151.5349695,208.7071429,4286.21,263.821267,4813.852534,3758.567466,18870
BBC,7/31/2024,4607,4690,4581,4620,2.28%,1473,6811655.5,0.02275746,0.022502372,4577.04,4314.21,4474.276609,4303.213967,48.14814815,171.0626411,155.4405038,217.4785714,4314.21,268.2297089,4850.669418,3777.750582,20343
BBC,8/1/2024,4650,4689,4570,4599.9,-0.44%,852,3947090,-0.004350649,-0.004360141,4579.02,4341.705,4493.603284,4325.190711,46.09929078,168.4125735,158.0349178,216.3357143,4341.705,267.9050018,4877.515004,3805.894996,19491
BBC,8/5/2024,4600,4700,4590,4616.1,0.35%,1445,6717665,0.003521816,0.003515629,4560.44,4370.01,4512.448933,4346.739547,46.67863555,165.7093859,159.5698114,213.1571429,4370.01,265.3563699,4900.72274,3839.29726,20936
BBC,8/6/2024,4679,4708.4,4370,4440,-3.81%,1456,6604481,-0.038149087,-0.038895816,4558.64,4394.51,4501.302943,4353.647729,48.25783972,147.6552145,157.186892,218.4714286,4394.51,246.4859618,4887.481924,3901.538076,19480
BBC,8/7/2024,4400,4540,4400,4475.1,0.79%,1045,4684532,0.007905405,0.007874321,4550.22,4418.265,4497.271721,4362.644193,47.43150685,134.6275279,152.6750192,215.4357143,4418.265,228.7174614,4875.699923,3960.830077,20525
BBC,8/8/2024,4564.6,4922.6,4406,4900,9.49%,3830,18017783,0.094947599,0.090706507,4606.22,4463.265,4559.229918,4402.448327,44.58483755,156.7815909,153.4963335,243.6928571,4463.265,230.6221409,4924.509282,4002.020718,24355
BBC,8/11/2024,4998,5115,4920,5110,4.29%,3629,18315755.9,0.042857143,0.041964199,4708.24,4518.015,4643.963777,4454.859562,49.67213115,189.1042146,160.6179098,229.2642857,4518.015,247.9301966,5013.875393,4022.154607,27984
BBC,8/12/2024,5210,5314,5000,5020,-1.76%,956,4842572.9,-0.017612524,-0.017769471,4789.02,4566.515,4701.815503,4496.721817,54.89130435,205.0936866,169.5130651,244.1928571,4566.515,246.429681,5059.374362,4073.655638,27028
BBC,8/13/2024,5110,5120,4820,4856.1,-3.26%,1455,7198256,-0.032649402,-0.033194287,4872.24,4604.97,4725.55158,4523.342423,48.44720497,202.2091569,176.0522835,255.6214286,4604.97,226.8982223,5058.766445,4151.173555,25573
BBC,8/14/2024,4952,5052,4805,4825,-0.64%,1245,6130341,-0.006404316,-0.006424912,4942.22,4632.27,4740.851337,4545.687429,45.27472527,195.1639081,179.8746084,254.7,4632.27,218.2977472,5068.865494,4195.674506,24328
BBC,8/15/2024,4921.5,5011,4900,4900,1.55%,1550,7680862,0.015544041,0.01542447,4942.22,4661.77,4765.335746,4571.932804,44.30107527,193.4029422,182.5802752,255.7714286,4661.77,212.2362911,5086.242582,4237.297418,25878
BBC,8/18/2024,4998,5190,4885,4885,-0.31%,2271,11416827.6,-0.003061224,-0.00306592,4897.22,4692.27,4783.745632,4595.122967,45.77777778,188.6226647,183.7887531,255.0571429,4692.27,197.0140553,5086.298111,4298.241889,23607
BBC,8/21/2024,4981,4982.7,4832,4834,-1.04%,587,2876624.5,-0.010440123,-0.010495003,4860.02,4704.02,4791.477073,4612.817562,41.21338912,178.659511,182.7629046,237.3928571,4704.02,198.1630206,5100.346041,4307.693959,23020
BBC,8/22/2024,4818,4898.9,4802,4802,-0.66%,936,4530493.9,-0.006619777,-0.006641784,4849.2,4717.62,4793.095985,4626.831076,43.29268293,166.2649089,179.4633055,229.3857143,4717.62,194.898218,5107.416436,4327.823564,22084
BBC,8/25/2024,4810,4810,4657,4686,-2.42%,688,3251752,-0.024156601,-0.024453158,4821.4,4719.22,4776.619679,4631.213959,44.75247525,145.4057203,172.6517885,227.9714286,4719.22,194.479347,5108.178694,4330.261306,21396
BBC,8/27/2024,4770,4770,4515,4520,-3.54%,1334,6107478.5,-0.035424669,-0.036067346,4745.4,4717.72,4737.139729,4622.975888,60.85409253,114.1638406,160.9541989,237.6857143,4717.72,195.96325,5109.6465,4325.7935,20062
BBC,8/28/2024,4605,4690,4430,4510,-0.22%,562,2541642,-0.002212389,-0.00221484,4670.4,4713.72,4702.195155,4614.607304,47.36842105,87.5878513,146.2809294,248.4,4713.72,199.4921858,5112.704372,4314.735628,19500
BBC,8/29/2024,4600,4600,4450,4529,0.42%,165,749195,0.00421286,0.004204011,4609.4,4704.72,4675.549747,4608.266022,38.87399464,67.28372459,130.4814884,234.9428571,4704.72,203.7315974,5112.183195,4297.256805,19665
BBC,9/1/2024,4530,4531,4442,4450,-1.74%,675,3030432,-0.017443144,-0.017597068,4539,4704.77,4640.849786,4596.542613,41.13475177,44.30717261,113.2466253,231.3,4704.77,203.6656473,5112.101295,4297.438705,18990
BBC,9/2/2024,4530,4628,4525,4628,4.00%,450,2059937,0.04,0.039220713,4527.4,4710.31,4638.872895,4598.87279,39.13630229,40.0001057,98.59732134,207.1142857,4710.31,199.7645348,5109.83907,4310.78093,19440
BBC,9/3/2024,4700,4700,4550,4550,-1.69%,484,2232703,-0.016853933,-0.016997576,4533.4,4706.81,4625.200142,4595.252583,37.53462604,29.9475592,84.86736892,202.4714286,4706.81,202.0304716,5110.870943,4302.749057,18956
BBC,9/4/2024,4544,4600,4508,4545,-0.11%,195,886080,-0.001098901,-0.001099505,4540.4,4704.065,4612.861659,4591.53017,37.79310345,21.33148933,72.160193,186.6142857,4704.065,203.9236113,5111.912223,4296.217777,18761
BBC,9/5/2024,4461,4550,4461,4490,-1.21%,175,786970,-0.01210121,-0.012175026,4532.6,4697.76,4593.959865,4584.009416,40.81364829,9.950448953,59.71824419,171.5428571,4697.76,208.680424,5115.120848,4280.399152,18586
BBC,9/8/2024,4460,4600,4460,4560,1.56%,726,3272721.6,0.0155902,0.015469922,4554.6,4703.76,4588.735271,4582.230941,36.37548892,6.504329583,49.07546127,163.9,4703.76,202.5132183,5108.786437,4298.733563,19312
BBC,9/9/2024,4550,4550,4477,4480.2,-1.75%,307,1376979,-0.0175,-0.017654935,4525.04,4704.015,4572.037537,4574.673094,38.1147541,-2.635556871,38.73325764,156.5428571,4704.015,202.2131296,5108.441259,4299.588741,19005
BBC,9/10/2024,4480.2,4480.3,4438,4438,-0.94%,206,916500.8,-0.009419222,-0.009463864,4502.64,4680.915,4551.416377,4564.549161,44.27374302,-13.1327835,28.36004941,137.7785714,4680.915,205.0153403,5090.945681,4270.884319,18799
BBC,9/11/2024,4430,4440,4371,4440,0.05%,286,1258961,0.000450653,0.000450552,4481.64,4647.415,4534.275396,4555.323297,42.37967914,-21.04790085,18.47845936,131.9428571,4647.415,184.9716345,5017.358269,4277.471731,19085
BBC,9/12/2024,4525,4530,4404,4500,1.35%,188,839890.5,0.013513514,0.01342302,4483.64,4621.415,4529.002258,4551.225275,41.06412005,-22.22301671,10.33816414,134.0214286,4621.415,165.3492644,4952.113529,4290.716471,19273
BBC,9/15/2024,4560,4590,4388,4450,-1.11%,716,3167035,-0.011111111,-0.011173301,4461.64,4601.11,4516.848065,4543.727106,35.95658073,-26.87904177,2.894722962,137.5214286,4601.11,159.8564155,4920.822831,4281.397169,18557
BBC,9/16/2024,4390,4450,4300,4378,-1.62%,627,2718214.5,-0.016179775,-0.016312097,4441.2,4578.76,4495.486824,4531.451024,26.3650546,-35.96420053,-4.877061736,130.0214286,4578.76,158.1452177,4895.050435,4262.469565,17930
BBC,9/18/2024,4300,4374.9,4226,4230,-3.38%,496,2125197.5,-0.033805391,-0.034390006,4399.6,4545.26,4454.642697,4509.121319,43.45238095,-54.47862177,-14.79737374,122.3071429,4545.26,157.4770974,4860.214195,4230.305805,17434
BBC,9/22/2024,4201,4305,4201,4294,1.51%,705,2979766.5,0.015130024,0.015016706,4370.4,4515.71,4429.928436,4493.186406,58.44930417,-63.25797036,-24.48949307,119.0214286,4515.71,145.3536446,4806.417289,4225.002711,18139
BBC,9/23/2024,4210,4239,4210,4239,-1.28%,505,2126750,-0.01280857,-0.012891307,4318.2,4485.96,4400.554831,4474.357784,48.91846922,-73.80295321,-34.35218509,118.6642857,4485.96,137.4551808,4760.870362,4211.049638,17634
BBC,9/24/2024,4160,4239,4101,4111,-3.02%,447,1849981,-0.030195801,-0.030661084,4250.4,4451.41,4356.007934,4447.442392,59.12518854,-91.43445882,-45.76863984,115.8071429,4451.41,140.6421884,4732.694377,4170.125623,17187
BBC,9/25/2024,4051,4182,4033,4180,1.68%,140,577460,0.016784237,0.016644939,4210.8,4426.11,4328.92979,4427.631845,57.78816199,-98.70205486,-56.35532284,115.7357143,4426.11,141.7286878,4709.567376,4142.652624,17327
BBC,9/26/2024,4180,4250,4120,4120,-1.44%,126,526096,-0.014354067,-0.014458083,4188.8,4406.11,4296.786745,4404.844301,57.65625,-108.0575554,-66.69576936,118.45,4406.11,155.3504354,4716.810871,4095.409129,17201
BBC,9/29/2024,4040,4070,4010,4015,-2.55%,290,1170451,-0.025485437,-0.025815816,4133,4381.36,4253.434938,4375.966945,62.20362622,-122.5320068,-77.86301684,119.95,4381.36,175.988045,4733.33609,4029.38391,16911
BBC,9/30/2024,4095.3,4105,4027,4105,2.24%,227,926807.8,0.02241594,0.022168396,4106.2,4360.16,4230.598794,4355.89532,66.76136364,-125.2965256,-87.34971858,116.3785714,4360.16,182.6778194,4725.515639,3994.804361,17138
BBC,10/1/2024,4171,4305.4,4171,4201,2.34%,278,1174511.7,0.023386114,0.023116849,4124.2,4347.71,4226.045133,4344.421592,63.77204885,-118.3764588,-93.55506663,124.7642857,4347.71,184.7064753,4717.122951,3978.297049,17416
BBC,10/2/2024,4285,4285,4155,4155,-1.09%,123,516378,-0.010949774,-0.011010164,4119.2,4324.06,4215.115113,4330.390363,60.93088858,-115.2752503,-97.89910335,131.0285714,4324.06,177.0520839,4678.164168,3969.955832,17293
BBC,10/6/2024,4091.1,4270,4091,4260,2.53%,112,467432,0.025270758,0.024956732,4147.2,4309.56,4222.02048,4325.176262,68.24427481,-103.155782,-98.95043909,138.8857143,4309.56,169.2788369,4648.117674,3971.002326,17405
BBC,10/7/2024,4260,4334,4250,4330,1.64%,466,1988906,0.016431925,0.016298382,4210.2,4298.81,4238.632714,4325.533576,68.8253012,-86.90086212,-96.5405237,135.8857143,4298.81,160.119317,4619.048634,3978.571366,17871
BBC,10/8/2024,4250.1,4255,4201.1,4250,-1.85%,235,997324.5,-0.018475751,-0.018648559,4239.2,4286.81,4240.381527,4319.938496,73.40764331,-79.55696918,-93.14381279,130.6642857,4286.81,153.9094946,4594.628989,3978.991011,17636
BBC,10/9/2024,4305,4305,4305,4305,1.29%,10,43050,0.012941176,0.012858155,4260,4274.06,4250.322831,4318.831941,68.79875195,-68.50911038,-88.21687231,123.8785714,4274.06,140.0228117,4554.105623,3994.014377,17646
BBC,10/15/2024,4345,4426,4345,4426,2.81%,100,436660,0.028106852,0.027719104,4314.2,4271.35,4277.350088,4326.770316,64.41515651,-49.4202283,-80.45754351,121.6642857,4271.35,136.2981542,4543.946308,3998.753692,17746
BBC,10/16/2024,4340,4431,4340,4430,0.09%,548,2416966,0.000903751,0.000903342,4348.2,4270.95,4300.834689,4334.416959,59.47467167,-33.58226965,-71.08248874,120.7357143,4270.95,135.7941457,4542.538291,3999.361709,18294
BBC,10/17/2024,4410,4410,4290.1,4290.1,-3.16%,535,2323243,-0.031580135,-0.032089541,4340.22,4263.455,4299.183199,4331.134221,79.05405405,-31.95102262,-63.25619551,124.7285714,4263.455,129.9850739,4523.425148,4003.484852,17759
BBC,10/20/2024,4204.3,4294.2,4195,4195.1,-2.21%,850,3590701,-0.022144006,-0.022392865,4329.24,4248.21,4283.170399,4321.057612,63.5678392,-37.88721344,-58.1823991,121.9571429,4248.21,118.1205758,4484.451152,4011.968848,16909
BBC,10/21/2024,4136,4182,4060,4140,-1.31%,657,2704419.8,-0.013134371,-0.01322139,4296.24,4232.71,4261.144184,4307.645937,64.10891089,-46.50175367,-55.84627001,120.9642857,4232.71,110.3301595,4453.370319,4012.049681,16252
BBC,10/22/2024,4200,4205,4057.2,4205,1.57%,491,2011023.2,0.015700483,0.015578506,4252.04,4224.06,4252.506617,4300.042535,56.33187773,-47.53591762,-54.18419953,122.2357143,4224.06,104.9923175,4434.044635,4014.075365,16743
BBC,10/23/2024,4250,4255,4250,4255,1.19%,152,646125,0.011890606,0.011820469,4217.04,4225.31,4252.890214,4296.706051,38.29787234,-43.81583619,-52.11052686,117.95,4225.31,105.2153426,4435.740685,4014.879315,16895
BBC,10/24/2024,4249.9,4249.9,4170,4229,-0.61%,74,311185,-0.006110458,-0.006129204,4204.82,4222.06,4249.214797,4291.690788,31.91489362,-42.47599078,-50.18361965,117.5928571,4222.06,103.9785271,4430.017054,4014.102946,16821
BBC,10/27/2024,4308,4308,4070,4168,-1.44%,418,1732736.2,-0.014424214,-0.014529254,4199.4,4218.51,4236.720213,4282.528507,34.09090909,-45.80829434,-49.30855459,120.2785714,4218.51,104.5800167,4427.670033,4009.349967,16403
BBC,10/28/2024,4251.3,4251.3,4130,4147,-0.50%,130,541844,-0.005038388,-0.005051123,4200.8,4220.31,4222.917103,4272.489358,46.24697337,-49.57225532,-49.36129473,119.6571429,4220.31,102.9289735,4426.167947,4014.452053,16273
BBC,10/29/2024,4228.9,4241,4150,4201,1.30%,236,993651,0.013021461,0.012937411,4200,4221.36,4219.545241,4267.19385,37.28813559,-47.64860929,-49.01875764,113.5857143,4221.36,102.6027157,4426.565431,4016.154569,16509
BBC,10/30/2024,4248,4248,4117,4220,0.45%,149,622226,0.004522733,0.004512536,4193,4226.36,4219.615204,4263.69801,39.21971253,-44.08280561,-48.03156724,116.9428571,4226.36,99.80165277,4425.963306,4026.756694,16658
BBC,11/5/2024,4151,4233,4151,4233,0.31%,85,355496,0.003080569,0.003075833,4193.8,4237.26,4221.674403,4261.424083,36.1003861,-39.74967958,-46.37518971,113.5928571,4237.26,86.52406662,4410.308133,4064.211867,16743
BBC,11/6/2024,4250,4269,4250,4260,0.64%,342,1457709,0.006378455,0.006358199,4212.2,4245.01,4227.570649,4261.318595,36.5234375,-33.74794632,-43.84974103,112.2357143,4245.01,80.80679297,4406.623586,4083.396414,17085
BBC,11/10/2024,4200,4400,4200,4399,3.26%,740,3208718.8,0.032629108,0.032108082,4262.6,4254.91,4253.944395,4271.517218,37.7016129,-17.57282258,-38.59435734,117.8785714,4254.91,87.02112811,4428.952256,4080.867744,17825
BBC,11/11/2024,4430,4430,4331,4395,-0.09%,446,1954937,-0.000909298,-0.000909711,4301.4,4266.91,4275.645258,4280.664091,35.49618321,-5.018833064,-31.87925248,118.45,4266.91,89.04288086,4444.995762,4088.824238,17379
BBC,11/12/2024,4410,4483,4393.4,4393.4,-0.04%,544,2408195.4,-0.00036405,-0.000364116,4336.08,4273.58,4293.761372,4289.014899,31.16089613,4.746473057,-24.55410738,114.8571429,4273.58,93.38833805,4460.356676,4086.803324,16835
BBC,11/13/2024,4393,4450,4305.2,4305.2,-2.01%,100,436812,-0.020075568,-0.02027982,4350.52,4272.34,4295.521161,4290.213795,33.55263158,5.307365623,-18.58181278,118.1142857,4272.34,92.7623188,4457.864638,4086.815362,16735
BBC,11/14/2024,4300,4385,4300,4375,1.62%,419,1815534,0.016212952,0.016082925,4373.52,4278.59,4307.748674,4296.494255,28.19905213,11.25441974,-12.61456627,114.5357143,4278.59,95.35276829,4469.295537,4087.884463,17154
BBC,11/17/2024,4302,4500,4300,4465,2.06%,770,3424748,0.020571429,0.020362695,4386.72,4286.59,4331.941186,4308.976162,34.21750663,22.9650243,-5.498648159,118.2642857,4286.59,104.0045692,4494.599138,4078.580862,17924
BBC,11/19/2024,4465,4465,4270,4270,-4.37%,940,4068405,-0.043673012,-0.044655387,4361.72,4278.79,4322.411773,4306.089039,33.94736842,16.32273415,-1.134371697,128.6214286,4278.79,98.71419084,4476.218382,4081.361618,16984
BBC,11/20/2024,4200,4306,4185,4300,0.70%,531,2272112,0.007025761,0.007001195,4343.04,4272.29,4318.963808,4305.637999,28.60310421,13.325809,1.757664443,131.1928571,4272.29,92.30548196,4456.900964,4087.679036,17515
BBC,11/21/2024,4300,4300,4200,4200,-2.33%,525,2220431,-0.023255814,-0.023530497,4322,4267.785,4300.661684,4297.812962,26.81912682,2.848721673,1.975875889,121.3357143,4267.785,93.58038636,4454.945773,4080.624227,16990
BBC,11/24/2024,4200,4250,4127.5,4175.1,-0.59%,131,547242.1,-0.005928571,-0.005946215,4282.02,4266.785,4281.344501,4288.723113,14.14634146,-7.378611381,0.104978435,121.4214286,4266.785,94.50031621,4455.785632,4077.784368,16859
BBC,11/25/2024,4205,4205,4175,4176,0.02%,134,561263.4,0.000215564,0.00021554,4224.22,4268.585,4265.137655,4280.373253,46.64107486,-15.23559755,-2.963136761,116.85,4268.585,92.27492261,4453.134845,4084.035155,16993
BBC,11/26/2024,4250,4590,4250,4500,7.76%,1789,8075095,0.077586207,0.074723546,4270.22,4283.335,4301.270324,4296.641901,34.38485804,4.628422951,-1.444824819,137.0642857,4283.335,104.362013,4492.059026,4074.610974,18782
BBC,11/27/2024,4590,4950,4590,4950,10.00%,4229,20799038.6,0.1,0.09531018,4400.22,4318.085,4401.074889,4345.038797,34.169279,56.03609231,10.05135861,163.35,4318.085,181.575744,4681.236488,3954.933512,23011
BBC,11/28/2024,5049,5445,5049,5445,10.00%,1761,9577018,0.1,0.09531018,4649.22,4378.885,4561.678752,4426.517404,34.6581876,135.1613479,35.07335646,196.1357143,4378.885,309.0302102,4996.94542,3760.82458,24772
BBC,12/1/2024,5553.9,5989.5,5400,5989.5,10.00%,14688,85552954.8,0.1,0.09531018,5012.1,4469.96,4781.34356,4542.293893,35.68075117,239.0496667,75.8686185,223.9571429,4469.96,470.0620803,5410.084161,3529.835839,39460
BBC,12/2/2024,6109.2,6588.4,6109.2,6588.4,10.00%,2406,15838811,0.099991652,0.095302591,5494.58,4592.03,5059.352243,4693.857308,35.23956723,365.4949344,133.7938817,259.6642857,4592.03,660.2898886,5912.609777,3271.450223,41866
BBC,12/3/2024,6720.1,7247,6626,7015,6.48%,9407,66046851.6,0.064750167,0.062740187,5997.58,4732.73,5360.221129,4865.793804,33.93124066,494.4273245,205.9205702,300.3071429,4732.73,846.2182549,6425.16651,3040.29349,51273
BBC,12/4/2024,6874.7,6874.7,6313.5,6372,-9.17%,8331,54390893.2,-0.091660727,-0.096137322,6281.98,4840.33,5515.879416,4977.364633,32.70893372,538.5147831,272.4394128,340.0714286,4840.33,911.8627621,6664.055524,3016.604476,42942
BBC,12/5/2024,6372,6899,6160,6630,4.05%,7545,48506094.1,0.040489642,0.039691412,6518.98,4960.18,5687.282583,5099.782068,31.22238586,587.5005152,335.4516333,386.7857143,4960.18,982.6165063,6925.413013,2994.946987,50487
BBC,12/8/2024,6500,6895,6473,6483,-2.22%,3848,25533394.2,-0.022171946,-0.022421438,6617.68,5071.33,5809.700647,5202.242655,28.29131653,607.4579918,389.852905,402.6428571,5071.33,1024.099374,7119.528749,3023.131251,46639
BBC,12/9/2024,6610,6610,6300.1,6400,-1.28%,2563,16374798.6,-0.012802715,-0.012885376,6580,5171.38,5900.515932,5290.965422,34.56790123,609.5505106,433.7924261,410.85,5171.38,1052.314425,7276.00885,3066.75115,44076
BBC,12/10/2024,6450,6650,6370,6420,0.31%,2402,15638677.9,0.003125,0.003120127,6461,5272.63,5980.436558,5374.597613,44.87734488,605.8389454,468.20173,422.2071429,5272.63,1070.93668,7414.50336,3130.75664,46478
BBC,12/11/2024,6425,6548,6300,6525,1.64%,3535,22645429.6,0.01635514,0.016222836,6491.6,5379.21,6064.215549,5459.812604,47.70642202,604.4029448,495.4419729,432.7785714,5379.21,1084.809015,7548.82803,3209.59197,50013
BBC,12/12/2024,6502,6630,6403.1,6440.1,-1.30%,1573,10296234.1,-0.013011494,-0.013096885,6453.62,5485.955,6122.043926,5532.426486,43.09392265,589.6174407,514.2770665,440.2357143,5485.955,1078.583418,7643.121835,3328.788165,48440
BBC,12/16/2024,6320,6494,6100,6200,-3.73%,2891,17982480,-0.03728203,-0.037994776,6397.02,5577.205,6134.037168,5581.876375,23.13296903,552.1607928,521.8538118,466.2357143,5577.205,1056.62346,7690.45192,3463.95808,45549
BBC,12/17/2024,6140,6400,6140,6240,0.65%,1727,10791023.7,0.006451613,0.00643089,6365.02,5665.955,6150.339142,5630.626274,46.41509434,519.7128688,521.4256232,455.2357143,5665.955,1032.558794,7731.072588,3600.837412,47276
BBC,12/18/2024,6363,6392,6180,6270,0.48%,948,5898511.9,0.004807692,0.004796172,6335.02,5765.955,6168.748505,5677.98729,46.41509434,490.7612148,515.2927415,438.2357143,5765.955,986.0488829,7738.052766,3793.857234,48224
BBC,12/19/2024,6270,6280,6089,6089,-2.89%,1555,9568807,-0.028867624,-0.02929249,6247.82,5855.405,6156.479504,5708.432676,40.32786885,448.0468281,501.8435588,416.5214286,5855.405,925.3410054,7706.087011,4004.722989,46669
BBC,12/22/2024,6100,6210,5902,6000,-1.46%,1624,9718042.5,-0.014616522,-0.014724395,6159.8,5945.405,6132.405734,5730.030256,39.20265781,402.3754786,481.9499428,396.4142857,5945.405,839.4047248,7624.21445,4266.59555,45045
BBC,12/23/2024,6100,6194,5946,6029.9,0.50%,1181,7128569.5,0.004983333,0.004970958,6125.78,6038.145,6116.635621,5752.242829,48.99224806,364.392792,458.4385126,371.35,6038.145,728.6812533,7495.507507,4580.782493,46226
BBC,12/24/2024,5955,6140,5917,5997.9,-0.53%,1239,7412476,-0.005306887,-0.005321019,6077.36,6129.24,6098.368603,5770.439657,52.77777778,327.9289459,432.3365993,340.2357143,6129.24,582.9426571,7295.125314,4963.354686,44987
BBC,12/26/2024,6000,6340,5935,6150,2.54%,2333,14189295.5,0.025358876,0.025042674,6053.36,6211.74,6106.311895,5798.555238,54.89566613,307.7566568,407.4206108,319.0571429,6211.74,439.2879219,7090.315844,5333.164156,47320
BBC,12/29/2024,6150,6249.9,6000,6088,-1.01%,1394,8500921.8,-0.010081301,-0.010132461,6053.16,6268.64,6103.49468,5819.995591,54.96794872,283.4990895,382.6363065,284.1214286,6268.64,326.4703781,6921.580756,5615.699244,45926
BBC,12/31/2024,5980.2,5989.9,5782,5889,-3.27%,1602,9425785.7,-0.032687254,-0.033233417,6030.96,6290.84,6070.495499,5825.107028,59.38037866,245.3884702,355.1867392,275.8357143,6290.84,279.1869896,6849.213979,5732.466021,44324
BBC,1/1/2025,5820,5995,5800,5929,0.68%,1212,7077638.8,0.006792325,0.006769361,6010.78,6287.815,6048.72696,5832.802804,57.63016158,215.9241563,327.3342227,267.6285714,6287.815,282.9265764,6853.668153,5721.961847,45536
BBC,1/2/2025,5900,5900,5750,5799,-2.19%,1428,8257939,-0.021926126,-0.022170076,5971,6248.345,6010.307428,5830.298893,48.69888476,180.0085353,297.8690852,260.4142857,6248.345,293.6461036,6835.637207,5661.052793,44108
BBC,1/5/2025,5719,5950,5705,5873,1.28%,1994,11599015,0.012760821,0.012680088,5915.6,6191.245,5989.183208,5833.461938,45.54973822,155.7212707,269.4395223,260.2,6191.245,243.4671089,6678.179218,5704.310782,46102
BBC,1/6/2025,5945,5980,5800,5901,0.48%,2275,13400403.8,0.00476758,0.004756252,5878.2,6167.695,5975.616561,5838.464757,42.37012987,137.1518038,242.9819786,256.85,6167.695,247.8036329,6663.302266,5672.087734,48377
BBC,1/7/2025,6019,6019,5853,5938,0.63%,737,4351282,0.006270124,0.006250548,5888,6133.095,5969.829398,5845.837738,40.03067485,123.9916596,219.1839148,240.5642857,6133.095,227.3204149,6587.73583,5678.45417,49114
BBC,1/8/2025,6056.7,6056.7,5820,5840,-1.65%,615,3609998,-0.016503873,-0.01664158,5870.2,6100.945,5949.855644,5845.405313,32.35294118,104.4503312,196.2371981,238.9,6100.945,220.5991327,6542.143265,5659.746735,48499
BBC,1/9/2025,5897,5898,5749,5794,-0.79%,1054,6087608,-0.007876712,-0.007907897,5869.2,6070.645,5925.877853,5841.597512,23.82165605,84.28034073,173.8458266,234.4,6070.645,218.9730949,6508.59119,5632.69881,47445
BBC,1/12/2025,5909.8,5909.8,5695,5739,-0.95%,530,3046470,-0.009492579,-0.00953792,5842.4,6036.595,5897.127414,5833.997696,19.35817805,63.12971755,151.7026048,236.1,6036.595,214.6952,6465.9854,5607.2046,46915
BBC,1/13/2025,5660,5824,5625,5629,-1.92%,1243,7021159,-0.019167102,-0.019353173,5788,5991.795,5855.877042,5818.812682,16.33187773,37.06436073,128.774956,228.3142857,5991.795,200.425861,6392.646722,5590.943278,45672
BBC,1/15/2025,5741.5,5741.5,5627,5630,0.02%,299,1688751,0.000177651,0.000177636,5726.4,5951.29,5821.126728,5804.826557,28.23970037,16.30017108,106.279999,218.7785714,5951.29,186.4269489,6324.143898,5578.436102,45971
BBC,1/16/2025,5700,6091,5521,5759,2.29%,806,4651127,0.022912966,0.022654406,5710.2,5929.24,5811.56877,5801.431997,38.35263835,10.13677267,87.05135373,243.5642857,5929.24,181.4763821,6292.192764,5566.287236,46777
BBC,1/19/2025,5863,5863,5700,5750,-0.16%,383,2206645.9,-0.001562771,-0.001563994,5701.4,5904.74,5802.096652,5797.62222,46.53409091,4.474431787,70.53596934,226.2785714,5904.74,170.0294197,6244.798839,5564.681161,46394
BBC,1/20/2025,5800,5834.9,5651,5810,1.04%,1111,6397082,0.010434783,0.010380716,5715.6,5881.74,5803.312551,5798.539092,51.86700767,4.773458934,57.38346726,221.5642857,5881.74,147.6608611,6177.061722,5586.418278,47505
BBC,1/21/2025,5700,5899,5590,5681.1,-2.22%,620,3542560,-0.022185886,-0.022435695,5726.02,5861.345,5784.51062,5789.8399,52.5466465,-5.329280012,44.84091781,221.7785714,5861.345,145.6837688,6152.712538,5569.977462,46885
BBC,1/22/2025,5585,6164,5585,5832,2.66%,1910,11133677.5,0.026561757,0.026215119,5766.42,5852.945,5791.816679,5792.962871,48.65900383,-1.14619195,35.64349586,249.2071429,5852.945,142.0667318,6137.078464,5568.811536,48795
BBC,1/23/2025,5915,5915,5772,5821,-0.19%,919,5338423.8,-0.001886145,-0.001887926,5778.82,5842.5,5796.306421,5795.039695,49.17715392,1.266725386,28.76814176,246.6357143,5842.5,135.9182456,6114.336491,5570.663509,47876
BBC,1/26/2025,5897.5,5897.5,5712,5770,-0.88%,812,4686710,-0.008761381,-0.008799988,5782.82,5831.105,5792.259279,5793.184903,50.02461841,-0.925623999,22.82938861,242.3857143,5831.105,131.6917832,6094.488566,5567.721434,47064
BBC,1/27/2025,5800,5800,5660,5660,-1.91%,1654,9408959,-0.019064125,-0.019248188,5752.82,5806.605,5771.911698,5783.319355,53.97959184,-11.407657,15.98197949,239.5285714,5806.605,113.575778,6033.756556,5579.453444,45410
BBC,1/28/2025,5750,6002,5670,5675,0.27%,795,4568225,0.002650177,0.002646671,5751.6,5785.955,5757.002206,5775.295699,55.276907,-18.29349304,9.126884981,252.1,5785.955,95.88863318,5977.732266,5594.177734,46205
BBC,2/2/2025,5675,5799,5675,5753,1.37%,661,3810609.5,0.013744493,0.013650895,5735.8,5779.155,5756.386482,5773.644165,52.08226221,-17.25768375,3.849971236,244.05,5779.155,92.97450966,5965.104019,5593.205981,46866
BBC,2/3/2025,5858,5860,5725,5799.9,0.82%,1197,6902397.5,0.008152268,0.008119218,5731.58,5772.7,5763.080869,5775.589042,61.39561058,-12.50817295,0.5783424,243.05,5772.7,86.26288462,5945.225769,5600.174231,48063
BBC,2/4/2025,5823,5845,5701,5769,-0.53%,649,3727750,-0.005327678,-0.005341921,5731.38,5771.2,5763.991505,5775.100965,73.55425601,-11.10946023,-1.759218127,237.9928571,5771.2,86.04203991,5943.28408,5599.11592,47414
BBC,2/5/2025,5799,5800,5680,5680.2,-1.54%,473,2699361,-0.015392616,-0.015512312,5735.42,5761.56,5751.100504,5768.071264,80.85714286,-16.97075984,-4.80152647,232.35,5761.56,84.82818176,5931.216364,5591.903636,46941
BBC,2/6/2025,5749.9,5749.9,5566.6,5677.9,-0.04%,1744,9790524.4,-0.000404915,-0.000404997,5736,5750.405,5739.838888,5761.391911,73.54948805,-21.55302296,-8.151825768,237.2642857,5750.405,80.06161755,5910.528235,5590.281765,45197
BBC,2/9/2025,5576,6245,5576,5690.1,0.21%,540,3104551,0.002148682,0.002146377,5723.42,5738.01,5732.186751,5756.111029,63.60824742,-23.92427728,-11.30631607,244.3357143,5738.01,67.72991176,5873.469824,5602.550176,45737
BBC,2/10/2025,5690,5797,5607,5700,0.17%,274,1554781.2,0.001739864,0.001738352,5703.44,5731.01,5727.234943,5751.954656,52.74431058,-24.71971268,-13.98899539,246.2642857,5731.01,63.75210131,5858.514203,5603.505797,46011
BBC,2/11/2025,5750,5799,5563,5640,-1.05%,2119,11926311,-0.010526316,-0.010582109,5677.64,5723.31,5713.814183,5743.661719,32.53833049,-29.84753572,-17.16070346,249.9857143,5723.31,65.03098776,5853.371976,5593.248024,43892
BBC,2/12/2025,5752.8,5752.8,5564,5590,-0.89%,788,4404471,-0.008865248,-0.008904778,5659.6,5715.86,5694.765847,5732.279369,26.74418605,-37.51352202,-21.23126717,241.4,5715.86,71.36521635,5858.590433,5573.129567,43104
BBC,2/13/2025,5700,5700,5517,5587,-0.05%,1668,9251897.1,-0.000536673,-0.000536817,5641.42,5713.76,5678.186486,5721.517934,36.86354379,-43.33144836,-25.65130341,213.1142857,5713.76,74.60031325,5862.960626,5564.559374,41436
BBC,2/16/2025,5500,5657,5500,5600,0.23%,924,5119057.5,0.00232683,0.002324127,5623.4,5712.26,5666.157796,5712.516606,36.71399594,-46.35881004,-29.79280474,214.1142857,5712.26,76.64666986,5865.55334,5558.96666,42360
BBC,2/17/2025,5550,5620,5500,5520.2,-1.43%,747,4129403,-0.01425,-0.014352506,5587.44,5700.32,5643.70275,5698.270931,35.14563107,-54.56818105,-34.74788,209.4357143,5700.32,86.8969965,5874.113993,5526.526007,41613
BBC,2/18/2025,5500.1,5599.9,5450,5535,0.27%,822,4527218,0.002681062,0.002677475,5566.44,5689.57,5626.97925,5686.176788,26.73076923,-59.19753803,-39.6378116,210.1428571,5689.57,93.47727616,5876.524552,5502.615448,42435
BBC,2/20/2025,5535.1,5814,5530,5744,3.78%,2980,16850347.7,0.037759711,0.037064266,5597.24,5686.27,5644.982443,5690.459989,24.82142857,-45.47754663,-40.80575861,206,5686.27,90.10621277,5866.482426,5506.057574,45415
BBC,2/23/2025,5750,5790,5570,5660,-1.46%,757,4295088,-0.014623955,-0.01473194,5611.84,5685.215,5647.292836,5688.203694,45.83987441,-40.91085768,-40.82677842,212.8571429,5685.215,90.29326066,5865.801521,5504.628479,44658
BBC,2/24/2025,5759,5759,5585,5650,-0.18%,363,2038803.1,-0.001766784,-0.001768347,5621.84,5676.115,5647.709323,5685.37379,48.12030075,-37.66446768,-40.19431627,215.6428571,5676.115,83.64796078,5843.410922,5508.819078,44295
BBC,2/25/2025,5537,5750,5428,5499,-2.67%,2109,11632404.5,-0.026725664,-0.027089288,5617.6,5660.015,5624.830965,5671.568324,51.06382979,-46.73735907,-41.50292483,228.3571429,5660.015,85.26630281,5830.547606,5489.482394,42186
BBC,2/27/2025,5554.9,5608.9,5450,5570,1.29%,661,3666192,0.012911438,0.012828796,5624.6,5650.015,5616.395432,5664.044745,50.77574048,-47.64931261,-42.73220239,231.1357143,5650.015,83.39585548,5816.806711,5483.223289,42847
BBC,3/2/2025,5590,5633.9,5500.1,5628,1.04%,1269,7077098.5,0.010412926,0.010359085,5601.4,5648.415,5618.18075,5661.374764,56.63841808,-43.1940134,-42.82456459,227.6,5648.415,83.50110793,5815.417216,5481.412784,44116
BBC,3/3/2025,5724,5730,5520.1,5581.1,-0.83%,1271,7158142.5,-0.008333333,-0.00836825,5585.62,5643.72,5612.47602,5655.428485,60.6557377,-42.95246543,-42.85014476,194.8071429,5643.72,84.5607698,5812.84154,5474.59846,42845
BBC,3/4/2025,5511,5650,5511,5530,-0.92%,851,4740405,-0.009155901,-0.009198074,5561.62,5632.57,5599.787401,5646.137486,62.86919831,-46.35008494,-43.55013279,191.1642857,5632.57,84.09381415,5800.757628,5464.382372,41994
BBC,3/5/2025,5491,5599,5490,5560,0.54%,571,3165286.5,0.005424955,0.005410293,5573.82,5620.575,5593.666263,5639.756932,68.74115983,-46.09066905,-44.05824005,182.0928571,5620.575,75.6561117,5771.887223,5469.262777,42565
BBC,3/6/2025,5500,5595.9,5500,5543.9,-0.29%,638,3529573,-0.002895683,-0.002899884,5568.6,5609.32,5586.009914,5632.656418,69.23076923,-46.64650368,-44.57589277,175.4571429,5609.32,68.85097255,5747.021945,5471.618055,41927
BBC,3/9/2025,5640,5640,5452.1,5499,-0.81%,1105,6079993.4,-0.008098992,-0.008131967,5542.8,5600.26,5572.623774,5622.755943,68.37481698,-50.13216895,-45.68714801,175.8071429,5600.26,70.92380196,5742.107604,5458.412396,40822
BBC,3/10/2025,5450,5588,5400,5401,-1.78%,890,4842827,-0.017821422,-0.017982136,5506.78,5586.415,5546.220116,5606.329577,70.43740573,-60.10946032,-48.57161047,178.0214286,5586.415,81.2457045,5748.906409,5423.923591,39932
BBC,3/11/2025,5489.9,5489.9,5300,5300,-1.87%,943,5041944,-0.018700241,-0.018877301,5460.78,5566.91,5508.340098,5583.638497,74.52135493,-75.29839846,-53.91696807,183.0142857,5566.91,99.76037026,5766.430741,5367.389259,38989
BBC,3/12/2025,5405,5405,5300,5316,0.30%,2205,11760023,0.003018868,0.00301432,5411.98,5547.71,5478.749314,5563.813423,80.06329114,-85.06410899,-60.14639625,179.8071429,5547.71,109.2945268,5766.299054,5329.120946,41194
BBC,3/16/2025,5300,5600,5219,5600,5.34%,2307,12322535.9,0.053423627,0.052045457,5423.2,5545.71,5497.403266,5566.49391,85.71428571,-69.09064448,-61.9352459,186.7357143,5545.71,107.8735561,5761.457112,5329.962888,43501
BBC,3/17/2025,5490,5699,5379,5391,-3.73%,545,2968439.7,-0.037321429,-0.038035701,5401.6,5535.76,5481.033533,5553.494361,83.89513109,-72.46082876,-64.04036247,193.8785714,5535.76,112.64544,5761.05088,5310.46912,42956
BBC,3/18/2025,5495,5540,5356,5356,-0.65%,843,4600002.6,-0.006492302,-0.006513469,5392.6,5524.21,5461.797604,5538.865149,75.66371681,-77.0675449,-66.64579896,194.5928571,5524.21,118.7901684,5761.790337,5286.629663,42113
BBC,3/19/2025,5463.1,5500,5390,5395,0.73%,472,2560146.1,0.007281553,0.007255171,5411.6,5513.96,5451.52105,5528.208472,71.05263158,-76.6874217,-68.6541235,181.8785714,5513.96,120.7347741,5755.429548,5272.490452,42585
BBC,3/20/2025,5305,5487,5305,5410.69,0.29%,346,1872051.9,0.002908248,0.002904028,5430.538,5508.4845,5445.23935,5519.5034,82.32044199,-74.26404971,-69.77610875,183.5285714,5508.4845,122.900679,5754.285858,5262.683142,42931
BBC,3/23/2025,5310,5409.9,5254,5254,-2.90%,555,2947468,-0.028959338,-0.029386935,5361.338,5494.4345,5415.817911,5499.836481,71.58774373,-84.01856967,-72.62460093,185.1635714,5494.4345,135.1603726,5764.755245,5224.113755,42376
BBC,3/24/2025,5253.2,5400,5192,5312.82,1.12%,526,2794400.7,0.01119528,0.011133076,5345.702,5472.8755,5399.972079,5485.983408,71.10481586,-86.01132953,-75.30194665,185.0278571,5472.8755,127.424545,5727.72459,5218.02641,42902
BBC,3/25/2025,5415,5415,5210,5211.4,-1.91%,1426,7469599,-0.019089674,-0.019274234,5316.782,5450.4455,5370.96099,5465.643897,61.51603499,-94.68290686,-79.17813869,189.7421429,5450.4455,132.1472542,5714.740008,5186.150992,41476
BBC,3/26/2025,5125,5296,5125,5264.2,1.01%,250,1310208,0.010131634,0.010080654,5290.622,5431.1555,5354.536222,5450.722127,56.57894737,-96.1859044,-82.57969183,194.1707143,5431.1555,129.6185385,5690.392577,5171.918423,41726
BBC,3/27/2025,5201,5698,5201,5609.16,6.55%,4977,27549225,0.065529425,0.063471788,5330.316,5436.6635,5393.709111,5462.458265,60.77738516,-68.74915428,-79.81358432,222.8207143,5436.6635,134.8867575,5706.437015,5166.889985,46703
BBC,3/30/2025,5640,5750,5550,5595.53,-0.24%,2486,14064222.2,-0.002429954,-0.002432911,5398.622,5437.94,5424.758479,5472.315431,60.42402827,-47.55695228,-73.36225791,223.685,5437.94,136.3280994,5710.596199,5165.283801,44217
BBC,4/1/2025,5501,5950,5486,5822.95,4.06%,4253,24288715.4,0.040643156,0.039838941,5500.648,5447.6875,5486.018713,5498.288362,60.42402827,-12.26964927,-61.14373618,243.3992857,5447.6875,156.1597165,5760.006933,5135.368067,48470
BBC,4/2/2025,5939,6405.2,5732,6403.05,9.96%,9596,59780852.7,0.099623043,0.094967433,5738.978,5488.785,5627.100449,5565.307743,60.28368794,61.79270665,-36.55644762,277.9207143,5488.785,264.024501,6016.834002,4960.735998,58066
BBC,4/3/2025,6531,6661.6,6223,6289.14,-1.78%,3671,23588548.3,-0.017789959,-0.017950103,5943.966,5526.742,5728.952688,5618.924947,53.125,110.027741,-7.239609899,301.7492857,5526.742,319.0878924,6164.917785,4888.566215,54395
BBC,4/7/2025,6301,6320,6000,6083.61,-3.27%,3044,18708797.8,-0.032680144,-0.033226067,6038.856,5552.9225,5783.515351,5653.346062,56.39534884,130.1692893,20.24216995,297.3921429,5552.9225,342.5763136,6238.075127,4867.769873,51351
BBC,4/8/2025,5962.2,6198,5867,6134.86,0.84%,2458,14700755.8,0.008424274,0.008388988,6146.722,5582.4705,5837.568374,5689.013761,49.15254237,148.5546131,45.90465858,298.1778571,5582.4705,366.4136463,6315.297793,4849.643207,53809
BBC,4/9/2025,6250,6330,5990,6104.75,-0.49%,3153,19251594.6,-0.004908017,-0.004920101,6203.082,5612.758,5878.67324,5719.809038,47.07792208,158.8642017,68.4965672,309.3207143,5612.758,383.7750261,6380.308052,4845.207948,50656
BBC,4/10/2025,6219.9,6220,6000,6102.13,-0.04%,1862,11378931,-0.000429174,-0.000429266,6142.898,5647.8145,5913.051203,5748.129109,51.48809524,164.9220935,87.78167247,314.7492857,5647.8145,395.2645005,6438.343501,4857.285499,48794
BBC,4/13/2025,5981,6200,5981,6013.36,-1.45%,1120,6778123.5,-0.014547379,-0.01465423,6087.742,5683.4825,5928.483325,5767.775842,44.47852761,160.7074836,102.3668347,317.3921429,5683.4825,394.4116834,6472.305867,4894.659133,47674
BBC,4/15/2025,5940,6126,5932,5964.17,-0.82%,982,5896844,-0.008180119,-0.00821376,6063.854,5715.891,5933.973583,5782.323557,44.47852761,151.6500258,112.2234729,320.0571429,5715.891,389.2223564,6494.335713,4937.446287,46692
BBC,4/16/2025,6083.4,6083.4,5920,5972,0.13%,579,3468454,0.00131284,0.001311979,6031.282,5734.491,5939.823801,5796.373664,51.08108108,143.4501369,118.4688057,316.8714286,5734.491,392.2692891,6519.029578,4949.952422,47271
BBC,4/17/2025,6091,6091,5861,5965.35,-0.11%,770,4597188,-0.00111353,-0.00111415,6003.402,5763.2085,5943.750909,5808.89043,59.9469496,134.8604788,121.7471403,318.6571429,5763.2085,386.7846281,6536.777756,4989.639244,46501
BBC,4/20/2025,6080,6081,5860,6029,1.07%,1140,6803643.5,0.010669952,0.01061343,5988.776,5796.8585,5956.866153,5825.194842,59.9469496,131.671311,123.7319745,322.2285714,5796.8585,378.6836293,6554.225759,5039.491241,47641
BBC,4/21/2025,6100,6100,5885,5935.33,-1.55%,1196,7145710.3,-0.015536573,-0.015658531,5973.17,5823.875,5953.552899,5833.353002,63.12849162,120.1998968,123.0255589,302.0857143,5823.875,367.617565,6559.11013,5088.63987,46445
BBC,4/22/2025,6035,6035,5778.1,5836.51,-1.66%,2788,16439904,-0.016649453,-0.016789613,5947.638,5845.166,5935.546299,5833.586854,57.36040609,101.9594453,118.8123362,306.15,5845.166,354.5258118,6554.217624,5136.114376,43657
BBC,4/23/2025,5871,5951,5780,5816,-0.35%,666,3888121.3,-0.003514086,-0.003520275,5916.438,5873.266,5917.154561,5832.284124,61.02088167,84.87043688,112.0239563,285.2214286,5873.266,326.3565768,6525.979154,5220.552846,42991
BBC,4/24/2025,5899,6000,5776.2,5840.46,0.42%,1070,6305797.5,0.00420564,0.004196821,5891.46,5899.648,5905.355398,5832.889744,48.07692308,72.46565322,104.1122957,253.1214286,5899.648,298.8328177,6497.313635,5301.982365,44061
BBC,4/27/2025,5949,6248,5800,5915.6,1.29%,2290,13714209,0.012865425,0.012783368,5868.78,5934.858,5906.93149,5839.01643,56.10278373,67.9150603,96.87284864,253.7928571,5934.858,251.1546264,6437.167253,5432.548747,46351
BBC,4/28/2025,6033.9,6139,5914,5949.9,0.58%,437,2602849,0.005798228,0.005781483,5871.694,5969.143,5913.54203,5847.230028,59.48616601,66.31200247,90.7606794,247.0071429,5969.143,195.398266,6359.939532,5578.346468,46788
BBC,4/29/2025,6040,6537,5899,5923.87,-0.44%,1634,9836330.1,-0.004374863,-0.004384461,5889.166,5984.8785,5915.130949,5852.907063,53,62.22388592,85.05332071,268.9357143,5984.8785,176.6559144,6338.190329,5631.566671,45154
BBC,4/30/2025,6028.9,6028.9,5880,5941.27,0.29%,788,4682237,0.002937269,0.002932964,5914.22,6002.1655,5919.152341,5859.452466,59.09090909,59.69987567,79.9826317,255.2857143,6002.1655,151.7046246,6305.574749,5698.756251,45942
BBC,5/4/2025,6000,6050,5812,5877.75,-1.07%,345,2034662.6,-0.010691317,-0.01074888,5921.678,6004.9055,5912.78275,5860.807838,61.70212766,51.97491179,74.38108772,256.5714286,6004.9055,148.7637545,6302.433009,5707.377991,45597
BBC,5/5/2025,5960,5960,5790.1,5830.67,-0.80%,471,2751531,-0.008009868,-0.008042119,5904.692,5976.2865,5900.150019,5858.575406,66.85082873,41.57461346,67.81979287,253.0642857,5976.2865,120.5121662,6217.310832,5735.262168,45126
BBC,5/6/2025,5947.1,6120,5799.2,5960,2.22%,326,1926446,0.022180984,0.021938565,5906.712,5959.8295,5909.357709,5866.088339,67.22222222,43.26936989,62.90970827,262.1214286,5959.8295,95.39715942,6150.623819,5769.035181,45452
BBC,5/7/2025,5845,5999,5842.5,5990,0.50%,265,1570724,0.005033557,0.005020931,5919.938,5955.149,5921.764215,5875.26698,65.83011583,46.49723467,59.62721355,261.6285714,5955.149,91.20891224,6137.566824,5772.731176,45717
BBC,5/8/2025,5880,6108,5807,5862.4,-2.13%,1613,9636061,-0.02130217,-0.021532336,5904.164,5941.526,5912.631259,5874.313871,58.91472868,38.31738816,55.36524847,266.7,5941.526,82.92573046,6107.377461,5775.674539,44104
BBC,5/11/2025,5979,6448,5860.6,5883.11,0.35%,383,2295008,0.003532683,0.003526458,5905.236,5930.444,5908.089527,5874.965436,58.80077369,33.12409089,50.91701696,292.8714286,5930.444,74.32892724,6079.101854,5781.786146,44487
BBC,5/13/2025,6000,6000,5700,5725.07,-2.69%,971,5604334.8,-0.026863343,-0.027230757,5884.116,5911.591,5879.932677,5863.86207,61.3430127,16.07060624,43.94773481,298.9428571,5911.591,76.28364113,6064.158282,5759.023718,43516
BBC,5/14/2025,5839,5839,5653.3,5684.43,-0.71%,1118,6399607,-0.007098603,-0.007123918,5829.002,5895.1445,5849.855342,5850.570806,62.70871985,-0.715464145,35.01509502,293.8571429,5895.1445,87.7796666,6070.703833,5719.585167,42398
BBC,5/15/2025,5798.1,5808,5697,5734.8,0.89%,555,3175179.7,0.008861047,0.008822018,5777.962,5883.676,5832.15452,5841.995191,61.04651163,-9.840670694,26.04394188,290.4692857,5883.676,93.10871876,6069.893438,5697.458562,42953
BBC,5/18/2025,5650,5839,5507.8,5573.9,-2.81%,1416,7963564.1,-0.028056776,-0.028457888,5720.262,5863.771,5792.423055,5822.136288,71.42857143,-29.71323229,14.89250705,298.1407143,5863.771,113.5437076,6090.858415,5636.683585,41537
BBC,5/19/2025,5685,5696,5590,5609.64,0.64%,410,2314523,0.006412027,0.006391558,5665.568,5845.9855,5764.302585,5806.395822,63.32574032,-42.09323658,3.49535832,274.8621429,5845.9855,124.1580252,6094.30155,5597.66945,41947
BBC,5/20/2025,5718,5718,5600,5698,1.58%,380,2146540,0.015751456,0.01562869,5660.154,5829.4355,5754.102188,5798.366502,56.01092896,-44.26431418,-6.056576179,267.2192857,5829.4355,120.485081,6070.405662,5588.465338,42327
BBC,5/21/2025,5810,5925,5605,5670.33,-0.49%,611,3475724,-0.00485609,-0.004867919,5657.334,5816.1855,5741.214159,5788.882316,64.59459459,-47.66815771,-14.37889249,244.505,5816.1855,122.7762417,6061.737983,5570.633017,41716
BBC,5/22/2025,5700,5739,5577.2,5623.33,-0.83%,294,1663312,-0.008288759,-0.008323302,5635.04,5805.5265,5723.078134,5776.619182,62.46418338,-53.54104758,-22.2113235,245.4264286,5805.5265,129.9623383,6065.451177,5545.601823,41422
BBC,5/25/2025,5733,5733,5572,5631.09,0.14%,585,3287568,0.001379965,0.001379014,5646.478,5796.281,5708.926114,5765.839242,40,-56.91312883,-29.15168457,239.9264286,5796.281,135.6316201,6067.54424,5525.01776,42007
BBC,5/26/2025,5743,5743.7,5526.1,5623,-0.14%,499,2814600,-0.001436667,-0.0014377,5649.15,5785.408,5695.706712,5755.258558,38.33333333,-59.5518463,-35.23171692,243.3335714,5785.408,140.5314854,6066.470971,5504.345029,41508
BBC,5/27/2025,5530,5695,5530,5680.9,1.03%,232,1313363,0.010296994,0.010244342,5645.73,5773.673,5693.428756,5749.750516,48.05555556,-56.3217606,-39.44972565,232.205,5773.673,138.8771949,6051.42739,5495.91861,41740
BBC,5/28/2025,5576,5765,5576,5681.95,0.02%,523,2953686,0.00018483,0.000184813,5648.054,5760.2755,5691.662793,5744.728256,49.7311828,-53.06546256,-42.17287303,234.5264286,5760.2755,133.8140743,6027.903649,5492.647351,42263
BBC,6/2/2025,5682,5694.7,5581,5660.63,-0.38%,348,1958058.5,-0.003752233,-0.00375929,5655.514,5747.1135,5686.888518,5738.498756,61.51898734,-51.61023803,-44.06034603,221.1478571,5747.1135,129.7607563,6006.635013,5487.591987,41915
BBC,6/3/2025,5689,5747,5555.1,5577.47,-1.47%,908,5095007.8,-0.014690944,-0.014799925,5644.79,5728.9235,5670.054899,5726.5707,61.86868687,-56.51580015,-46.55143686,192.8978571,5728.9235,126.5709437,5982.065387,5475.781613,41007
BBC,6/4/2025,5495,5670,5495,5607.64,0.54%,324,1811976,0.005409263,0.005394685,5641.718,5715.418,5660.452607,5717.761018,61.47959184,-57.30841092,-48.70283167,183.9692857,5715.418,124.2442971,5963.906594,5466.929406,41331
BBC,6/5/2025,5625,5710,5502.1,5556.34,-0.91%,310,1728966,-0.009148233,-0.009190336,5616.806,5701.7015,5644.435283,5705.803906,63.92572944,-61.36862265,-51.23598987,185.555,5701.7015,125.9816613,5953.664823,5449.738177,41021
BBC,6/8/2025,5500,5650,5390,5542.62,-0.25%,1701,9362935,-0.002469251,-0.002472305,5588.94,5680.8325,5628.771393,5693.716209,63.82978723,-64.94481563,-53.97775502,195.3,5680.8325,115.0365402,5910.90558,5450.75942,39320
BBC,6/9/2025,5625,5625,5431.8,5518,-0.44%,928,5109127,-0.004441943,-0.004451837,5560.414,5657.2325,5611.729641,5680.700193,58.6797066,-68.97055297,-56.97631461,185.4428571,5657.2325,94.93082971,5847.094159,5467.370841,38392
BBC,6/10/2025,5600,5600,5473,5579.8,1.12%,167,926289,0.01119971,0.011137458,5560.88,5643.1025,5606.817388,5673.226105,61.53846154,-66.40871695,-58.86279508,185.7928571,5643.1025,83.0771161,5809.256732,5476.948268,38559
BBC,6/11/2025,5482,5590.9,5474.4,5524.43,-0.99%,635,3499233.9,-0.009923295,-0.009972859,5544.238,5625.1685,5594.142405,5662.204171,56.60377358,-68.06176603,-60.70258927,185.6857143,5625.1685,65.36590623,5755.900312,5494.436688,37924
BBC,6/12/2025,5423,5587,5423,5460,-1.17%,260,1428864,-0.011662742,-0.011731285,5524.97,5611.915,5573.505112,5647.226085,55.6626506,-73.72097239,-63.30626589,174.5428571,5611.915,70.69897293,5753.312946,5470.517054,37664
BBC,6/15/2025,5560,5560,5450.1,5523,1.15%,309,1699104.8,0.011538462,0.011472401,5521.046,5603.8435,5565.735095,5638.024152,51.91011236,-72.28905746,-65.10282421,170.8357143,5603.8435,71.19765684,5746.238814,5461.448186,37973
BBC,6/16/2025,5445,6001,5436,5528.4,0.10%,869,4883211,0.000977729,0.000977252,5523.126,5593.5235,5559.991234,5629.903845,59.38303342,-69.91261064,-66.06478149,199.6928571,5593.5235,65.98448353,5725.492467,5461.554533,38842
BBC,6/17/2025,5613,5613,5506,5535.7,0.13%,129,714589,0.001320454,0.001319583,5514.306,5591.6135,5556.254121,5622.925782,51.16883117,-66.67166101,-66.1861574,191.7928571,5591.6135,67.12541391,5725.864328,5457.362672,38971
BBC,6/18/2025,5446.1,5593,5446.1,5526.27,-0.17%,249,1374084.9,-0.001703488,-0.001704941,5514.674,5587.445,5551.64118,5615.766095,42.07792208,-64.12491517,-65.77390895,190.5,5587.445,68.52118117,5724.487362,5450.402638,38722
BBC,6/19/2025,5550,5550,5300,5380.38,-2.64%,2347,12698044.6,-0.026399362,-0.026754082,5498.75,5571.564,5525.293306,5598.330088,29.9765808,-73.03678192,-67.22648355,194.8571429,5571.564,77.73682866,5727.037657,5416.090343,36375
BBC,6/22/2025,5486,5486,5285,5338.46,-0.78%,600,3213640.9,-0.007791271,-0.007821782,5461.842,5554.9705,5496.54972,5579.080452,17.1990172,-82.5307313,-70.2873331,201.0928571,5554.9705,89.99799509,5734.96649,5374.97451,35775
BBC,6/23/2025,5250,5750,5250,5465.37,2.38%,1016,5522390.1,0.023772773,0.023494601,5449.236,5547.0725,5491.75284,5570.657455,23.92776524,-78.90461493,-72.01078946,223.1,5547.0725,90.61218797,5728.296876,5365.848124,36791
BBC,6/24/2025,5359,5550,5359,5460,-0.10%,200,1085666,-0.00098255,-0.000983033,5434.096,5538.518,5486.867788,5562.460607,25.11111111,-75.59281874,-72.72719532,224.2428571,5538.518,90.33851371,5719.195027,5357.840973,36591
BBC,6/25/2025,5507,5507,5355,5396.52,-1.16%,261,1408276,-0.011626374,-0.011694488,5408.146,5527.194,5472.968128,5550.16871,31.30252101,-77.20058162,-73.62187258,220.25,5527.194,93.33625072,5713.866501,5340.521499,36330
BBC,6/26/2025,5320,5494,5320,5384.3,-0.23%,711,3849206,-0.002264422,-0.00226699,5408.93,5512.364,5459.326878,5537.882139,34.3373494,-78.55526102,-74.60855027,214.1071429,5512.364,91.16671862,5694.697437,5330.030563,35619
BBC,6/29/2025,5489,5489,5310,5400,0.29%,137,741091.3,0.002915885,0.002911642,5421.238,5498.2665,5450.199666,5527.668647,41.2,-77.46898121,-75.18063645,213.0928571,5498.2665,85.1647036,5668.595907,5327.937093,35756
BBC,6/30/2025,5498.9,5498.9,5389.2,5439,0.72%,251,1360416,0.007222222,0.007196267,5415.964,5487.185,5448.47664,5521.100599,39.69171484,-72.62395879,-74.66930092,211.8571429,5487.185,76.94910386,5641.083208,5333.286792,36007
BBC,7/1/2025,5469,5469,5341.1,5402.26,-0.68%,207,1120599,-0.006754918,-0.006777836,5404.416,5478.4245,5441.366388,5512.297592,39.53934741,-70.9312038,-73.9216815,212.6714286,5478.4245,76.0983001,5630.6211,5326.2279,35800
BBC,7/2/2025,5329,5520,5329,5497.91,1.77%,380,2076835,0.017705553,0.017550635,5424.694,5472.938,5450.065405,5511.231844,36.41851107,-61.16643902,-71.370633,214.6,5472.938,70.00341342,5612.944827,5332.931173,36180
BBC,7/3/2025,5548,5650,5395.1,5418.21,-1.45%,1078,5898987.6,-0.014496418,-0.014602517,5431.476,5466.0315,5445.164574,5504.341337,42.45472837,-59.17676361,-68.93185912,224.9571429,5466.0315,68.13081282,5602.293126,5329.769874,35102
BBC,7/6/2025,5519,5519.9,5373,5472.5,1.00%,735,3989225,0.010019914,0.009970048,5445.976,5462.5255,5449.370024,5501.98272,45.67099567,-52.61269582,-65.66802646,195.0928571,5462.5255,65.74454066,5594.014581,5331.036419,35837
BBC,7/7/2025,5581,5581,5328.2,5400,-1.32%,762,4116004,-0.013248058,-0.013336597,5438.176,5456.6255,5441.774636,5494.428444,48.06378132,-52.65380857,-63.06518288,205.5071429,5456.6255,65.79888253,5588.223265,5325.027735,35075
BBC,7/8/2025,5300,5497,5300,5421.94,0.41%,350,1893808,0.004062963,0.004054731,5442.112,5448.7325,5438.723153,5489.05893,56.03644647,-50.33577658,-60.51930162,209.0857143,5448.7325,59.40295198,5567.538404,5329.926596,35425
BBC,7/9/2025,5350.1,5457,5350,5432.63,0.20%,736,3973252,0.001971619,0.001969678,5429.056,5444.1425,5437.785745,5484.879009,61.65413534,-47.09326403,-57.8340941,198.8714286,5444.1425,56.73266968,5557.607839,5330.677161,36161
BBC,7/10/2025,5334.1,5479,5320,5399,-0.62%,857,4595859.2,-0.006190372,-0.006209612,5425.214,5441.0925,5431.818707,5478.517601,70.95959596,-46.69889365,-55.60705401,195.8714286,5441.0925,57.47020069,5556.032901,5326.152099,35304
BBC,7/13/2025,5505,5505,5364,5383.5,-0.29%,461,2498464.5,-0.002870902,-0.002875031,5407.414,5434.1175,5424.38506,5471.47926,73.00469484,-47.09420011,-53.90448323,170.2285714,5434.1175,55.4354534,5544.988407,5323.246593,34843
BBC,7/14/2025,5490,5490,5325,5353.06,-0.57%,323,1743393.3,-0.005654314,-0.00567036,5398.026,5425.3505,5413.411974,5462.707463,55.46558704,-49.29548922,-52.98268443,168.3714286,5425.3505,53.57366944,5532.497839,5318.203161,34520
BBC,7/15/2025,5448,5448,5306.2,5399.8,0.87%,217,1162965,0.008731455,0.008693556,5393.598,5418.5555,5411.317824,5458.047651,48.17813765,-46.72982696,-51.73211294,167.6428571,5418.5555,47.06378566,5512.683071,5324.427929,34737
BBC,7/16/2025,5301,5499,5301,5383.99,-0.29%,517,2793724.6,-0.002927886,-0.002932181,5383.87,5411.4415,5407.113543,5452.561899,40.92741935,-45.44835566,-50.47536148,169.3571429,5411.4415,40.17408097,5491.789662,5331.093338,34220
BBC,7/17/2025,5410,5480,5400.1,5471.17,1.62%,819,4468722.8,0.016192452,0.016062753,5398.304,5415.981,5416.968383,5453.940277,33.66733467,-36.97189403,-47.77466799,163.4292857,5415.981,41.58422941,5499.149459,5332.812541,35039
BBC,7/20/2025,5500,5555,5255,5442.7,-0.52%,1241,6810128.2,-0.00520364,-0.005217226,5410.144,5421.193,5420.927093,5453.107664,30.93922652,-32.1805706,-44.65584851,177.0221429,5421.193,37.70858845,5496.610177,5345.775823,33798
BBC,7/21/2025,5529.9,5529.9,5400.1,5461.33,0.34%,634,3457808,0.003422933,0.003417089,5431.798,5420.991,5427.142925,5453.716726,37.91208791,-26.57380073,-41.03943896,177.1578571,5420.991,37.46954594,5495.930092,5346.051908,34432
BBC,7/22/2025,5532,5532,5322,5514.45,0.97%,1873,10191116.1,0.009726568,0.00967957,5454.728,5423.7135,5440.574783,5458.215487,35.44520548,-17.64070409,-36.35969198,178.515,5423.7135,42.14012531,5507.993751,5339.433249,36305
BBC,7/23/2025,5450,5555,5450,5539,0.45%,987,5438374.5,0.00445194,0.004442059,5485.73,5430.8375,5455.717124,5464.199525,29.30463576,-8.482400985,-30.78423378,167.8078571,5430.8375,48.8156986,5528.468897,5333.206103,37292
BBC,7/24/2025,5511,5598,5511,5558.12,0.35%,817,4547964,0.003451887,0.003445943,5503.12,5439.5285,5471.471412,5471.156597,29.4214876,0.31481542,-24.56442394,163.5292857,5439.5285,55.15571376,5549.839928,5329.217072,38109
BBC,7/27/2025,5560,6041.5,5415,5647.8,1.61%,3303,18489625,0.016134952,0.016006167,5544.14,5451.9185,5498.598887,5484.241294,33.33333333,14.35759391,-16.78002037,190.2221429,5451.9185,71.28341353,5594.485327,5309.351673,41412
BBC,7/28/2025,5650,6114,5510,5843.84,3.47%,2711,15574572.4,0.034710861,0.034122026,5620.642,5472.1605,5551.712905,5510.878235,25.81120944,40.83467,-5.257082297,219.2935714,5472.1605,112.807703,5697.775906,5246.545094,44123
BBC,7/29/2025,5801,5900,5700,5822,-0.37%,687,3991018.5,-0.003737269,-0.00374427,5682.152,5493.1475,5593.295535,5533.924291,29.02735562,59.37124335,7.668582833,225.9364286,5493.1475,135.8169224,5764.781345,5221.513655,43436
BBC,7/30/2025,5875,5875,5598,5715.06,-1.84%,433,2483985.9,-0.018368258,-0.018539049,5717.364,5504.005,5612.028529,5547.341751,22.03389831,64.68677811,19.07222189,234.365,5504.005,144.6125971,5793.230194,5214.779806,43003
BBC,7/31/2025,5796.9,5796.9,5514,5570.09,-2.54%,1060,5957856.7,-0.025366313,-0.025693584,5719.758,5511.599,5605.576448,5549.026807,13.75,56.54964119,26.56770575,244.5007143,5511.599,143.8559825,5799.310965,5223.887035,41943
BBC,8/3/2025,5570,5680,5463,5485.1,-1.53%,613,3383304,-0.015258281,-0.015375887,5687.218,5512.229,5587.04161,5544.291488,14.08,42.75012206,29.80418901,248.215,5512.229,143.70325,5799.6355,5224.8225,41330
BBC,8/4/2025,5569,6023,5475,5655,3.10%,1172,6614462.8,0.030974823,0.030504784,5649.45,5524.979,5597.496747,5552.492118,14.94057725,45.00462847,32.8442769,277.2292857,5524.979,144.531697,5814.042394,5235.915606,42502
BBC,8/5/2025,5749,6120,5541,5563.45,-1.62%,1181,6647333.7,-0.016189213,-0.01632169,5597.74,5532.0545,5592.258786,5553.303813,12.71676301,38.95497249,34.06641602,304.4435714,5532.0545,142.6738175,5817.402135,5246.706865,41321
BBC,8/6/2025,5536.1,5640,5500,5525.45,-0.68%,696,3867019.3,-0.006830294,-0.006853727,5559.818,5536.6955,5581.980511,5551.240568,13.45565749,30.73994318,33.40112145,307.5857143,5536.6955,140.7663529,5818.228206,5255.162794,40625
BBC,8/7/2025,5600,5942,5525,5588.3,1.14%,440,2483825,0.011374639,0.011310434,5563.46,5546.1605,5582.95274,5553.985711,15.30434783,28.96702914,32.51430299,315.9428571,5546.1605,137.3430981,5820.846696,5271.474304,41065
BBC,8/11/2025,5690,5690,5488,5512,-1.37%,811,4503971,-0.013653526,-0.013747593,5568.84,5552.5855,5572.036934,5550.875658,16.46655232,21.16127563,30.24369752,321.1,5552.5855,132.2442506,5817.074001,5288.096999,40254
BBC,8/12/2025,5599,5599,5450,5463.24,-0.88%,696,3816432.5,-0.008846154,-0.008885513,5530.488,5558.0945,5555.298944,5544.384128,14.95327103,10.91481604,26.37792122,316.7428571,5558.0945,125.6242321,5809.342964,5306.846036,39558
BBC,8/13/2025,5550,5550,5342,5374.8,-1.62%,1058,5723229.1,-0.016188196,-0.016320656,5492.758,5556.8445,5527.529876,5531.822341,20.38523274,-4.292465019,20.24384397,324.1,5556.8445,127.3941214,5811.632743,5302.056257,38500
BBC,8/14/2025,5482.2,5534,5376,5432.5,1.07%,218,1185625.5,0.010735283,0.010678069,5474.168,5559.27,5512.909895,5524.46513,20.2247191,-11.55523548,13.88402808,329.2571429,5559.27,124.3554322,5807.980864,5310.559136,38718
BBC,8/17/2025,5395,5518,5330,5339.43,-1.71%,1146,6149213.5,-0.017132075,-0.017280527,5424.394,5552.683,5486.22068,5510.758824,14.6875,-24.53814412,6.199593643,297.9357143,5552.683,132.4906036,5817.664207,5287.701793,37572
BBC,8/18/2025,5444,5444,5320,5409.45,1.31%,498,2678631,0.013113759,0.013028518,5403.884,5551.0205,5474.409806,5503.254467,31.30563798,-28.84466065,-0.809257216,263.65,5551.0205,134.1416366,5819.303773,5282.737227,38070
BBC,8/19/2025,5498.9,5498.9,5389,5422.18,0.24%,180,977136,0.002353289,0.002350525,5395.672,5549.063,5466.374452,5497.248951,27.6203966,-30.8744994,-6.822305653,257.2142857,5549.063,135.7948234,5820.652647,5277.473353,38250
BBC,8/20/2025,5422.18,5422.18,5321.1,5360.33,-1.14%,495,2651109,-0.011406851,-0.011472408,5392.778,5541.357,5450.059921,5487.106806,23.80952381,-37.0468859,-12.8672217,244.6485714,5541.357,142.0894611,5825.535922,5257.178078,37755
BBC,8/21/2025,5437,5437,5310,5321.86,-0.72%,381,2032766.6,-0.007176797,-0.007202674,5370.65,5530.5,5430.336856,5474.866302,23.80952381,-44.52944641,-19.19966664,233.5128571,5530.5,150.3355497,5831.171099,5229.828901,37374
BBC,8/24/2025,5409.5,5409.6,5302,5308.32,-0.25%,520,2769311,-0.002544223,-0.002547465,5364.428,5518.01,5411.565032,5462.529539,,-50.96450726,-25.55263477,225.6985714,5518.01,158.0965492,5834.203098,5201.816902,36854
BBC,8/25/2025,5275,5373.9,5275,5310.66,0.04%,337,1788049.8,0.000440817,0.00044072,5344.67,5501.153,5396.041181,5451.279944,,-55.23876283,-31.48986038,193.62,5501.153,161.467166,5824.087332,5178.218668,37191
BBC,8/26/2025,5366,5397,5312,5312,0.03%,280,1502048.9,0.000252323,0.000252291,5322.634,5474.561,5383.111768,5440.962911,,-57.8511424,-36.76211678,158.43,5474.561,145.0159803,5764.592961,5184.529039,37471
BBC,8/27/2025,5375,5500,5375,5463.75,2.86%,678,3698963,0.028567395,0.028166955,5343.318,5456.6485,5395.51765,5442.650843,,-47.13319315,-38.83633206,161.8585714,5456.6485,119.7692786,5696.187057,5217.109943,38149
BBC,8/28/2025,5473.9,5520,5360,5390.7,-1.34%,450,2440681.4,-0.013369938,-0.013460121,5357.086,5440.4305,5394.776473,5438.802633,,-44.02615948,-39.87429754,143.5014286,5440.4305,103.8372089,5648.104918,5232.756082,37699
BBC,8/31/2025,5440,5447.7,5300,5372.8,-0.33%,345,1844274,-0.003320534,-0.003326059,5369.982,5430.566,5391.395477,5433.913549,,-42.51807146,-40.40305232,139.6228571,5430.566,100.1780742,5630.922148,5230.209852,37354
BBC,9/1/2025,5480.2,5480.2,5300,5317.85,-1.02%,261,1395908,-0.010227442,-0.010280102,5371.42,5422.2035,5380.080789,5425.316249,,-45.23546037,-41.36953393,141.8514286,5422.2035,102.3434866,5626.890473,5217.516527,37093
BBC,9/2/2025,5418.9,5418.9,5131,5199.73,-2.22%,7018,36556112.2,-0.022211984,-0.022462385,5348.966,5399.44,5352.334513,5408.606156,,-56.27164301,-44.34995575,147.5585714,5399.44,98.39402656,5596.228053,5202.651947,30075
BBC,9/3/2025,5200,5298.8,5100,5210.46,0.21%,592,3070492,0.002063569,0.002061442,5298.308,5381.7905,5330.507665,5393.928663,,-63.42099816,-48.16416423,150.3871429,5381.7905,99.08273207,5579.955964,5183.625036,30667
BBC,9/4/2025,5107,5290,5107,5245.36,0.67%,394,2057509,0.006698065,0.006675733,5269.24,5367.786,5317.408024,5382.923577,,-65.51555278,-51.63444194,150.03,5367.786,97.49037121,5562.766742,5172.805258,31061
BBC,9/7/2025,5277,5277,5152,5234.9,-0.20%,360,1877796,-0.001994143,-0.001996134,5241.66,5350.116,5304.714482,5371.958868,,-67.24438557,-54.75643067,150.1014286,5350.116,86.86673516,5523.84947,5176.38253,30701
BBC,9/8/2025,5150,5200,4899,5046.38,-3.60%,2459,12522647.2,-0.036012149,-0.036676587,5187.366,5326.835,5264.970716,5347.841915,,-82.87119889,-60.37938431,166.2442857,5326.835,102.2329108,5531.300822,5122.369178,28242
BBC,9/18/2025,4945.5,5100,4565,4566.1,-9.52%,340,1650464,-0.095173174,-0.100011706,5060.64,5281.978,5157.452144,5289.935106,,-132.482962,-74.80009986,197.2385714,5281.978,194.4558129,5670.889626,4893.066374,27902
