Date,Cash,PositionsValue,Equity,OpenPositions
2012-01-01,200000.0,0.0,200000.0,0
2012-01-02,200000.0,0.0,200000.0,0
2012-01-03,200000.0,0.0,200000.0,0
2012-01-04,200000.0,0.0,200000.0,0
2012-01-05,200000.0,0.0,200000.0,0
2012-01-08,200000.0,0.0,200000.0,0
2012-01-09,200000.0,0.0,200000.0,0
2012-01-10,200000.0,0.0,200000.0,0
2012-01-11,200000.0,0.0,200000.0,0
2012-01-12,200000.0,0.0,200000.0,0
2012-01-16,200000.0,0.0,200000.0,0
2012-01-17,200000.0,0.0,200000.0,0
2012-01-18,200000.0,0.0,200000.0,0
2012-01-22,200000.0,0.0,200000.0,0
2012-01-23,200000.0,0.0,200000.0,0
2012-01-25,200000.0,0.0,200000.0,0
2012-01-26,200000.0,0.0,200000.0,0
2012-01-29,200000.0,0.0,200000.0,0
2012-01-31,200000.0,0.0,200000.0,0
2012-02-01,200000.0,0.0,200000.0,0
2012-02-02,200000.0,0.0,200000.0,0
2012-02-05,200000.0,0.0,200000.0,0
2012-02-06,200000.0,0.0,200000.0,0
2012-02-07,200000.0,0.0,200000.0,0
2012-02-08,200000.0,0.0,200000.0,0
2012-02-09,200000.0,0.0,200000.0,0
2012-02-12,200000.0,0.0,200000.0,0
2012-02-13,200000.0,0.0,200000.0,0
2012-02-14,200000.0,0.0,200000.0,0
2012-02-15,200000.0,0.0,200000.0,0
2012-02-16,200000.0,0.0,200000.0,0
2012-02-21,200000.0,0.0,200000.0,0
2012-02-23,200000.0,0.0,200000.0,0
2012-02-26,200000.0,0.0,200000.0,0
2012-02-27,200000.0,0.0,200000.0,0
2012-02-28,200000.0,0.0,200000.0,0
2012-02-29,200000.0,0.0,200000.0,0
2012-03-01,200000.0,0.0,200000.0,0
2012-03-04,200000.0,0.0,200000.0,0
2012-03-05,200000.0,0.0,200000.0,0
2012-03-06,200000.0,0.0,200000.0,0
2012-03-11,200000.0,0.0,200000.0,0
2012-03-12,200000.0,0.0,200000.0,0
2012-03-13,200000.0,0.0,200000.0,0
2012-03-14,200000.0,0.0,200000.0,0
2012-03-15,200000.0,0.0,200000.0,0
2012-03-18,200000.0,0.0,200000.0,0
2012-03-19,200000.0,0.0,200000.0,0
2012-03-20,200000.0,0.0,200000.0,0
2012-03-21,200000.0,0.0,200000.0,0
2012-03-25,200000.0,0.0,200000.0,0
2012-03-26,200000.0,0.0,200000.0,0
2012-03-27,200000.0,0.0,200000.0,0
2012-03-28,200000.0,0.0,200000.0,0
2012-03-29,200000.0,0.0,200000.0,0
2012-04-01,175870.0,23650.0,199520.0,7
2012-04-02,175870.0,24210.0,200080.0,7
2012-04-03,175870.0,24570.0,200440.0,7
2012-04-04,172120.0,28090.0,200210.0,8
2012-04-05,172120.0,28080.0,200200.0,8
2012-04-08,172120.0,28090.0,200210.0,8
2012-04-09,172120.0,28580.0,200700.0,8
2012-04-10,168160.0,32440.0,200600.0,9
2012-04-11,168160.0,33050.0,201210.0,9
2012-04-12,165600.0,37190.0,202790.0,10
2012-04-15,180900.0,22760.0,203660.0,6
2012-04-16,190050.0,13270.0,203320.0,4
2012-04-17,193590.0,10230.0,203820.0,3
2012-04-18,193590.0,10550.0,204140.0,3
2012-04-19,193590.0,10500.0,204090.0,3
2012-04-22,193590.0,10770.0,204360.0,3
2012-04-24,193590.0,11190.0,204780.0,3
2012-04-25,193590.0,11430.0,205020.0,3
2012-04-26,193590.0,11930.0,205520.0,3
2012-04-29,199190.0,6310.0,205500.0,2
2012-04-30,199190.0,6310.0,205500.0,2
2012-05-02,199190.0,6310.0,205500.0,2
2012-05-03,199190.0,6310.0,205500.0,2
2012-05-07,199190.0,6260.0,205450.0,2
2012-05-08,199190.0,6310.0,205500.0,2
2012-05-09,199190.0,6310.0,205500.0,2
2012-05-10,199190.0,6260.0,205450.0,2
2012-05-13,199190.0,6310.0,205500.0,2
2012-05-14,199190.0,6480.0,205670.0,2
2012-05-15,199190.0,6310.0,205500.0,2
2012-05-16,199190.0,6310.0,205500.0,2
2012-05-17,199190.0,6680.0,205870.0,2
2012-05-20,199190.0,6210.0,205400.0,2
2012-05-21,199190.0,6410.0,205600.0,2
2012-05-22,199190.0,6610.0,205800.0,2
2012-05-23,196150.0,9860.0,206010.0,3
2012-05-24,199080.0,7360.0,206440.0,2
2012-05-27,199080.0,6870.0,205950.0,2
2012-05-29,199080.0,7110.0,206190.0,2
2012-05-30,199080.0,7350.0,206430.0,2
2012-05-31,199080.0,6550.0,205630.0,2
2012-06-03,199080.0,7640.0,206720.0,2
2012-06-04,199080.0,7450.0,206530.0,2
2012-06-05,199080.0,7440.0,206520.0,2
2012-06-06,199080.0,7500.0,206580.0,2
2012-06-07,199080.0,7500.0,206580.0,2
2012-06-10,199080.0,7460.0,206540.0,2
2012-06-11,199080.0,7500.0,206580.0,2
2012-06-12,199080.0,7530.0,206610.0,2
2012-06-13,199080.0,7500.0,206580.0,2
2012-06-14,199080.0,7500.0,206580.0,2
2012-06-17,199080.0,7450.0,206530.0,2
2012-06-18,199080.0,7480.0,206560.0,2
2012-06-19,199080.0,7480.0,206560.0,2
2012-06-20,199080.0,6520.0,205600.0,2
2012-06-21,199080.0,7370.0,206450.0,2
2012-06-25,199080.0,6670.0,205750.0,2
2012-06-26,199080.0,7360.0,206440.0,2
2012-06-27,199080.0,7450.0,206530.0,2
2012-06-28,199080.0,7450.0,206530.0,2
2012-07-01,199080.0,7420.0,206500.0,2
2012-07-02,195040.0,9920.0,204960.0,3
2012-07-03,195040.0,10800.0,205840.0,3
2012-07-04,195040.0,10760.0,205800.0,3
2012-07-05,195040.0,10700.0,205740.0,3
2012-07-08,195040.0,11300.0,206340.0,3
2012-07-09,191480.0,13900.0,205380.0,4
2012-07-10,191480.0,13480.0,204960.0,4
2012-07-11,191480.0,13920.0,205400.0,4
2012-07-12,181030.0,23840.0,204870.0,7
2012-07-15,181030.0,24430.0,205460.0,7
2012-07-16,176310.0,28470.0,204780.0,9
2012-07-17,176310.0,29510.0,205820.0,9
2012-07-18,176310.0,29650.0,205960.0,9
2012-07-19,176310.0,29170.0,205480.0,9
2012-07-22,179530.0,26880.0,206410.0,8
2012-07-23,179530.0,26870.0,206400.0,8
2012-07-24,179530.0,26770.0,206300.0,8
2012-07-25,179530.0,26470.0,206000.0,8
2012-07-26,179530.0,26380.0,205910.0,8
2012-07-29,179530.0,26180.0,205710.0,8
2012-07-30,179530.0,26530.0,206060.0,8
2012-07-31,179530.0,26440.0,205970.0,8
2012-08-01,179530.0,26580.0,206110.0,8
2012-08-05,179530.0,26650.0,206180.0,8
2012-08-06,179530.0,26390.0,205920.0,8
2012-08-07,179530.0,26460.0,205990.0,8
2012-08-08,177290.0,28610.0,205900.0,9
2012-08-12,177290.0,28300.0,205590.0,9
2012-08-13,180680.0,24640.0,205320.0,8
2012-08-14,178330.0,26480.0,204810.0,9
2012-08-15,178330.0,26060.0,204390.0,9
2012-08-16,178330.0,26380.0,204710.0,9
2012-08-19,178330.0,26740.0,205070.0,9
2012-08-21,178330.0,25860.0,204190.0,9
2012-08-22,178330.0,26060.0,204390.0,9
2012-08-23,178330.0,26210.0,204540.0,9
2012-08-26,178330.0,26680.0,205010.0,9
2012-08-27,178330.0,26900.0,205230.0,9
2012-08-28,175580.0,29460.0,205040.0,10
2012-08-29,175580.0,29990.0,205570.0,10
2012-08-30,175580.0,30110.0,205690.0,10
2012-09-02,175580.0,30570.0,206150.0,10
2012-09-03,175580.0,30240.0,205820.0,10
2012-09-04,175580.0,30650.0,206230.0,10
2012-09-05,175580.0,30780.0,206360.0,10
2012-09-06,175580.0,30590.0,206170.0,10
2012-09-09,180260.0,26240.0,206500.0,9
2012-09-10,180260.0,25840.0,206100.0,9
2012-09-11,180260.0,26400.0,206660.0,9
2012-09-12,180260.0,26380.0,206640.0,9
2012-09-13,180260.0,26560.0,206820.0,9
2012-09-16,180260.0,26600.0,206860.0,9
2012-09-17,180260.0,27060.0,207320.0,9
2012-09-18,183230.0,24460.0,207690.0,8
2012-09-19,183230.0,24280.0,207510.0,8
2012-09-20,183230.0,24070.0,207300.0,8
2012-09-23,183230.0,23690.0,206920.0,8
2012-09-24,183230.0,23470.0,206700.0,8
2012-09-25,183230.0,23640.0,206870.0,8
2012-09-26,183230.0,23670.0,206900.0,8
2012-09-27,183230.0,22930.0,206160.0,8
2012-09-30,187980.0,18940.0,206920.0,7
2012-10-01,187980.0,18830.0,206810.0,7
2012-10-02,187980.0,18960.0,206940.0,7
2012-10-03,187980.0,18890.0,206870.0,7
2012-10-04,187980.0,19030.0,207010.0,7
2012-10-07,184750.0,21500.0,206250.0,8
2012-10-08,184750.0,21350.0,206100.0,8
2012-10-09,184750.0,21350.0,206100.0,8
2012-10-10,184750.0,22440.0,207190.0,8
2012-10-11,181790.0,24160.0,205950.0,9
2012-10-14,181790.0,24350.0,206140.0,9
2012-10-15,181790.0,24400.0,206190.0,9
2012-10-17,181790.0,26170.0,207960.0,9
2012-10-18,181790.0,25160.0,206950.0,9
2012-10-30,181790.0,25610.0,207400.0,9
2012-10-31,181790.0,26980.0,208770.0,9
2012-11-01,181790.0,26320.0,208110.0,9
2012-11-04,181790.0,26710.0,208500.0,9
2012-11-05,178470.0,30580.0,209050.0,10
2012-11-06,184380.0,24940.0,209320.0,8
2012-11-07,187030.0,22960.0,209990.0,7
2012-11-08,191310.0,18710.0,210020.0,6
2012-11-11,191310.0,18300.0,209610.0,6
2012-11-12,191310.0,18490.0,209800.0,6
2012-11-18,191310.0,18720.0,210030.0,6
2012-11-20,191310.0,18870.0,210180.0,6
2012-11-21,193830.0,16250.0,210080.0,5
2012-11-22,193830.0,16250.0,210080.0,5
2012-11-25,193830.0,15890.0,209720.0,5
2012-11-26,193830.0,16230.0,210060.0,5
2012-11-27,193830.0,15970.0,209800.0,5
2012-11-28,193830.0,15760.0,209590.0,5
2012-11-29,193830.0,15550.0,209380.0,5
2012-12-02,193830.0,15500.0,209330.0,5
2012-12-03,193830.0,16140.0,209970.0,5
2012-12-04,193830.0,15820.0,209650.0,5
2012-12-05,193830.0,15930.0,209760.0,5
2012-12-06,196370.0,13400.0,209770.0,4
2012-12-09,194040.0,15520.0,209560.0,5
2012-12-10,194040.0,15690.0,209730.0,5
2012-12-11,194040.0,15590.0,209630.0,5
2012-12-13,190130.0,19640.0,209770.0,6
2012-12-16,190130.0,20100.0,210230.0,6
2012-12-17,191440.0,18460.0,209900.0,6
2012-12-18,191440.0,18420.0,209860.0,6
2012-12-19,191440.0,18030.0,209470.0,6
2012-12-20,191440.0,18430.0,209870.0,6
2012-12-23,191440.0,17940.0,209380.0,6
2012-12-24,191440.0,18200.0,209640.0,6
2012-12-26,191440.0,18580.0,210020.0,6
2012-12-27,191440.0,18130.0,209570.0,6
2012-12-31,191440.0,18730.0,210170.0,6
2013-01-01,191440.0,18080.0,209520.0,6
2013-01-02,191440.0,17850.0,209290.0,6
2013-01-03,191440.0,18190.0,209630.0,6
2013-01-06,188100.0,21420.0,209520.0,7
2013-01-07,188100.0,21150.0,209250.0,7
2013-01-08,188100.0,21470.0,209570.0,7
2013-01-09,188100.0,21990.0,210090.0,7
2013-01-10,188100.0,21660.0,209760.0,7
2013-01-13,188100.0,21290.0,209390.0,7
2013-01-15,190650.0,18630.0,209280.0,6
2013-01-16,190650.0,18830.0,209480.0,6
2013-01-17,188330.0,21090.0,209420.0,7
2013-01-20,188330.0,21340.0,209670.0,7
2013-01-21,184320.0,25290.0,209610.0,8
2013-01-22,184320.0,25450.0,209770.0,8
2013-01-23,184320.0,25270.0,209590.0,8
2013-01-24,184320.0,24670.0,208990.0,8
2013-01-27,184320.0,24700.0,209020.0,8
2013-01-28,184320.0,24830.0,209150.0,8
2013-01-30,180960.0,27980.0,208940.0,9
2013-01-31,180960.0,27900.0,208860.0,9
2013-02-03,180960.0,27950.0,208910.0,9
2013-02-04,180960.0,28520.0,209480.0,9
2013-02-05,180960.0,28920.0,209880.0,9
2013-02-06,184490.0,25640.0,210130.0,8
2013-02-07,184490.0,26220.0,210710.0,8
2013-02-10,181560.0,28430.0,209990.0,9
2013-02-12,181560.0,28700.0,210260.0,9
2013-02-13,181560.0,27950.0,209510.0,9
2013-02-14,181560.0,28770.0,210330.0,9
2013-02-17,181560.0,29420.0,210980.0,9
2013-02-19,181560.0,29320.0,210880.0,9
2013-02-20,181560.0,28470.0,210030.0,9
2013-02-21,181560.0,29130.0,210690.0,9
2013-02-24,181560.0,28350.0,209910.0,9
2013-02-25,178400.0,31890.0,210290.0,10
2013-02-26,178400.0,31730.0,210130.0,10
2013-02-27,178400.0,31360.0,209760.0,10
2013-02-28,178400.0,32060.0,210460.0,10
2013-03-03,178400.0,31920.0,210320.0,10
2013-03-04,178400.0,31730.0,210130.0,10
2013-03-05,178400.0,32020.0,210420.0,10
2013-03-06,178400.0,32360.0,210760.0,10
2013-03-07,178400.0,31940.0,210340.0,10
2013-03-11,178400.0,32110.0,210510.0,10
2013-03-13,178400.0,31870.0,210270.0,10
2013-03-14,178400.0,31980.0,210380.0,10
2013-03-17,178400.0,31860.0,210260.0,10
2013-03-18,178400.0,31410.0,209810.0,10
2013-03-19,178400.0,31580.0,209980.0,10
2013-03-20,174680.0,35040.0,209720.0,11
2013-03-21,174680.0,34610.0,209290.0,11
2013-03-24,174680.0,34150.0,208830.0,11
2013-03-25,174680.0,35020.0,209700.0,11
2013-03-27,174680.0,34300.0,208980.0,11
2013-03-28,174680.0,35010.0,209690.0,11
2013-03-31,172220.0,36720.0,208940.0,12
2013-04-01,172220.0,36130.0,208350.0,12
2013-04-02,172220.0,36170.0,208390.0,12
2013-04-03,172220.0,37140.0,209360.0,12
2013-04-04,172220.0,36730.0,208950.0,12
2013-04-07,172220.0,36180.0,208400.0,12
2013-04-08,172220.0,36410.0,208630.0,12
2013-04-09,172220.0,36620.0,208840.0,12
2013-04-11,172220.0,37370.0,209590.0,12
2013-04-15,175350.0,34070.0,209420.0,11
2013-04-16,175350.0,34190.0,209540.0,11
2013-04-17,175350.0,33970.0,209320.0,11
2013-04-18,175350.0,34690.0,210040.0,11
2013-04-21,172670.0,37960.0,210630.0,12
2013-04-22,169900.0,41650.0,211550.0,13
2013-04-23,167250.0,43750.0,211000.0,14
2013-04-25,167250.0,43770.0,211020.0,14
2013-04-28,172640.0,38450.0,211090.0,13
2013-04-29,172640.0,38530.0,211170.0,13
2013-04-30,172640.0,37640.0,210280.0,13
2013-05-02,166920.0,43440.0,210360.0,15
2013-05-05,163260.0,46480.0,209740.0,16
2013-05-06,163260.0,45170.0,208430.0,16
2013-05-07,163260.0,46650.0,209910.0,16
2013-05-08,167570.0,41910.0,209480.0,15
2013-05-09,167570.0,42580.0,210150.0,15
2013-05-12,167570.0,41940.0,209510.0,15
2013-05-13,167570.0,43560.0,211130.0,15
2013-05-14,167570.0,43470.0,211040.0,15
2013-05-15,167570.0,43490.0,211060.0,15
2013-05-16,170930.0,41430.0,212360.0,14
2013-05-19,170930.0,40950.0,211880.0,14
2013-05-20,170930.0,40760.0,211690.0,14
2013-05-21,170930.0,40890.0,211820.0,14
2013-05-22,170930.0,40930.0,211860.0,14
2013-05-23,170930.0,39890.0,210820.0,14
2013-05-26,170930.0,40080.0,211010.0,14
2013-05-27,170930.0,40220.0,211150.0,14
2013-05-28,170930.0,40320.0,211250.0,14
2013-05-30,170930.0,41400.0,212330.0,14
2013-06-02,170930.0,39790.0,210720.0,14
2013-06-03,173470.0,38240.0,211710.0,13
2013-06-04,177790.0,33870.0,211660.0,12
2013-06-05,177790.0,34260.0,212050.0,12
2013-06-06,177790.0,34270.0,212060.0,12
2013-06-09,177790.0,34490.0,212280.0,12
2013-06-10,177790.0,34020.0,211810.0,12
2013-06-11,177790.0,34060.0,211850.0,12
2013-06-12,177790.0,33970.0,211760.0,12
2013-06-13,177790.0,33950.0,211740.0,12
2013-06-16,177790.0,34450.0,212240.0,12
2013-06-17,177790.0,33590.0,211380.0,12
2013-06-18,177790.0,34110.0,211900.0,12
2013-06-19,177790.0,33280.0,211070.0,12
2013-06-20,177790.0,33620.0,211410.0,12
2013-06-23,177790.0,33330.0,211120.0,12
2013-06-24,177790.0,33230.0,211020.0,12
2013-06-25,177790.0,33730.0,211520.0,12
2013-06-26,177790.0,33550.0,211340.0,12
2013-06-27,177790.0,33690.0,211480.0,12
2013-06-30,177790.0,33150.0,210940.0,12
2013-07-01,177790.0,33060.0,210850.0,12
2013-07-02,177790.0,33240.0,211030.0,12
2013-07-03,177790.0,33200.0,210990.0,12
2013-07-04,177790.0,33430.0,211220.0,12
2013-07-07,177790.0,33140.0,210930.0,12
2013-07-08,177790.0,33500.0,211290.0,12
2013-07-09,177790.0,33680.0,211470.0,12
2013-07-10,181030.0,30700.0,211730.0,11
2013-07-11,181030.0,30650.0,211680.0,11
2013-07-14,181030.0,31430.0,212460.0,11
2013-07-15,181030.0,31610.0,212640.0,11
2013-07-16,181030.0,31310.0,212340.0,11
2013-07-17,181030.0,31040.0,212070.0,11
2013-07-18,181030.0,31120.0,212150.0,11
2013-07-21,181030.0,32040.0,213070.0,11
2013-07-22,181030.0,32210.0,213240.0,11
2013-07-23,183880.0,29730.0,213610.0,10
2013-07-24,187720.0,25200.0,212920.0,9
2013-07-25,187720.0,25070.0,212790.0,9
2013-07-28,187720.0,25350.0,213070.0,9
2013-07-29,187720.0,25500.0,213220.0,9
2013-07-30,187720.0,25690.0,213410.0,9
2013-07-31,187720.0,25700.0,213420.0,9
2013-08-01,187720.0,25720.0,213440.0,9
2013-08-04,187720.0,26320.0,214040.0,9
2013-08-05,187720.0,26110.0,213830.0,9
2013-08-06,187720.0,26180.0,213900.0,9
2013-08-07,184530.0,28980.0,213510.0,10
2013-08-08,184530.0,29070.0,213600.0,10
2013-08-11,184530.0,28580.0,213110.0,10
2013-08-12,184530.0,28580.0,213110.0,10
2013-08-13,184530.0,28580.0,213110.0,10
2013-08-14,180360.0,33170.0,213530.0,11
2013-08-15,183680.0,30050.0,213730.0,10
2013-08-18,186420.0,27490.0,213910.0,9
2013-08-19,186420.0,28440.0,214860.0,9
2013-08-20,189920.0,25380.0,215300.0,8
2013-08-25,193920.0,21760.0,215680.0,7
2013-08-26,193920.0,21330.0,215250.0,7
2013-08-27,193920.0,21340.0,215260.0,7
2013-08-29,193920.0,21270.0,215190.0,7
2013-09-01,193920.0,21110.0,215030.0,7
2013-09-02,193920.0,20890.0,214810.0,7
2013-09-03,193920.0,21020.0,214940.0,7
2013-09-04,193920.0,21330.0,215250.0,7
2013-09-05,193920.0,21680.0,215600.0,7
2013-09-08,193920.0,21150.0,215070.0,7
2013-09-09,198780.0,16900.0,215680.0,6
2013-09-10,198780.0,16790.0,215570.0,6
2013-09-11,198780.0,16840.0,215620.0,6
2013-09-12,198780.0,16770.0,215550.0,6
2013-09-15,198780.0,16760.0,215540.0,6
2013-09-16,198780.0,16820.0,215600.0,6
2013-09-17,198780.0,17070.0,215850.0,6
2013-09-19,198780.0,16830.0,215610.0,6
2013-09-22,198780.0,16430.0,215210.0,6
2013-09-23,198780.0,16250.0,215030.0,6
2013-09-24,194880.0,20270.0,215150.0,7
2013-09-25,194880.0,20280.0,215160.0,7
2013-09-26,194880.0,20230.0,215110.0,7
2013-09-29,194880.0,20020.0,214900.0,7
2013-09-30,192020.0,22720.0,214740.0,8
2013-10-01,192020.0,22860.0,214880.0,8
2013-10-02,192020.0,23620.0,215640.0,8
2013-10-03,192020.0,23850.0,215870.0,8
2013-10-06,192020.0,24050.0,216070.0,8
2013-10-07,188760.0,27200.0,215960.0,9
2013-10-08,188760.0,27070.0,215830.0,9
2013-10-09,188760.0,27100.0,215860.0,9
2013-10-10,188760.0,27590.0,216350.0,9
2013-10-17,188760.0,28090.0,216850.0,9
2013-10-20,188760.0,28480.0,217240.0,9
2013-10-21,192360.0,24930.0,217290.0,8
2013-10-22,192360.0,24830.0,217190.0,8
2013-10-23,192360.0,24580.0,216940.0,8
2013-10-24,189260.0,27630.0,216890.0,9
2013-10-27,189260.0,27380.0,216640.0,9
2013-10-28,192430.0,24750.0,217180.0,8
2013-10-29,192430.0,24300.0,216730.0,8
2013-10-30,192430.0,25080.0,217510.0,8
2013-10-31,192430.0,24930.0,217360.0,8
2013-11-06,192430.0,24170.0,216600.0,8
2013-11-07,192430.0,24790.0,217220.0,8
2013-11-10,192430.0,24520.0,216950.0,8
2013-11-11,192430.0,25210.0,217640.0,8
2013-11-12,192430.0,26300.0,218730.0,8
2013-11-13,199020.0,19400.0,218420.0,6
2013-11-14,199020.0,19670.0,218690.0,6
2013-11-21,202410.0,16450.0,218860.0,5
2013-11-24,205560.0,14380.0,219940.0,4
2013-11-25,208530.0,11440.0,219970.0,3
2013-11-26,208530.0,12200.0,220730.0,3
2013-11-27,213430.0,7060.0,220490.0,2
2013-11-28,213430.0,7060.0,220490.0,2
2013-12-01,213430.0,7120.0,220550.0,2
2013-12-02,213430.0,7240.0,220670.0,2
2013-12-03,213430.0,7520.0,220950.0,2
2013-12-04,213430.0,8020.0,221450.0,2
2013-12-05,218350.0,3100.0,221450.0,1
2013-12-08,218350.0,3320.0,221670.0,1
2013-12-09,218350.0,3100.0,221450.0,1
2013-12-10,218350.0,3380.0,221730.0,1
2013-12-11,218350.0,3440.0,221790.0,1
2013-12-12,218350.0,3500.0,221850.0,1
2013-12-15,221850.0,0.0,221850.0,0
2013-12-16,221850.0,0.0,221850.0,0
2013-12-18,221850.0,0.0,221850.0,0
2013-12-19,221850.0,0.0,221850.0,0
2013-12-22,221850.0,0.0,221850.0,0
2013-12-23,221850.0,0.0,221850.0,0
2013-12-24,221850.0,0.0,221850.0,0
2013-12-26,221850.0,0.0,221850.0,0
2013-12-29,221850.0,0.0,221850.0,0
2013-12-31,221850.0,0.0,221850.0,0
2014-01-01,221850.0,0.0,221850.0,0
2014-01-02,221850.0,0.0,221850.0,0
2014-01-05,221850.0,0.0,221850.0,0
2014-01-06,221850.0,0.0,221850.0,0
2014-01-07,221850.0,0.0,221850.0,0
2014-01-08,221850.0,0.0,221850.0,0
2014-01-09,221850.0,0.0,221850.0,0
2014-01-12,221850.0,0.0,221850.0,0
2014-01-13,221850.0,0.0,221850.0,0
2014-01-14,221850.0,0.0,221850.0,0
2014-01-16,221850.0,0.0,221850.0,0
2014-01-19,221850.0,0.0,221850.0,0
2014-01-20,221850.0,0.0,221850.0,0
2014-01-21,221850.0,0.0,221850.0,0
2014-01-22,221850.0,0.0,221850.0,0
2014-01-23,221850.0,0.0,221850.0,0
2014-01-26,221850.0,0.0,221850.0,0
2014-01-27,221850.0,0.0,221850.0,0
2014-01-28,221850.0,0.0,221850.0,0
2014-01-29,221850.0,0.0,221850.0,0
2014-02-02,221850.0,0.0,221850.0,0
2014-02-03,221850.0,0.0,221850.0,0
2014-02-04,221850.0,0.0,221850.0,0
2014-02-05,221850.0,0.0,221850.0,0
2014-02-06,221850.0,0.0,221850.0,0
2014-02-09,221850.0,0.0,221850.0,0
2014-02-10,221850.0,0.0,221850.0,0
2014-02-11,221850.0,0.0,221850.0,0
2014-02-12,221850.0,0.0,221850.0,0
2014-02-13,221850.0,0.0,221850.0,0
2014-02-16,221850.0,0.0,221850.0,0
2014-02-17,221850.0,0.0,221850.0,0
2014-02-18,221850.0,0.0,221850.0,0
2014-02-20,221850.0,0.0,221850.0,0
2014-02-23,221850.0,0.0,221850.0,0
2014-02-24,221850.0,0.0,221850.0,0
2014-02-25,221850.0,0.0,221850.0,0
2014-02-26,221850.0,0.0,221850.0,0
2014-03-03,221850.0,0.0,221850.0,0
2014-03-04,221850.0,0.0,221850.0,0
2014-03-05,221850.0,0.0,221850.0,0
2014-03-06,221850.0,0.0,221850.0,0
2014-03-09,221850.0,0.0,221850.0,0
2014-03-10,221850.0,0.0,221850.0,0
2014-03-11,213590.0,8000.0,221590.0,2
2014-03-12,213590.0,7790.0,221380.0,2
2014-03-13,213590.0,7900.0,221490.0,2
2014-03-17,209210.0,11680.0,220890.0,3
2014-03-18,209210.0,11460.0,220670.0,3
2014-03-19,209210.0,11770.0,220980.0,3
2014-03-20,209210.0,12210.0,221420.0,3
2014-03-23,209210.0,12060.0,221270.0,3
2014-03-24,209210.0,12120.0,221330.0,3
2014-03-25,209210.0,12040.0,221250.0,3
2014-03-26,209210.0,12060.0,221270.0,3
2014-03-27,209210.0,12080.0,221290.0,3
2014-03-31,209210.0,12310.0,221520.0,3
2014-04-01,209210.0,12800.0,222010.0,3
2014-04-02,209210.0,13100.0,222310.0,3
2014-04-03,214010.0,8170.0,222180.0,2
2014-04-06,211420.0,10390.0,221810.0,3
2014-04-07,211420.0,10520.0,221940.0,3
2014-04-09,211420.0,10720.0,222140.0,3
2014-04-10,207090.0,15100.0,222190.0,4
2014-04-13,207090.0,15150.0,222240.0,4
2014-04-15,207090.0,14970.0,222060.0,4
2014-04-16,207090.0,14800.0,221890.0,4
2014-04-17,207090.0,14820.0,221910.0,4
2014-04-20,207090.0,14620.0,221710.0,4
2014-04-21,207090.0,14630.0,221720.0,4
2014-04-22,207090.0,14780.0,221870.0,4
2014-04-23,207090.0,14780.0,221870.0,4
2014-04-27,207090.0,14680.0,221770.0,4
2014-04-28,207090.0,14640.0,221730.0,4
2014-04-29,207090.0,14460.0,221550.0,4
2014-04-30,207090.0,14690.0,221780.0,4
2014-05-04,207090.0,14520.0,221610.0,4
2014-05-05,207090.0,15470.0,222560.0,4
2014-05-06,211250.0,11700.0,222950.0,3
2014-05-07,214180.0,8910.0,223090.0,2
2014-05-08,214180.0,8730.0,222910.0,2
2014-05-11,214180.0,8550.0,222730.0,2
2014-05-12,214180.0,8500.0,222680.0,2
2014-05-13,214180.0,8390.0,222570.0,2
2014-05-15,214180.0,8520.0,222700.0,2
2014-05-18,214180.0,8480.0,222660.0,2
2014-05-19,209800.0,12930.0,222730.0,3
2014-05-20,209800.0,12750.0,222550.0,3
2014-05-21,209800.0,12780.0,222580.0,3
2014-05-22,209800.0,12870.0,222670.0,3
2014-05-25,209800.0,12930.0,222730.0,3
2014-05-26,209800.0,12890.0,222690.0,3
2014-05-27,209800.0,12910.0,222710.0,3
2014-05-28,209800.0,13070.0,222870.0,3
2014-06-01,209800.0,13160.0,222960.0,3
2014-06-02,209800.0,13390.0,223190.0,3
2014-06-03,214400.0,8970.0,223370.0,2
2014-06-04,218970.0,4430.0,223400.0,1
2014-06-05,218970.0,4430.0,223400.0,1
2014-06-08,218970.0,4500.0,223470.0,1
2014-06-09,214520.0,8880.0,223400.0,2
2014-06-10,214520.0,9100.0,223620.0,2
2014-06-11,219110.0,4590.0,223700.0,1
2014-06-12,219110.0,4560.0,223670.0,1
2014-06-15,219110.0,4980.0,224090.0,1
2014-06-16,224090.0,0.0,224090.0,0
2014-06-17,224090.0,0.0,224090.0,0
2014-06-18,224090.0,0.0,224090.0,0
2014-06-19,224090.0,0.0,224090.0,0
2014-06-23,224090.0,0.0,224090.0,0
2014-06-24,224090.0,0.0,224090.0,0
2014-06-25,224090.0,0.0,224090.0,0
2014-06-26,224090.0,0.0,224090.0,0
2014-06-29,224090.0,0.0,224090.0,0
2014-06-30,224090.0,0.0,224090.0,0
2014-07-01,224090.0,0.0,224090.0,0
2014-07-02,224090.0,0.0,224090.0,0
2014-07-03,224090.0,0.0,224090.0,0
2014-07-06,224090.0,0.0,224090.0,0
2014-07-07,224090.0,0.0,224090.0,0
2014-07-08,224090.0,0.0,224090.0,0
2014-07-09,224090.0,0.0,224090.0,0
2014-07-10,224090.0,0.0,224090.0,0
2014-07-13,224090.0,0.0,224090.0,0
2014-07-14,224090.0,0.0,224090.0,0
2014-07-15,224090.0,0.0,224090.0,0
2014-07-16,224090.0,0.0,224090.0,0
2014-07-17,224090.0,0.0,224090.0,0
2014-07-20,224090.0,0.0,224090.0,0
2014-07-21,224090.0,0.0,224090.0,0
2014-07-22,224090.0,0.0,224090.0,0
2014-07-23,224090.0,0.0,224090.0,0
2014-07-24,224090.0,0.0,224090.0,0
2014-07-27,224090.0,0.0,224090.0,0
2014-07-28,224090.0,0.0,224090.0,0
2014-07-30,224090.0,0.0,224090.0,0
2014-07-31,224090.0,0.0,224090.0,0
2014-08-03,224090.0,0.0,224090.0,0
2014-08-04,224090.0,0.0,224090.0,0
2014-08-05,224090.0,0.0,224090.0,0
2014-08-06,224090.0,0.0,224090.0,0
2014-08-07,224090.0,0.0,224090.0,0
2014-08-12,224090.0,0.0,224090.0,0
2014-08-13,224090.0,0.0,224090.0,0
2014-08-14,224090.0,0.0,224090.0,0
2014-08-18,224090.0,0.0,224090.0,0
2014-08-19,224090.0,0.0,224090.0,0
2014-08-20,224090.0,0.0,224090.0,0
2014-08-21,220530.0,3400.0,223930.0,1
2014-08-24,216200.0,7610.0,223810.0,2
2014-08-25,212640.0,10530.0,223170.0,3
2014-08-26,212640.0,10550.0,223190.0,3
2014-08-27,212640.0,10780.0,223420.0,3
2014-08-28,212640.0,11440.0,224080.0,3
2014-08-31,212640.0,11140.0,223780.0,3
2014-09-01,212640.0,10780.0,223420.0,3
2014-09-03,212640.0,10540.0,223180.0,3
2014-09-04,212640.0,10140.0,222780.0,3
2014-09-07,208220.0,13770.0,221990.0,4
2014-09-09,208220.0,14700.0,222920.0,4
2014-09-10,208220.0,14730.0,222950.0,4
2014-09-11,208220.0,14510.0,222730.0,4
2014-09-14,208220.0,14270.0,222490.0,4
2014-09-15,208220.0,14770.0,222990.0,4
2014-09-16,203770.0,19680.0,223450.0,5
2014-09-17,208600.0,14770.0,223370.0,4
2014-09-18,208600.0,14760.0,223360.0,4
2014-09-21,208600.0,14020.0,222620.0,4
2014-09-22,208600.0,13640.0,222240.0,4
2014-09-23,208600.0,14150.0,222750.0,4
2014-09-24,208600.0,14660.0,223260.0,4
2014-09-28,208600.0,15020.0,223620.0,4
2014-09-29,208600.0,15540.0,224140.0,4
2014-09-30,208600.0,15300.0,223900.0,4
2014-10-08,208600.0,14940.0,223540.0,4
2014-10-09,208600.0,15120.0,223720.0,4
2014-10-12,208600.0,14710.0,223310.0,4
2014-10-13,208600.0,14720.0,223320.0,4
2014-10-14,208600.0,14560.0,223160.0,4
2014-10-15,208600.0,14680.0,223280.0,4
2014-10-16,208600.0,14570.0,223170.0,4
2014-10-19,208600.0,14490.0,223090.0,4
2014-10-20,208600.0,14470.0,223070.0,4
2014-10-21,208600.0,14700.0,223300.0,4
2014-10-22,204310.0,19690.0,224000.0,5
2014-10-26,204310.0,19300.0,223610.0,5
2014-10-27,204310.0,18770.0,223080.0,5
2014-10-28,204310.0,18850.0,223160.0,5
2014-10-30,204310.0,18460.0,222770.0,5
2014-11-02,204310.0,18060.0,222370.0,5
2014-11-03,204310.0,17860.0,222170.0,5
2014-11-04,204310.0,17750.0,222060.0,5
2014-11-05,204310.0,17910.0,222220.0,5
2014-11-06,204310.0,17940.0,222250.0,5
2014-11-09,204310.0,17660.0,221970.0,5
2014-11-10,204310.0,17250.0,221560.0,5
2014-11-11,201180.0,20700.0,221880.0,6
2014-11-12,201180.0,20550.0,221730.0,6
2014-11-13,201180.0,20660.0,221840.0,6
2014-11-16,201180.0,20170.0,221350.0,6
2014-11-17,196870.0,23610.0,220480.0,7
2014-11-18,192570.0,28630.0,221200.0,8
2014-11-19,192570.0,28560.0,221130.0,8
2014-11-20,197140.0,24570.0,221710.0,7
2014-11-23,197140.0,24620.0,221760.0,7
2014-11-24,201740.0,19740.0,221480.0,6
2014-11-25,201740.0,19910.0,221650.0,6
2014-11-30,201740.0,19580.0,221320.0,6
2014-12-01,201740.0,19230.0,220970.0,6
2014-12-02,201740.0,18770.0,220510.0,6
2014-12-03,201740.0,19220.0,220960.0,6
2014-12-04,201740.0,19510.0,221250.0,6
2014-12-07,201740.0,19110.0,220850.0,6
2014-12-08,197460.0,23230.0,220690.0,7
2014-12-09,197460.0,23230.0,220690.0,7
2014-12-10,197460.0,24210.0,221670.0,7
2014-12-11,197460.0,23850.0,221310.0,7
2014-12-14,197460.0,25120.0,222580.0,7
2014-12-15,197460.0,25690.0,223150.0,7
2014-12-16,202130.0,20730.0,222860.0,6
2014-12-17,202130.0,20410.0,222540.0,6
2014-12-18,202130.0,20420.0,222550.0,6
2014-12-21,202130.0,20000.0,222130.0,6
2014-12-22,202130.0,19650.0,221780.0,6
2014-12-23,202130.0,19580.0,221710.0,6
2014-12-24,202130.0,19650.0,221780.0,6
2014-12-28,197760.0,24770.0,222530.0,7
2014-12-29,197760.0,24560.0,222320.0,7
2014-12-31,194040.0,28030.0,222070.0,8
2015-01-01,194040.0,28430.0,222470.0,8
2015-01-04,194040.0,29120.0,223160.0,8
2015-01-05,198170.0,25010.0,223180.0,7
2015-01-06,198170.0,24760.0,222930.0,7
2015-01-07,198170.0,24860.0,223030.0,7
2015-01-08,198170.0,24820.0,222990.0,7
2015-01-11,198170.0,24940.0,223110.0,7
2015-01-12,198170.0,24740.0,222910.0,7
2015-01-13,198170.0,24980.0,223150.0,7
2015-01-14,198170.0,25180.0,223350.0,7
2015-01-18,198170.0,25470.0,223640.0,7
2015-01-19,201570.0,22950.0,224520.0,6
2015-01-20,211060.0,13150.0,224210.0,4
2015-01-22,211060.0,13120.0,224180.0,4
2015-01-25,211060.0,13370.0,224430.0,4
2015-01-26,211060.0,13390.0,224450.0,4
2015-01-27,211060.0,13700.0,224760.0,4
2015-01-28,211060.0,13960.0,225020.0,4
2015-01-29,211060.0,14030.0,225090.0,4
2015-02-01,211060.0,14230.0,225290.0,4
2015-02-02,211060.0,14070.0,225130.0,4
2015-02-03,211060.0,13840.0,224900.0,4
2015-02-04,211060.0,13850.0,224910.0,4
2015-02-05,211060.0,13730.0,224790.0,4
2015-02-08,211060.0,13750.0,224810.0,4
2015-02-09,211060.0,13640.0,224700.0,4
2015-02-10,211060.0,13500.0,224560.0,4
2015-02-11,211060.0,13820.0,224880.0,4
2015-02-12,211060.0,13730.0,224790.0,4
2015-02-15,211060.0,13750.0,224810.0,4
2015-02-16,211060.0,13780.0,224840.0,4
2015-02-19,211060.0,13640.0,224700.0,4
2015-02-22,211060.0,13480.0,224540.0,4
2015-02-23,211060.0,13510.0,224570.0,4
2015-02-24,211060.0,13580.0,224640.0,4
2015-02-25,211060.0,13620.0,224680.0,4
2015-02-26,211060.0,14110.0,225170.0,4
2015-03-01,211060.0,13750.0,224810.0,4
2015-03-02,215040.0,9960.0,225000.0,3
2015-03-03,215040.0,9780.0,224820.0,3
2015-03-04,215040.0,9930.0,224970.0,3
2015-03-09,215040.0,10160.0,225200.0,3
2015-03-10,215040.0,10020.0,225060.0,3
2015-03-11,210560.0,14580.0,225140.0,4
2015-03-12,210560.0,14650.0,225210.0,4
2015-03-15,210560.0,14420.0,224980.0,4
2015-03-16,210560.0,14190.0,224750.0,4
2015-03-17,210560.0,14260.0,224820.0,4
2015-03-18,210560.0,14200.0,224760.0,4
2015-03-19,210560.0,14470.0,225030.0,4
2015-03-22,210560.0,14380.0,224940.0,4
2015-03-23,210560.0,14150.0,224710.0,4
2015-03-24,210560.0,14040.0,224600.0,4
2015-03-25,210560.0,13980.0,224540.0,4
2015-03-26,210560.0,14000.0,224560.0,4
2015-03-29,207420.0,17160.0,224580.0,5
2015-03-30,207420.0,17030.0,224450.0,5
2015-03-31,207420.0,17450.0,224870.0,5
2015-04-01,207420.0,17390.0,224810.0,5
2015-04-02,207420.0,17230.0,224650.0,5
2015-04-05,207420.0,17130.0,224550.0,5
2015-04-06,207420.0,17230.0,224650.0,5
2015-04-07,202920.0,22630.0,225550.0,6
2015-04-08,202920.0,21910.0,224830.0,6
2015-04-09,202920.0,22080.0,225000.0,6
2015-04-12,207630.0,17570.0,225200.0,5
2015-04-13,207630.0,17480.0,225110.0,5
2015-04-15,207630.0,17280.0,224910.0,5
2015-04-16,207630.0,17370.0,225000.0,5
2015-04-19,199800.0,25110.0,224910.0,7
2015-04-20,199800.0,25240.0,225040.0,7
2015-04-21,199800.0,25330.0,225130.0,7
2015-04-22,199800.0,25620.0,225420.0,7
2015-04-23,199800.0,24700.0,224500.0,7
2015-05-24,199800.0,25850.0,225650.0,7
2015-05-25,195530.0,28260.0,223790.0,8
2015-05-26,195530.0,27110.0,222640.0,8
2015-05-27,191500.0,31500.0,223000.0,9
2015-05-28,191500.0,30260.0,221760.0,9
2015-05-31,191500.0,31050.0,222550.0,9
2015-06-01,191500.0,31970.0,223470.0,9
2015-06-02,200260.0,23280.0,223540.0,7
2015-06-03,200260.0,24150.0,224410.0,7
2015-06-04,200260.0,24160.0,224420.0,7
2015-06-07,200260.0,24480.0,224740.0,7
2015-06-08,200260.0,25060.0,225320.0,7
2015-06-09,200260.0,26060.0,226320.0,7
2015-06-10,205060.0,20960.0,226020.0,6
2015-06-11,205060.0,20450.0,225510.0,6
2015-06-14,205060.0,20120.0,225180.0,6
2015-06-15,205060.0,20170.0,225230.0,6
2015-06-16,205060.0,20000.0,225060.0,6
2015-06-17,205060.0,20050.0,225110.0,6
2015-06-18,205060.0,19910.0,224970.0,6
2015-06-21,205060.0,19760.0,224820.0,6
2015-06-22,205060.0,19840.0,224900.0,6
2015-06-23,205060.0,19980.0,225040.0,6
2015-06-24,205060.0,19780.0,224840.0,6
2015-06-25,205060.0,19940.0,225000.0,6
2015-06-28,205060.0,19830.0,224890.0,6
2015-06-29,205060.0,20120.0,225180.0,6
2015-06-30,205060.0,20000.0,225060.0,6
2015-07-01,205060.0,19880.0,224940.0,6
2015-07-02,205060.0,19580.0,224640.0,6
2015-07-05,205060.0,19790.0,224850.0,6
2015-07-06,205060.0,19690.0,224750.0,6
2015-07-07,205060.0,19670.0,224730.0,6
2015-07-08,205060.0,19870.0,224930.0,6
2015-07-09,205060.0,20020.0,225080.0,6
2015-07-12,205060.0,19830.0,224890.0,6
2015-07-13,205060.0,19740.0,224800.0,6
2015-07-14,205060.0,19820.0,224880.0,6
2015-07-15,205060.0,19850.0,224910.0,6
2015-07-16,205060.0,20360.0,225420.0,6
2015-07-22,205060.0,20360.0,225420.0,6
2015-07-23,205060.0,21260.0,226320.0,6
2015-07-26,209710.0,17790.0,227500.0,5
2015-07-27,213890.0,12870.0,226760.0,4
2015-07-28,213890.0,12690.0,226580.0,4
2015-07-29,213890.0,12600.0,226490.0,4
2015-07-30,213890.0,12720.0,226610.0,4
2015-08-02,213890.0,12940.0,226830.0,4
2015-08-03,213890.0,12650.0,226540.0,4
2015-08-04,213890.0,12650.0,226540.0,4
2015-08-05,213890.0,12550.0,226440.0,4
2015-08-06,213890.0,12450.0,226340.0,4
2015-08-09,213890.0,12560.0,226450.0,4
2015-08-10,213890.0,12480.0,226370.0,4
2015-08-11,213890.0,12290.0,226180.0,4
2015-08-12,213890.0,12260.0,226150.0,4
2015-08-13,213890.0,12280.0,226170.0,4
2015-08-16,213890.0,12050.0,225940.0,4
2015-08-17,213890.0,12610.0,226500.0,4
2015-08-18,213890.0,12520.0,226410.0,4
2015-08-19,213890.0,12730.0,226620.0,4
2015-08-20,213890.0,12690.0,226580.0,4
2015-08-23,216150.0,10090.0,226240.0,3
2015-08-24,216150.0,10140.0,226290.0,3
2015-08-25,216150.0,10070.0,226220.0,3
2015-08-26,216150.0,10070.0,226220.0,3
2015-08-27,216150.0,10270.0,226420.0,3
2015-08-31,211630.0,15120.0,226750.0,4
2015-09-01,216360.0,10640.0,227000.0,3
2015-09-02,216360.0,10730.0,227090.0,3
2015-09-03,216360.0,10840.0,227200.0,3
2015-09-06,216360.0,10860.0,227220.0,3
2015-09-07,216360.0,10920.0,227280.0,3
2015-09-08,216360.0,10830.0,227190.0,3
2015-09-09,216360.0,10820.0,227180.0,3
2015-09-10,216360.0,10730.0,227090.0,3
2015-09-13,216360.0,10520.0,226880.0,3
2015-09-14,216360.0,10700.0,227060.0,3
2015-09-15,216360.0,10820.0,227180.0,3
2015-09-16,216360.0,10740.0,227100.0,3
2015-09-17,216360.0,10900.0,227260.0,3
2015-09-22,216360.0,10660.0,227020.0,3
2015-09-23,216360.0,10730.0,227090.0,3
2015-09-24,216360.0,10620.0,226980.0,3
2015-09-28,216360.0,10530.0,226890.0,3
2015-09-29,216360.0,10580.0,226940.0,3
2015-09-30,216360.0,10590.0,226950.0,3
2015-10-01,216360.0,10540.0,226900.0,3
2015-10-04,216360.0,10500.0,226860.0,3
2015-10-05,216360.0,10600.0,226960.0,3
2015-10-06,216360.0,10450.0,226810.0,3
2015-10-07,216360.0,10650.0,227010.0,3
2015-10-08,219770.0,7610.0,227380.0,2
2015-10-11,219770.0,7530.0,227300.0,2
2015-10-14,219770.0,7310.0,227080.0,2
2015-10-15,219770.0,7180.0,226950.0,2
2015-10-18,219770.0,7180.0,226950.0,2
2015-10-19,219770.0,7270.0,227040.0,2
2015-10-25,216230.0,10810.0,227040.0,3
2015-10-27,212770.0,13610.0,226380.0,4
2015-10-28,212770.0,13460.0,226230.0,4
2015-10-29,212770.0,13890.0,226660.0,4
2015-11-01,212770.0,14340.0,227110.0,4
2015-11-02,212770.0,14010.0,226780.0,4
2015-11-03,212770.0,13970.0,226740.0,4
2015-11-04,212770.0,14140.0,226910.0,4
2015-11-05,212770.0,14330.0,227100.0,4
2015-11-08,212770.0,14180.0,226950.0,4
2015-11-09,212770.0,14120.0,226890.0,4
2015-11-10,212770.0,14170.0,226940.0,4
2015-11-15,212770.0,13930.0,226700.0,4
2015-11-16,208700.0,18030.0,226730.0,5
2015-11-18,204180.0,22740.0,226920.0,6
2015-11-19,204180.0,22360.0,226540.0,6
2015-11-22,204180.0,22040.0,226220.0,6
2015-11-23,199680.0,26580.0,226260.0,7
2015-11-24,195160.0,31020.0,226180.0,8
2015-11-25,195160.0,30890.0,226050.0,8
2015-11-26,195160.0,29950.0,225110.0,8
2015-11-29,195160.0,29090.0,224250.0,8
2015-11-30,195160.0,29950.0,225110.0,8
2015-12-01,195160.0,29980.0,225140.0,8
2015-12-02,195160.0,29870.0,225030.0,8
2015-12-03,195160.0,30770.0,225930.0,8
2015-12-04,195160.0,30600.0,225760.0,8
2015-12-07,195160.0,30440.0,225600.0,8
2015-12-08,195160.0,31040.0,226200.0,8
2015-12-09,195160.0,30600.0,225760.0,8
2015-12-10,195160.0,30520.0,225680.0,8
2015-12-13,195160.0,31130.0,226290.0,8
2015-12-14,195160.0,31210.0,226370.0,8
2015-12-15,195160.0,30700.0,225860.0,8
2015-12-16,195160.0,30840.0,226000.0,8
2015-12-17,195160.0,30920.0,226080.0,8
2015-12-20,195160.0,30970.0,226130.0,8
2015-12-21,199970.0,26490.0,226460.0,7
2015-12-22,199970.0,26540.0,226510.0,7
2015-12-23,199970.0,26490.0,226460.0,7
2015-12-24,199970.0,26320.0,226290.0,7
2015-12-25,199970.0,26600.0,226570.0,7
2015-12-28,199970.0,26610.0,226580.0,7
2015-12-29,199970.0,26020.0,225990.0,7
2015-12-31,199970.0,25960.0,225930.0,7
2016-01-03,199970.0,25810.0,225780.0,7
2016-01-04,199970.0,25880.0,225850.0,7
2016-01-05,199970.0,25800.0,225770.0,7
2016-01-06,199970.0,26220.0,226190.0,7
2016-01-07,199970.0,26740.0,226710.0,7
2016-01-10,199970.0,26430.0,226400.0,7
2016-01-11,199970.0,26260.0,226230.0,7
2016-01-12,199970.0,26130.0,226100.0,7
2016-01-13,199970.0,26130.0,226100.0,7
2016-01-14,199970.0,26830.0,226800.0,7
2016-01-17,199970.0,27700.0,227670.0,7
2016-01-18,204710.0,23510.0,228220.0,6
2016-01-19,210230.0,18150.0,228380.0,5
2016-01-20,210230.0,18430.0,228660.0,5
2016-01-21,213350.0,15330.0,228680.0,4
2016-01-24,213350.0,15330.0,228680.0,4
2016-01-25,213350.0,15390.0,228740.0,4
2016-01-26,213350.0,15590.0,228940.0,4
2016-01-27,218110.0,10840.0,228950.0,3
2016-01-28,218110.0,10850.0,228960.0,3
2016-01-31,218110.0,10880.0,228990.0,3
2016-02-01,218110.0,11000.0,229110.0,3
2016-02-02,218110.0,11140.0,229250.0,3
2016-02-03,218110.0,11180.0,229290.0,3
2016-02-04,218110.0,11150.0,229260.0,3
2016-02-07,218110.0,11150.0,229260.0,3
2016-02-08,218110.0,11110.0,229220.0,3
2016-02-11,218110.0,11090.0,229200.0,3
2016-02-14,218110.0,11080.0,229190.0,3
2016-02-15,218110.0,11030.0,229140.0,3
2016-02-16,218110.0,11020.0,229130.0,3
2016-02-17,218110.0,11060.0,229170.0,3
2016-02-18,218110.0,11040.0,229150.0,3
2016-02-21,218110.0,11030.0,229140.0,3
2016-02-22,218110.0,11100.0,229210.0,3
2016-02-23,218110.0,11060.0,229170.0,3
2016-02-24,218110.0,11030.0,229140.0,3
2016-02-25,218110.0,11060.0,229170.0,3
2016-02-28,218110.0,11010.0,229120.0,3
2016-02-29,218110.0,11010.0,229120.0,3
2016-03-01,214060.0,15100.0,229160.0,4
2016-03-02,214060.0,15190.0,229250.0,4
2016-03-03,214060.0,15700.0,229760.0,4
2016-03-06,218690.0,11130.0,229820.0,3
2016-03-10,218690.0,11320.0,230010.0,3
2016-03-13,218690.0,11210.0,229900.0,3
2016-03-14,218690.0,11170.0,229860.0,3
2016-03-15,218690.0,11170.0,229860.0,3
2016-03-16,218690.0,11140.0,229830.0,3
2016-03-17,218690.0,11220.0,229910.0,3
2016-03-20,218690.0,11210.0,229900.0,3
2016-03-21,218690.0,11290.0,229980.0,3
2016-03-23,218690.0,11310.0,230000.0,3
2016-03-24,222390.0,7610.0,230000.0,2
2016-03-27,222390.0,7610.0,230000.0,2
2016-03-28,222390.0,7610.0,230000.0,2
2016-03-29,222390.0,7610.0,230000.0,2
2016-03-30,222390.0,7610.0,230000.0,2
2016-03-31,222390.0,7610.0,230000.0,2
2016-04-03,222390.0,7610.0,230000.0,2
2016-04-04,222390.0,7610.0,230000.0,2
2016-04-05,222390.0,7610.0,230000.0,2
2016-04-06,222390.0,7610.0,230000.0,2
2016-04-10,222390.0,7610.0,230000.0,2
2016-04-11,222390.0,7610.0,230000.0,2
2016-04-12,222390.0,7610.0,230000.0,2
2016-04-14,222390.0,7610.0,230000.0,2
2016-04-17,222390.0,7610.0,230000.0,2
2016-04-18,222390.0,7610.0,230000.0,2
2016-04-19,222390.0,7610.0,230000.0,2
2016-04-20,222390.0,7610.0,230000.0,2
2016-04-21,222390.0,7610.0,230000.0,2
2016-04-24,222390.0,7610.0,230000.0,2
2016-04-25,219330.0,10630.0,229960.0,3
2016-04-26,219330.0,10660.0,229990.0,3
2016-04-27,219330.0,10650.0,229980.0,3
2016-04-28,219330.0,10710.0,230040.0,3
2016-05-02,219330.0,10680.0,230010.0,3
2016-05-03,219330.0,10880.0,230210.0,3
2016-05-04,222600.0,7610.0,230210.0,2
2016-05-05,222600.0,7610.0,230210.0,2
2016-05-08,222600.0,7610.0,230210.0,2
2016-05-09,222600.0,7610.0,230210.0,2
2016-05-10,222600.0,7610.0,230210.0,2
2016-05-11,222600.0,7610.0,230210.0,2
2016-05-12,222600.0,7610.0,230210.0,2
2016-05-15,222600.0,7610.0,230210.0,2
2016-05-16,222600.0,7610.0,230210.0,2
2016-05-17,222600.0,7610.0,230210.0,2
2016-05-18,222600.0,7610.0,230210.0,2
2016-05-19,222600.0,7610.0,230210.0,2
2016-05-22,219060.0,10970.0,230030.0,3
2016-05-23,219060.0,11070.0,230130.0,3
2016-05-24,219060.0,11130.0,230190.0,3
2016-05-25,219060.0,11170.0,230230.0,3
2016-05-26,219060.0,11350.0,230410.0,3
2016-05-29,219060.0,11470.0,230530.0,3
2016-05-30,219060.0,11510.0,230570.0,3
2016-05-31,219060.0,11850.0,230910.0,3
2016-06-01,223300.0,7610.0,230910.0,2
2016-06-02,223300.0,7610.0,230910.0,2
2016-06-05,223300.0,7610.0,230910.0,2
2016-06-06,223300.0,7610.0,230910.0,2
2016-06-07,223300.0,7610.0,230910.0,2
2016-06-08,223300.0,7610.0,230910.0,2
2016-06-09,223300.0,7610.0,230910.0,2
2016-06-12,223300.0,7610.0,230910.0,2
2016-06-13,223300.0,7610.0,230910.0,2
2016-06-14,223300.0,7610.0,230910.0,2
2016-06-15,223300.0,7610.0,230910.0,2
2016-06-16,223300.0,7610.0,230910.0,2
2016-06-19,223300.0,7610.0,230910.0,2
2016-06-20,223300.0,7610.0,230910.0,2
2016-06-21,223300.0,7610.0,230910.0,2
2016-06-22,223300.0,7610.0,230910.0,2
2016-06-23,223300.0,7610.0,230910.0,2
2016-06-26,223300.0,7610.0,230910.0,2
2016-06-27,223300.0,7610.0,230910.0,2
2016-06-28,223300.0,7610.0,230910.0,2
2016-06-29,223300.0,7610.0,230910.0,2
2016-06-30,223300.0,7610.0,230910.0,2
2016-07-03,223300.0,7610.0,230910.0,2
2016-07-04,223300.0,7610.0,230910.0,2
2016-07-05,223300.0,7610.0,230910.0,2
2016-07-06,223300.0,7610.0,230910.0,2
2016-07-10,223300.0,7610.0,230910.0,2
2016-07-11,223300.0,7610.0,230910.0,2
2016-07-12,223300.0,7610.0,230910.0,2
2016-07-13,223300.0,7610.0,230910.0,2
2016-07-14,223300.0,7610.0,230910.0,2
2016-07-17,223300.0,7610.0,230910.0,2
2016-07-18,223300.0,7610.0,230910.0,2
2016-07-19,223300.0,7610.0,230910.0,2
2016-07-20,223300.0,7610.0,230910.0,2
2016-07-21,223300.0,7610.0,230910.0,2
2016-07-25,223300.0,7610.0,230910.0,2
2016-07-26,223300.0,7610.0,230910.0,2
2016-07-27,223300.0,7610.0,230910.0,2
2016-07-28,223300.0,7610.0,230910.0,2
2016-07-31,223300.0,7610.0,230910.0,2
2016-08-01,223300.0,7610.0,230910.0,2
2016-08-02,223300.0,7610.0,230910.0,2
2016-08-03,223300.0,7610.0,230910.0,2
2016-08-04,223300.0,7610.0,230910.0,2
2016-08-07,223300.0,7610.0,230910.0,2
2016-08-08,223300.0,7610.0,230910.0,2
2016-08-09,223300.0,7610.0,230910.0,2
2016-08-10,223300.0,7610.0,230910.0,2
2016-08-11,223300.0,7610.0,230910.0,2
2016-08-14,223300.0,7610.0,230910.0,2
2016-08-15,223300.0,7610.0,230910.0,2
2016-08-16,223300.0,7610.0,230910.0,2
2016-08-17,223300.0,7610.0,230910.0,2
2016-08-21,223300.0,7610.0,230910.0,2
2016-08-22,216080.0,14540.0,230620.0,4
2016-08-23,216080.0,14500.0,230580.0,4
2016-08-24,216080.0,14410.0,230490.0,4
2016-08-28,216080.0,14550.0,230630.0,4
2016-08-29,216080.0,14590.0,230670.0,4
2016-08-30,216080.0,14640.0,230720.0,4
2016-08-31,216080.0,14380.0,230460.0,4
2016-09-01,216080.0,14340.0,230420.0,4
2016-09-04,216080.0,14520.0,230600.0,4
2016-09-05,216080.0,14400.0,230480.0,4
2016-09-06,216080.0,14310.0,230390.0,4
2016-09-07,216080.0,14290.0,230370.0,4
2016-09-08,216080.0,14420.0,230500.0,4
2016-09-11,216080.0,14360.0,230440.0,4
2016-09-12,216080.0,14350.0,230430.0,4
2016-09-14,216080.0,14360.0,230440.0,4
2016-09-18,216080.0,14290.0,230370.0,4
2016-09-20,216080.0,14240.0,230320.0,4
2016-09-21,216080.0,14250.0,230330.0,4
2016-09-22,216080.0,14240.0,230320.0,4
2016-09-25,216080.0,14240.0,230320.0,4
2016-09-26,216080.0,14130.0,230210.0,4
2016-09-27,216080.0,14230.0,230310.0,4
2016-09-28,216080.0,14540.0,230620.0,4
2016-09-29,220320.0,10170.0,230490.0,3
2016-10-02,220320.0,10520.0,230840.0,3
2016-10-03,220320.0,10900.0,231220.0,3
2016-10-04,225000.0,6260.0,231260.0,2
2016-10-05,225000.0,6430.0,231430.0,2
2016-10-06,225000.0,6620.0,231620.0,2
2016-10-16,225000.0,6430.0,231430.0,2
2016-10-17,225000.0,6460.0,231460.0,2
2016-10-18,225000.0,6550.0,231550.0,2
2016-10-19,225000.0,6460.0,231460.0,2
2016-10-20,225000.0,6580.0,231580.0,2
2016-10-23,225000.0,6510.0,231510.0,2
2016-10-24,225000.0,6460.0,231460.0,2
2016-10-25,225000.0,6460.0,231460.0,2
2016-10-26,225000.0,6540.0,231540.0,2
2016-10-27,225000.0,6640.0,231640.0,2
2016-11-03,225000.0,6600.0,231600.0,2
2016-11-07,225000.0,6480.0,231480.0,2
2016-11-08,225000.0,6410.0,231410.0,2
2016-11-09,225000.0,6300.0,231300.0,2
2016-11-10,225000.0,6330.0,231330.0,2
2016-11-13,225000.0,6290.0,231290.0,2
2016-11-14,221370.0,10190.0,231560.0,3
2016-11-15,225350.0,6240.0,231590.0,2
2016-11-16,225350.0,6180.0,231530.0,2
2016-11-17,225350.0,6150.0,231500.0,2
2016-11-20,225350.0,5960.0,231310.0,2
2016-11-21,221430.0,9830.0,231260.0,3
2016-11-22,221430.0,9850.0,231280.0,3
2016-11-23,221430.0,9530.0,230960.0,3
2016-11-24,221430.0,9650.0,231080.0,3
2016-11-27,221430.0,9090.0,230520.0,3
2016-11-28,212430.0,19070.0,231500.0,5
2016-11-29,221940.0,10000.0,231940.0,3
2016-11-30,226120.0,5960.0,232080.0,2
2016-12-01,226120.0,5760.0,231880.0,2
2016-12-04,226120.0,5760.0,231880.0,2
2016-12-05,226120.0,5570.0,231690.0,2
2016-12-06,226120.0,5640.0,231760.0,2
2016-12-07,226120.0,5640.0,231760.0,2
2016-12-08,226120.0,5570.0,231690.0,2
2016-12-11,226120.0,5380.0,231500.0,2
2016-12-12,226120.0,5380.0,231500.0,2
2016-12-14,226120.0,5450.0,231570.0,2
2016-12-15,226120.0,5560.0,231680.0,2
2016-12-18,226120.0,5670.0,231790.0,2
2016-12-19,226120.0,5510.0,231630.0,2
2016-12-20,226120.0,5390.0,231510.0,2
2016-12-21,221510.0,9870.0,231380.0,3
2016-12-22,221510.0,9920.0,231430.0,3
2016-12-26,217630.0,13600.0,231230.0,4
2016-12-27,213010.0,18000.0,231010.0,5
2016-12-28,213010.0,18180.0,231190.0,5
2016-12-29,213010.0,18440.0,231450.0,5
2017-01-01,210230.0,21490.0,231720.0,6
2017-01-02,215080.0,16950.0,232030.0,5
2017-01-03,220030.0,11980.0,232010.0,4
2017-01-04,220030.0,11900.0,231930.0,4
2017-01-05,220030.0,11900.0,231930.0,4
2017-01-08,220030.0,11780.0,231810.0,4
2017-01-09,220030.0,11850.0,231880.0,4
2017-01-10,220030.0,11960.0,231990.0,4
2017-01-11,220030.0,11850.0,231880.0,4
2017-01-12,220030.0,12010.0,232040.0,4
2017-01-15,215680.0,16110.0,231790.0,5
2017-01-16,215680.0,16120.0,231800.0,5
2017-01-17,215680.0,16200.0,231880.0,5
2017-01-18,215680.0,16150.0,231830.0,5
2017-01-19,215680.0,16120.0,231800.0,5
2017-01-22,215680.0,16200.0,231880.0,5
2017-01-23,215680.0,16060.0,231740.0,5
2017-01-24,215680.0,15730.0,231410.0,5
2017-01-25,211130.0,19950.0,231080.0,6
2017-01-26,206650.0,23970.0,230620.0,7
2017-01-30,202140.0,27230.0,229370.0,8
2017-01-31,193000.0,37080.0,230080.0,10
2017-02-01,193000.0,39380.0,232380.0,10
2017-02-02,211910.0,20630.0,232540.0,6
2017-02-05,213320.0,18960.0,232280.0,6
2017-02-06,213320.0,18760.0,232080.0,6
2017-02-07,204130.0,27890.0,232020.0,8
2017-02-08,204130.0,27480.0,231610.0,8
2017-02-09,199530.0,31320.0,230850.0,9
2017-02-12,190510.0,39280.0,229790.0,11
2017-02-13,190510.0,40250.0,230760.0,11
2017-02-14,190510.0,39970.0,230480.0,11
2017-02-15,190510.0,41440.0,231950.0,11
2017-02-16,190510.0,42100.0,232610.0,11
2017-02-19,195340.0,37850.0,233190.0,10
2017-02-20,210040.0,23040.0,233080.0,7
2017-02-21,210040.0,22750.0,232790.0,7
2017-02-22,210040.0,22570.0,232610.0,7
2017-02-23,210040.0,22500.0,232540.0,7
2017-02-26,205440.0,26670.0,232110.0,8
2017-02-28,200820.0,31250.0,232070.0,9
2017-03-01,196310.0,36280.0,232590.0,10
2017-03-02,196310.0,36440.0,232750.0,10
2017-03-05,193000.0,40190.0,233190.0,11
2017-03-06,193000.0,40410.0,233410.0,11
2017-03-07,193000.0,39850.0,232850.0,11
2017-03-09,193000.0,39730.0,232730.0,11
2017-03-13,197750.0,35080.0,232830.0,10
2017-03-14,197750.0,34870.0,232620.0,10
2017-03-15,197750.0,35440.0,233190.0,10
2017-03-16,197750.0,35470.0,233220.0,10
2017-03-19,197750.0,35810.0,233560.0,10
2017-03-20,202630.0,31780.0,234410.0,9
2017-03-21,207430.0,28020.0,235450.0,8
2017-03-22,216010.0,19710.0,235720.0,6
2017-03-23,216010.0,20150.0,236160.0,6
2017-03-26,216010.0,20700.0,236710.0,6
2017-03-28,216010.0,21600.0,237610.0,6
2017-03-29,222900.0,14430.0,237330.0,4
2017-03-30,222900.0,14400.0,237300.0,4
2017-04-02,222900.0,15010.0,237910.0,4
2017-04-03,227590.0,10260.0,237850.0,3
2017-04-04,227590.0,10230.0,237820.0,3
2017-04-06,227590.0,10160.0,237750.0,3
2017-04-09,227590.0,10210.0,237800.0,3
2017-04-10,227590.0,10330.0,237920.0,3
2017-04-11,227590.0,10450.0,238040.0,3
2017-04-12,227590.0,10390.0,237980.0,3
2017-04-13,227590.0,10310.0,237900.0,3
2017-04-16,227590.0,10040.0,237630.0,3
2017-04-18,215960.0,21020.0,236980.0,6
2017-04-19,215960.0,21870.0,237830.0,6
2017-04-20,219530.0,18380.0,237910.0,5
2017-04-23,219530.0,18650.0,238180.0,5
2017-04-24,219530.0,18420.0,237950.0,5
2017-04-25,219530.0,18310.0,237840.0,5
2017-04-26,216130.0,21640.0,237770.0,6
2017-04-27,213660.0,24140.0,237800.0,7
2017-04-30,213660.0,23770.0,237430.0,7
2017-05-02,213660.0,23660.0,237320.0,7
2017-05-03,213660.0,23610.0,237270.0,7
2017-05-04,213660.0,23430.0,237090.0,7
2017-05-07,213660.0,22920.0,236580.0,7
2017-05-08,213660.0,23140.0,236800.0,7
2017-05-09,213660.0,23490.0,237150.0,7
2017-05-11,213660.0,23830.0,237490.0,7
2017-05-15,213660.0,23650.0,237310.0,7
2017-05-16,213660.0,23730.0,237390.0,7
2017-05-17,213660.0,23580.0,237240.0,7
2017-05-18,213660.0,23510.0,237170.0,7
2017-05-21,213660.0,23110.0,236770.0,7
2017-05-22,209250.0,27350.0,236600.0,8
2017-05-23,209250.0,27610.0,236860.0,8
2017-05-24,209250.0,27610.0,236860.0,8
2017-05-28,209250.0,27250.0,236500.0,8
2017-05-30,209250.0,26930.0,236180.0,8
2017-05-31,209250.0,27370.0,236620.0,8
2017-06-01,209250.0,27250.0,236500.0,8
2017-06-04,209250.0,27000.0,236250.0,8
2017-06-05,209250.0,27130.0,236380.0,8
2017-06-06,209250.0,27730.0,236980.0,8
2017-06-07,209250.0,27430.0,236680.0,8
2017-06-08,209250.0,27220.0,236470.0,8
2017-06-11,209250.0,26870.0,236120.0,8
2017-06-12,209250.0,26720.0,235970.0,8
2017-06-13,209250.0,26670.0,235920.0,8
2017-06-14,209250.0,26650.0,235900.0,8
2017-06-15,209250.0,26720.0,235970.0,8
2017-06-18,205110.0,30340.0,235450.0,9
2017-06-19,205110.0,29980.0,235090.0,9
2017-06-20,205110.0,31000.0,236110.0,9
2017-06-21,205110.0,30940.0,236050.0,9
2017-06-22,205110.0,30890.0,236000.0,9
2017-06-25,205110.0,31100.0,236210.0,9
2017-06-27,205110.0,31030.0,236140.0,9
2017-06-28,205110.0,31080.0,236190.0,9
2017-07-02,205110.0,30670.0,235780.0,9
2017-07-03,205110.0,30710.0,235820.0,9
2017-07-04,205110.0,30480.0,235590.0,9
2017-07-05,205110.0,30790.0,235900.0,9
2017-07-06,205110.0,31680.0,236790.0,9
2017-07-09,205110.0,31970.0,237080.0,9
2017-07-10,205110.0,31520.0,236630.0,9
2017-07-11,205110.0,31650.0,236760.0,9
2017-07-12,205110.0,30690.0,235800.0,9
2017-07-13,205110.0,30580.0,235690.0,9
2017-07-16,205110.0,30570.0,235680.0,9
2017-07-17,205110.0,31170.0,236280.0,9
2017-07-18,205110.0,31950.0,237060.0,9
2017-07-19,209470.0,27100.0,236570.0,8
2017-07-20,209470.0,26900.0,236370.0,8
2017-07-23,209470.0,26650.0,236120.0,8
2017-07-24,209470.0,26650.0,236120.0,8
2017-07-25,209470.0,26680.0,236150.0,8
2017-07-26,209470.0,26530.0,236000.0,8
2017-07-27,209470.0,26470.0,235940.0,8
2017-07-30,209470.0,26200.0,235670.0,8
2017-07-31,209470.0,26390.0,235860.0,8
2017-08-01,209470.0,26420.0,235890.0,8
2017-08-02,209470.0,26500.0,235970.0,8
2017-08-03,209470.0,26450.0,235920.0,8
2017-08-06,209470.0,26650.0,236120.0,8
2017-08-07,209470.0,26580.0,236050.0,8
2017-08-09,209470.0,26450.0,235920.0,8
2017-08-10,209470.0,26260.0,235730.0,8
2017-08-13,209470.0,26230.0,235700.0,8
2017-08-15,209470.0,26200.0,235670.0,8
2017-08-16,209470.0,26170.0,235640.0,8
2017-08-17,209470.0,25940.0,235410.0,8
2017-08-20,209470.0,25610.0,235080.0,8
2017-08-21,209470.0,25560.0,235030.0,8
2017-08-22,209470.0,25670.0,235140.0,8
2017-08-23,212390.0,22710.0,235100.0,7
2017-08-24,212390.0,22840.0,235230.0,7
2017-08-27,212390.0,22420.0,234810.0,7
2017-08-28,212390.0,21730.0,234120.0,7
2017-08-30,212390.0,21360.0,233750.0,7
2017-08-31,212390.0,21150.0,233540.0,7
2017-09-04,212390.0,20720.0,233110.0,7
2017-09-06,212390.0,20970.0,233360.0,7
2017-09-07,208190.0,24730.0,232920.0,8
2017-09-10,208190.0,24330.0,232520.0,8
2017-09-11,203580.0,29090.0,232670.0,9
2017-09-12,203580.0,28890.0,232470.0,9
2017-09-13,203580.0,28830.0,232410.0,9
2017-09-14,203580.0,29670.0,233250.0,9
2017-09-17,208430.0,24980.0,233410.0,8
2017-09-18,208430.0,24940.0,233370.0,8
2017-09-20,208430.0,24830.0,233260.0,8
2017-09-24,208430.0,24260.0,232690.0,8
2017-09-25,208430.0,24460.0,232890.0,8
2017-09-26,208430.0,24540.0,232970.0,8
2017-10-03,208430.0,25170.0,233600.0,8
2017-10-04,208430.0,24380.0,232810.0,8
2017-10-08,208430.0,23810.0,232240.0,8
2017-10-09,208430.0,23820.0,232250.0,8
2017-10-10,203790.0,28540.0,232330.0,9
2017-10-11,203790.0,28400.0,232190.0,9
2017-10-12,203790.0,28440.0,232230.0,9
2017-10-15,203790.0,28630.0,232420.0,9
2017-10-16,203790.0,29610.0,233400.0,9
2017-10-17,208740.0,24870.0,233610.0,8
2017-10-18,208740.0,24920.0,233660.0,8
2017-10-22,208740.0,25070.0,233810.0,8
2017-10-23,208740.0,24960.0,233700.0,8
2017-10-24,208740.0,24870.0,233610.0,8
2017-10-25,208740.0,24570.0,233310.0,8
2017-10-29,208740.0,24340.0,233080.0,8
2017-10-30,208740.0,24150.0,232890.0,8
2017-10-31,208740.0,24080.0,232820.0,8
2017-11-01,208740.0,23950.0,232690.0,8
2017-11-02,208740.0,23970.0,232710.0,8
2017-11-05,208740.0,23680.0,232420.0,8
2017-11-06,208740.0,23650.0,232390.0,8
2017-11-07,208740.0,23430.0,232170.0,8
2017-11-08,208740.0,23200.0,231940.0,8
2017-11-09,204110.0,27840.0,231950.0,9
2017-11-12,204110.0,28110.0,232220.0,9
2017-11-13,204110.0,28430.0,232540.0,9
2017-11-14,204110.0,28700.0,232810.0,9
2017-11-15,208990.0,23540.0,232530.0,8
2017-11-16,208990.0,23330.0,232320.0,8
2017-11-19,208990.0,23190.0,232180.0,8
2017-11-20,208990.0,23110.0,232100.0,8
2017-11-21,204430.0,28140.0,232570.0,9
2017-11-22,209220.0,23360.0,232580.0,8
2017-11-23,209220.0,23590.0,232810.0,8
2017-11-26,209220.0,23990.0,233210.0,8
2017-11-27,209220.0,23820.0,233040.0,8
2017-11-28,209220.0,23970.0,233190.0,8
2017-11-29,209220.0,24240.0,233460.0,8
2017-11-30,209220.0,24240.0,233460.0,8
2017-12-04,209220.0,24090.0,233310.0,8
2017-12-05,209220.0,24000.0,233220.0,8
2017-12-06,209220.0,24190.0,233410.0,8
2017-12-10,209220.0,24030.0,233250.0,8
2017-12-11,209220.0,24050.0,233270.0,8
2017-12-12,209220.0,23720.0,232940.0,8
2017-12-13,209220.0,23900.0,233120.0,8
2017-12-14,209220.0,23760.0,232980.0,8
2017-12-17,209220.0,23560.0,232780.0,8
2017-12-18,204870.0,27890.0,232760.0,9
2017-12-19,201140.0,31110.0,232250.0,10
2017-12-20,201140.0,30100.0,231240.0,10
2017-12-21,201140.0,29860.0,231000.0,10
2017-12-24,196640.0,34360.0,231000.0,11
2017-12-26,196640.0,33910.0,230550.0,11
2017-12-27,192080.0,38140.0,230220.0,12
2017-12-28,192080.0,37920.0,230000.0,12
2017-12-31,192080.0,37690.0,229770.0,12
2018-01-01,192080.0,37930.0,230010.0,12
2018-01-02,192080.0,38090.0,230170.0,12
2018-01-03,192080.0,37500.0,229580.0,12
2018-01-04,192080.0,37410.0,229490.0,12
2018-01-07,192080.0,37570.0,229650.0,12
2018-01-08,192080.0,37890.0,229970.0,12
2018-01-09,192080.0,38200.0,230280.0,12
2018-01-10,192080.0,37840.0,229920.0,12
2018-01-14,192080.0,37370.0,229450.0,12
2018-01-16,192080.0,37240.0,229320.0,12
2018-01-17,192080.0,36960.0,229040.0,12
2018-01-21,192080.0,36820.0,228900.0,12
2018-01-22,192080.0,36860.0,228940.0,12
2018-01-23,192080.0,36730.0,228810.0,12
2018-01-24,192080.0,36770.0,228850.0,12
2018-01-25,192080.0,36910.0,228990.0,12
2018-01-28,194820.0,34250.0,229070.0,11
2018-01-29,192020.0,36230.0,228250.0,12
2018-01-31,192020.0,36360.0,228380.0,12
2018-02-01,192020.0,36390.0,228410.0,12
2018-02-04,192020.0,36530.0,228550.0,12
2018-02-05,192020.0,36210.0,228230.0,12
2018-02-06,192020.0,36040.0,228060.0,12
2018-02-07,192020.0,35700.0,227720.0,12
2018-02-08,192020.0,36020.0,228040.0,12
2018-02-11,192020.0,35660.0,227680.0,12
2018-02-12,192020.0,35650.0,227670.0,12
2018-02-14,192020.0,36020.0,228040.0,12
2018-02-15,192020.0,37530.0,229550.0,12
2018-02-18,196830.0,32240.0,229070.0,11
2018-02-20,196830.0,31870.0,228700.0,11
2018-02-21,196830.0,32270.0,229100.0,11
2018-02-22,196830.0,31680.0,228510.0,11
2018-02-25,196830.0,31340.0,228170.0,11
2018-02-26,196830.0,31060.0,227890.0,11
2018-02-27,196830.0,31030.0,227860.0,11
2018-02-28,196830.0,30760.0,227590.0,11
2018-03-04,192330.0,34300.0,226630.0,12
2018-03-05,192330.0,42930.0,235260.0,12
2018-03-06,192330.0,34440.0,226770.0,12
2018-03-07,192330.0,34890.0,227220.0,12
2018-03-11,192330.0,34160.0,226490.0,12
2018-03-12,192330.0,34190.0,226520.0,12
2018-03-13,192330.0,34280.0,226610.0,12
2018-03-14,192330.0,34450.0,226780.0,12
2018-03-15,192330.0,34430.0,226760.0,12
2018-03-18,192330.0,34200.0,226530.0,12
2018-03-19,192330.0,34010.0,226340.0,12
2018-03-20,192330.0,33440.0,225770.0,12
2018-03-21,192330.0,32810.0,225140.0,12
2018-03-22,192330.0,32640.0,224970.0,12
2018-03-26,192330.0,31370.0,223700.0,12
2018-03-27,188050.0,37290.0,225340.0,13
2018-03-28,192650.0,32450.0,225100.0,12
2018-03-29,192650.0,33070.0,225720.0,12
2018-04-01,192650.0,32250.0,224900.0,12
2018-04-02,192650.0,32150.0,224800.0,12
2018-04-03,192650.0,32340.0,224990.0,12
2018-04-04,192650.0,33240.0,225890.0,12
2018-04-05,192650.0,33820.0,226470.0,12
2018-04-08,192650.0,34830.0,227480.0,12
2018-04-09,192650.0,34390.0,227040.0,12
2018-04-10,192650.0,34060.0,226710.0,12
2018-04-11,192650.0,34090.0,226740.0,12
2018-04-12,192650.0,33960.0,226610.0,12
2018-04-15,192650.0,34060.0,226710.0,12
2018-04-16,192650.0,35020.0,227670.0,12
2018-04-17,192650.0,34840.0,227490.0,12
2018-04-18,192650.0,35880.0,228530.0,12
2018-04-19,199140.0,30470.0,229610.0,10
2018-04-22,203930.0,26950.0,230880.0,9
2018-04-23,203930.0,26250.0,230180.0,9
2018-04-24,203930.0,25890.0,229820.0,9
2018-04-25,203930.0,25570.0,229500.0,9
2018-04-26,203930.0,25020.0,228950.0,9
2018-04-29,207450.0,21380.0,228830.0,7
2018-05-02,207450.0,21750.0,229200.0,7
2018-05-03,207450.0,21660.0,229110.0,7
2018-05-06,207450.0,21360.0,228810.0,7
2018-05-07,207450.0,21140.0,228590.0,7
2018-05-08,207450.0,21520.0,228970.0,7
2018-05-09,207450.0,21350.0,228800.0,7
2018-05-10,207450.0,21320.0,228770.0,7
2018-05-14,204990.0,23440.0,228430.0,8
2018-05-15,204990.0,23290.0,228280.0,8
2018-05-16,204990.0,23530.0,228520.0,8
2018-05-17,204990.0,23480.0,228470.0,8
2018-05-20,204990.0,23960.0,228950.0,8
2018-05-21,204990.0,23370.0,228360.0,8
2018-05-22,204990.0,23270.0,228260.0,8
2018-05-23,204990.0,23060.0,228050.0,8
2018-05-24,204990.0,22850.0,227840.0,8
2018-05-27,204990.0,22580.0,227570.0,8
2018-05-28,204990.0,23440.0,228430.0,8
2018-05-29,204990.0,23170.0,228160.0,8
2018-05-30,204990.0,23080.0,228070.0,8
2018-05-31,200850.0,27000.0,227850.0,9
2018-06-03,193100.0,33990.0,227090.0,11
2018-06-04,193100.0,34460.0,227560.0,11
2018-06-06,193100.0,34180.0,227280.0,11
2018-06-07,193100.0,33420.0,226520.0,11
2018-06-10,188320.0,37660.0,225980.0,12
2018-06-11,188320.0,38720.0,227040.0,12
2018-06-12,188320.0,37550.0,225870.0,12
2018-06-13,188320.0,37520.0,225840.0,12
2018-06-14,188320.0,37860.0,226180.0,12
2018-06-17,188320.0,37380.0,225700.0,12
2018-06-18,188320.0,37470.0,225790.0,12
2018-06-19,188320.0,38130.0,226450.0,12
2018-06-20,188320.0,37130.0,225450.0,12
2018-06-21,185220.0,40210.0,225430.0,13
2018-06-24,185220.0,40330.0,225550.0,13
2018-06-25,185220.0,40060.0,225280.0,13
2018-06-26,185220.0,39520.0,224740.0,13
2018-06-27,185220.0,39660.0,224880.0,13
2018-06-28,185220.0,39540.0,224760.0,13
2018-07-01,185220.0,39450.0,224670.0,13
2018-07-02,185220.0,38900.0,224120.0,13
2018-07-03,185220.0,38930.0,224150.0,13
2018-07-04,185220.0,39340.0,224560.0,13
2018-07-05,185220.0,40420.0,225640.0,13
2018-07-08,185220.0,40370.0,225590.0,13
2018-07-09,185220.0,39860.0,225080.0,13
2018-07-10,185220.0,40010.0,225230.0,13
2018-07-11,185220.0,39810.0,225030.0,13
2018-07-12,185220.0,39470.0,224690.0,13
2018-07-15,185220.0,39660.0,224880.0,13
2018-07-16,185220.0,40420.0,225640.0,13
2018-07-17,185220.0,40160.0,225380.0,13
2018-07-18,185220.0,40150.0,225370.0,13
2018-07-19,185220.0,39750.0,224970.0,13
2018-07-22,185220.0,39200.0,224420.0,13
2018-07-23,185220.0,39530.0,224750.0,13
2018-07-24,185220.0,39650.0,224870.0,13
2018-07-25,185220.0,39510.0,224730.0,13
2018-07-26,185220.0,39440.0,224660.0,13
2018-07-29,185220.0,40810.0,226030.0,13
2018-07-30,185220.0,39920.0,225140.0,13
2018-07-31,185220.0,39790.0,225010.0,13
2018-08-01,185220.0,39840.0,225060.0,13
2018-08-02,185220.0,39330.0,224550.0,13
2018-08-05,185220.0,39430.0,224650.0,13
2018-08-06,185220.0,39450.0,224670.0,13
2018-08-07,185220.0,39350.0,224570.0,13
2018-08-08,180820.0,43450.0,224270.0,14
2018-08-09,180820.0,43330.0,224150.0,14
2018-08-12,180820.0,42640.0,223460.0,14
2018-08-13,180820.0,44270.0,225090.0,14
2018-08-14,180820.0,43470.0,224290.0,14
2018-08-15,180820.0,44670.0,225490.0,14
2018-08-16,184260.0,41390.0,225650.0,13
2018-08-19,184260.0,40920.0,225180.0,13
2018-08-20,184260.0,40470.0,224730.0,13
2018-08-21,184260.0,40210.0,224470.0,13
2018-08-22,184260.0,41180.0,225440.0,13
2018-08-23,184260.0,40060.0,224320.0,13
2018-08-26,181620.0,42450.0,224070.0,13
2018-08-28,181620.0,43570.0,225190.0,13
2018-08-29,181620.0,42350.0,223970.0,13
2018-08-30,181620.0,42720.0,224340.0,13
2018-09-02,181620.0,43190.0,224810.0,13
2018-09-03,181620.0,43750.0,225370.0,13
2018-09-04,181620.0,43840.0,225460.0,13
2018-09-05,181620.0,45060.0,226680.0,13
2018-09-06,181620.0,44830.0,226450.0,13
2018-09-09,184020.0,42020.0,226040.0,12
2018-09-10,184020.0,41400.0,225420.0,12
2018-09-11,184020.0,42130.0,226150.0,12
2018-09-12,184020.0,42510.0,226530.0,12
2018-09-13,188020.0,39070.0,227090.0,11
2018-09-16,188020.0,39710.0,227730.0,11
2018-09-17,188020.0,39520.0,227540.0,11
2018-09-18,188020.0,39510.0,227530.0,11
2018-09-20,192670.0,34800.0,227470.0,10
2018-09-23,192670.0,34820.0,227490.0,10
2018-09-25,192670.0,35740.0,228410.0,10
2018-09-26,192670.0,35690.0,228360.0,10
2018-09-27,192670.0,35420.0,228090.0,10
2018-09-30,192670.0,35110.0,227780.0,10
2018-10-01,192670.0,34400.0,227070.0,10
2018-10-02,192670.0,34460.0,227130.0,10
2018-10-03,189110.0,37650.0,226760.0,11
2018-10-04,189110.0,37290.0,226400.0,11
2018-10-07,184690.0,41220.0,225910.0,12
2018-10-08,184690.0,41660.0,226350.0,12
2018-10-09,184690.0,41390.0,226080.0,12
2018-10-10,184690.0,41140.0,225830.0,12
2018-10-11,184690.0,42600.0,227290.0,12
2018-10-14,184690.0,42550.0,227240.0,12
2018-10-15,184690.0,42410.0,227100.0,12
2018-10-21,184690.0,43450.0,228140.0,12
2018-10-22,184690.0,43390.0,228080.0,12
2018-10-23,184690.0,43110.0,227800.0,12
2018-10-24,184690.0,42730.0,227420.0,12
2018-10-25,184690.0,42380.0,227070.0,12
2018-10-28,184690.0,41740.0,226430.0,12
2018-10-29,184690.0,41460.0,226150.0,12
2018-10-30,184690.0,41870.0,226560.0,12
2018-10-31,184690.0,41660.0,226350.0,12
2018-11-01,184690.0,41570.0,226260.0,12
2018-11-04,184690.0,41040.0,225730.0,12
2018-11-05,184690.0,41510.0,226200.0,12
2018-11-14,180740.0,46220.0,226960.0,13
2018-11-15,180740.0,45420.0,226160.0,13
2018-11-18,180740.0,45010.0,225750.0,13
2018-11-19,180740.0,44910.0,225650.0,13
2018-11-20,176260.0,49950.0,226210.0,14
2018-11-21,176260.0,49060.0,225320.0,14
2018-11-22,176260.0,50240.0,226500.0,14
2018-11-25,176260.0,48610.0,224870.0,14
2018-11-26,176260.0,48230.0,224490.0,14
2018-11-27,171826.7,52830.0,224656.7,15
2018-11-28,168426.7,57030.0,225456.7,16
2018-11-29,168426.7,55430.0,223856.7,16
2018-12-02,168426.7,54830.0,223256.7,16
2018-12-03,168426.7,54920.0,223346.7,16
2018-12-04,168426.7,54860.0,223286.7,16
2018-12-06,168426.7,53450.0,221876.7,16
2018-12-09,168426.7,54160.0,222586.7,16
2018-12-10,168426.7,54470.0,222896.7,16
2018-12-11,168426.7,54260.0,222686.7,16
2018-12-12,168426.7,54210.0,222636.7,16
2018-12-13,168426.7,54510.0,222936.7,16
2018-12-16,168426.7,55270.0,223696.7,16
2018-12-17,168426.7,55930.0,224356.7,16
2018-12-18,168426.7,55050.0,223476.7,16
2018-12-19,171666.7,51880.0,223546.7,15
2018-12-20,174456.7,49350.0,223806.7,14
2018-12-23,174456.7,50360.0,224816.7,14
2018-12-24,178516.7,45760.0,224276.7,13
2018-12-25,181986.7,41350.0,223336.7,12
2018-12-26,181986.7,42450.0,224436.7,12
2018-12-27,185606.7,38610.0,224216.7,11
2018-12-30,185606.7,38380.0,223986.7,11
2018-12-31,185606.7,37930.0,223536.7,11
2019-01-01,185606.7,38510.0,224116.7,11
2019-01-02,185606.7,37420.0,223026.7,11
2019-01-03,185606.7,37520.0,223126.7,11
2019-01-06,182136.7,40630.0,222766.7,12
2019-01-07,182136.7,41640.0,223776.7,12
2019-01-08,182136.7,40870.0,223006.7,12
2019-01-09,182136.7,41080.0,223216.7,12
2019-01-10,182136.7,41010.0,223146.7,12
2019-01-13,182136.7,41010.0,223146.7,12
2019-01-14,182136.7,41310.0,223446.7,12
2019-01-15,182136.7,41840.0,223976.7,12
2019-01-16,182136.7,41250.0,223386.7,12
2019-01-17,182136.7,41270.0,223406.7,12
2019-01-20,182136.7,41000.0,223136.7,12
2019-01-21,182136.7,40640.0,222776.7,12
2019-01-22,182136.7,40710.0,222846.7,12
2019-01-23,182136.7,41210.0,223346.7,12
2019-01-24,182136.7,41500.0,223636.7,12
2019-01-27,182136.7,40520.0,222656.7,12
2019-01-28,182136.7,40610.0,222746.7,12
2019-01-29,182136.7,40520.0,222656.7,12
2019-01-30,175606.7,46970.0,222576.7,13
2019-01-31,175606.7,46930.0,222536.7,13
2019-02-03,175606.7,46670.0,222276.7,13
2019-02-04,172426.7,49480.0,221906.7,14
2019-02-05,172426.7,49690.0,222116.7,14
2019-02-06,172426.7,49240.0,221666.7,14
2019-02-07,172426.7,49240.0,221666.7,14
2019-02-10,166326.7,54690.0,221016.7,16
2019-02-11,166326.7,54740.0,221066.7,16
2019-02-12,166326.7,54970.0,221296.7,16
2019-02-13,166326.7,54510.0,220836.7,16
2019-02-14,166326.7,54180.0,220506.7,16
2019-02-17,166326.7,54210.0,220536.7,16
2019-02-18,166326.7,53930.0,220256.7,16
2019-02-19,166326.7,54830.0,221156.7,16
2019-02-20,166326.7,54460.0,220786.7,16
2019-02-21,166326.7,54590.0,220916.7,16
2019-02-24,166326.7,53960.0,220286.7,16
2019-02-25,166326.7,54050.0,220376.7,16
2019-02-26,166326.7,53740.0,220066.7,16
2019-02-27,166326.7,53570.0,219896.7,16
2019-03-03,166326.7,52990.0,219316.7,16
2019-03-05,166326.7,53990.0,220316.7,16
2019-03-06,162506.7,57240.0,219746.7,17
2019-03-07,162506.7,58400.0,220906.7,17
2019-03-09,162506.7,58540.0,221046.7,17
2019-03-10,162506.7,58540.0,221046.7,17
2019-03-11,162506.7,59500.0,222006.7,17
2019-03-12,162506.7,60540.0,223046.7,17
2019-03-13,162506.7,59940.0,222446.7,17
2019-03-14,162506.7,60180.0,222686.7,17
2019-03-17,167266.7,55660.0,222926.7,16
2019-03-18,167266.7,55360.0,222626.7,16
2019-03-19,167266.7,55050.0,222316.7,16
2019-03-21,167266.7,54840.0,222106.7,16
2019-03-24,167266.7,54300.0,221566.7,16
2019-03-25,167266.7,54580.0,221846.7,16
2019-03-26,167266.7,54730.0,221996.7,16
2019-03-27,167266.7,55530.0,222796.7,16
2019-03-28,167266.7,54830.0,222096.7,16
2019-03-31,167266.7,54770.0,222036.7,16
2019-04-01,167266.7,55430.0,222696.7,16
2019-04-02,167266.7,55780.0,223046.7,16
2019-04-03,167266.7,55900.0,223166.7,16
2019-04-04,167266.7,55750.0,223016.7,16
2019-04-07,167266.7,56800.0,224066.7,16
2019-04-08,167266.7,57870.0,225136.7,16
2019-04-09,167266.7,56860.0,224126.7,16
2019-04-10,167266.7,57050.0,224316.7,16
2019-04-11,167266.7,57090.0,224356.7,16
2019-04-15,167266.7,57420.0,224686.7,16
2019-04-16,174576.7,51210.0,225786.7,14
2019-04-17,177986.7,48820.0,226806.7,13
2019-04-18,186466.7,40120.0,226586.7,11
2019-04-21,186696.7,40450.0,227146.7,11
2019-04-22,186696.7,39980.0,226676.7,11
2019-04-23,186696.7,39760.0,226456.7,11
2019-04-24,186696.7,40420.0,227116.7,11
2019-04-25,186696.7,41250.0,227946.7,11
2019-04-28,194306.7,35080.0,229386.7,9
2019-04-29,199016.7,30230.0,229246.7,8
2019-04-30,199016.7,30750.0,229766.7,8
2019-05-02,199016.7,30330.0,229346.7,8
2019-05-05,199016.7,29430.0,228446.7,8
2019-05-06,199016.7,30090.0,229106.7,8
2019-05-07,199016.7,30010.0,229026.7,8
2019-05-08,199016.7,30360.0,229376.7,8
2019-05-09,199016.7,29260.0,228276.7,8
2019-05-12,199016.7,29250.0,228266.7,8
2019-05-13,199016.7,29710.0,228726.7,8
2019-05-14,199016.7,29830.0,228846.7,8
2019-05-15,199016.7,29980.0,228996.7,8
2019-05-16,199016.7,29940.0,228956.7,8
2019-05-19,199016.7,30280.0,229296.7,8
2019-05-20,199016.7,30490.0,229506.7,8
2019-05-21,199016.7,30880.0,229896.7,8
2019-05-22,199016.7,31550.0,230566.7,8
2019-05-23,199016.7,31070.0,230086.7,8
2019-05-26,195786.7,34070.0,229856.7,9
2019-05-27,195786.7,33490.0,229276.7,9
2019-05-28,195786.7,34180.0,229966.7,9
2019-05-29,200736.7,29560.0,230296.7,8
2019-05-30,200736.7,29460.0,230196.7,8
2019-06-02,200736.7,29090.0,229826.7,8
2019-06-03,200736.7,29040.0,229776.7,8
2019-06-04,200736.7,28590.0,229326.7,8
2019-06-06,200736.7,28610.0,229346.7,8
2019-06-10,200736.7,28390.0,229126.7,8
2019-06-11,200736.7,28520.0,229256.7,8
2019-06-12,196676.7,32350.0,229026.7,9
2019-06-13,196676.7,32130.0,228806.7,9
2019-06-16,196676.7,31930.0,228606.7,9
2019-06-17,196676.7,32240.0,228916.7,9
2019-06-18,196676.7,32040.0,228716.7,9
2019-06-19,196676.7,32050.0,228726.7,9
2019-06-20,196676.7,32290.0,228966.7,9
2019-06-23,196676.7,32060.0,228736.7,9
2019-06-24,196676.7,32080.0,228756.7,9
2019-06-25,196676.7,32200.0,228876.7,9
2019-06-26,196676.7,32090.0,228766.7,9
2019-06-27,196676.7,32200.0,228876.7,9
2019-06-30,196676.7,31530.0,228206.7,9
2019-07-01,196676.7,31950.0,228626.7,9
2019-07-02,196676.7,32050.0,228726.7,9
2019-07-03,196676.7,32440.0,229116.7,9
2019-07-04,196676.7,31970.0,228646.7,9
2019-07-07,196676.7,31810.0,228486.7,9
2019-07-08,192216.7,36150.0,228366.7,10
2019-07-09,188626.7,39680.0,228306.7,11
2019-07-10,188626.7,39730.0,228356.7,11
2019-07-11,188626.7,39680.0,228306.7,11
2019-07-14,188626.7,39830.0,228456.7,11
2019-07-15,188626.7,40060.0,228686.7,11
2019-07-16,192456.7,36340.0,228796.7,10
2019-07-17,192456.7,36940.0,229396.7,10
2019-07-18,192456.7,37140.0,229596.7,10
2019-07-21,192456.7,36600.0,229056.7,10
2019-07-22,192456.7,36740.0,229196.7,10
2019-07-23,192456.7,36830.0,229286.7,10
2019-07-24,192456.7,36940.0,229396.7,10
2019-07-25,192456.7,36470.0,228926.7,10
2019-07-28,192456.7,36020.0,228476.7,10
2019-07-29,192456.7,36160.0,228616.7,10
2019-07-30,192456.7,36240.0,228696.7,10
2019-07-31,192456.7,36480.0,228936.7,10
2019-08-01,192456.7,36530.0,228986.7,10
2019-08-04,192456.7,36100.0,228556.7,10
2019-08-05,187956.7,40320.0,228276.7,11
2019-08-06,187956.7,40070.0,228026.7,11
2019-08-07,187956.7,40370.0,228326.7,11
2019-08-08,187956.7,39930.0,227886.7,11
2019-08-11,187336.7,40220.0,227556.7,11
2019-08-12,187336.7,40340.0,227676.7,11
2019-08-13,187336.7,40200.0,227536.7,11
2019-08-14,187336.7,39980.0,227316.7,11
2019-08-15,187336.7,40030.0,227366.7,11
2019-08-18,184066.7,43020.0,227086.7,12
2019-08-19,184066.7,43370.0,227436.7,12
2019-08-20,179576.7,47560.0,227136.7,13
2019-08-21,179576.7,47540.0,227116.7,13
2019-08-22,179576.7,47280.0,226856.7,13
2019-08-25,179576.7,47180.0,226756.7,13
2019-08-26,179576.7,47150.0,226726.7,13
2019-08-27,178556.7,48550.0,227106.7,13
2019-08-28,178556.7,48160.0,226716.7,13
2019-08-29,178556.7,48010.0,226566.7,13
2019-09-01,174776.7,51720.0,226496.7,14
2019-09-02,171336.7,54630.0,225966.7,15
2019-09-03,171336.7,55540.0,226876.7,15
2019-09-04,171336.7,55580.0,226916.7,15
2019-09-05,171336.7,55310.0,226646.7,15
2019-09-08,171336.7,55040.0,226376.7,15
2019-09-09,171336.7,54660.0,225996.7,15
2019-09-10,171336.7,54730.0,226066.7,15
2019-09-11,171336.7,54810.0,226146.7,15
2019-09-12,171336.7,54450.0,225786.7,15
2019-09-15,171336.7,53160.0,224496.7,15
2019-09-16,164086.7,59910.0,223996.7,17
2019-09-17,164086.7,60950.0,225036.7,17
2019-09-18,164086.7,61950.0,226036.7,17
2019-09-19,164086.7,60810.0,224896.7,17
2019-09-22,164086.7,59760.0,223846.7,17
2019-09-23,164086.7,59790.0,223876.7,17
2019-09-24,164086.7,59550.0,223636.7,17
2019-09-26,164086.7,59290.0,223376.7,17
2019-09-29,164086.7,59440.0,223526.7,17
2019-09-30,164086.7,59220.0,223306.7,17
2019-10-01,164086.7,59240.0,223326.7,17
2019-10-02,164086.7,58970.0,223056.7,17
2019-10-03,164086.7,59370.0,223456.7,17
2019-10-10,164086.7,59400.0,223486.7,17
2019-10-14,164086.7,58860.0,222946.7,17
2019-10-15,164086.7,59160.0,223246.7,17
2019-10-16,164086.7,59240.0,223326.7,17
2019-10-17,164086.7,59150.0,223236.7,17
2019-10-20,164086.7,59230.0,223316.7,17
2019-10-21,159666.7,63210.0,222876.7,18
2019-10-22,159666.7,63420.0,223086.7,18
2019-10-23,159666.7,64120.0,223786.7,18
2019-10-24,164406.7,60050.0,224456.7,17
2019-10-31,164406.7,59540.0,223946.7,17
2019-11-03,164406.7,59360.0,223766.7,17
2019-11-04,164406.7,59560.0,223966.7,17
2019-11-05,164406.7,59600.0,224006.7,17
2019-11-06,164406.7,59490.0,223896.7,17
2019-11-07,164406.7,59070.0,223476.7,17
2019-11-10,159976.7,63130.0,223106.7,18
2019-11-11,159976.7,64180.0,224156.7,18
2019-11-12,163856.7,59810.0,223666.7,17
2019-11-13,163856.7,59040.0,222896.7,17
2019-11-14,163856.7,58670.0,222526.7,17
2019-11-17,162326.7,59900.0,222226.7,17
2019-11-18,162326.7,59760.0,222086.7,17
2019-11-19,162326.7,59640.0,221966.7,17
2019-11-20,162326.7,59500.0,221826.7,17
2019-11-21,162326.7,59150.0,221476.7,17
2019-11-24,162326.7,58990.0,221316.7,17
2019-11-25,162326.7,58850.0,221176.7,17
2019-11-26,162326.7,59180.0,221506.7,17
2019-11-27,162326.7,59390.0,221716.7,17
2019-11-28,162326.7,58910.0,221236.7,17
2019-12-01,162326.7,58090.0,220416.7,17
2019-12-02,162326.7,57800.0,220126.7,17
2019-12-03,162326.7,58060.0,220386.7,17
2019-12-04,162326.7,58510.0,220836.7,17
2019-12-05,162326.7,59000.0,221326.7,17
2019-12-08,162326.7,58980.0,221306.7,17
2019-12-09,162326.7,59690.0,222016.7,17
2019-12-10,165996.7,56030.0,222026.7,16
2019-12-11,165996.7,56620.0,222616.7,16
2019-12-12,165996.7,57510.0,223506.7,16
2019-12-15,165996.7,57290.0,223286.7,16
2019-12-16,165996.7,55840.0,221836.7,16
2019-12-17,165996.7,56080.0,222076.7,16
2019-12-18,165996.7,55760.0,221756.7,16
2019-12-19,165996.7,55630.0,221626.7,16
2019-12-22,162676.7,59020.0,221696.7,17
2019-12-23,162676.7,59970.0,222646.7,17
2019-12-24,162676.7,59600.0,222276.7,17
2019-12-25,159526.7,62710.0,222236.7,18
2019-12-26,159526.7,62830.0,222356.7,18
2019-12-29,159526.7,61480.0,221006.7,18
2019-12-30,159526.7,61210.0,220736.7,18
2019-12-31,159526.7,61550.0,221076.7,18
2020-01-01,164156.7,56890.0,221046.7,17
2020-01-02,164156.7,56630.0,220786.7,17
2020-01-05,164156.7,57830.0,221986.7,17
2020-01-06,164156.7,58650.0,222806.7,17
2020-01-07,164156.7,59670.0,223826.7,17
2020-01-08,164156.7,59180.0,223336.7,17
2020-01-09,164156.7,59370.0,223526.7,17
2020-01-12,164156.7,61890.0,226046.7,17
2020-01-13,171906.7,55690.0,227596.7,15
2020-01-14,171906.7,55080.0,226986.7,15
2020-01-15,176226.7,51700.0,227926.7,14
2020-01-16,182526.7,46460.0,228986.7,12
2020-01-19,186086.7,44330.0,230416.7,11
2020-01-20,186086.7,42820.0,228906.7,11
2020-01-21,186086.7,42690.0,228776.7,11
2020-01-22,186086.7,42230.0,228316.7,11
2020-01-23,186086.7,41810.0,227896.7,11
2020-01-26,186086.7,41070.0,227156.7,11
2020-01-27,186086.7,42060.0,228146.7,11
2020-01-28,186086.7,41980.0,228066.7,11
2020-01-29,186086.7,41550.0,227636.7,11
2020-01-30,186086.7,42160.0,228246.7,11
2020-02-02,186086.7,42780.0,228866.7,11
2020-02-03,186086.7,44220.0,230306.7,11
2020-02-04,191186.7,38990.0,230176.7,10
2020-02-05,191186.7,38670.0,229856.7,10
2020-02-06,191186.7,38180.0,229366.7,10
2020-02-09,191186.7,37760.0,228946.7,10
2020-02-10,191186.7,37590.0,228776.7,10
2020-02-11,191186.7,38080.0,229266.7,10
2020-02-12,191186.7,37970.0,229156.7,10
2020-02-13,191186.7,37530.0,228716.7,10
2020-02-16,191186.7,37890.0,229076.7,10
2020-02-17,191186.7,38940.0,230126.7,10
2020-02-18,191186.7,38820.0,230006.7,10
2020-02-19,191186.7,38770.0,229956.7,10
2020-02-20,191186.7,39250.0,230436.7,10
2020-02-23,191186.7,41670.0,232856.7,10
2020-02-24,203336.7,29340.0,232676.7,7
2020-02-25,207696.7,26190.0,233886.7,6
2020-02-26,212396.7,21590.0,233986.7,5
2020-02-27,212396.7,22030.0,234426.7,5
2020-03-01,212396.7,21720.0,234116.7,5
2020-03-02,212396.7,20740.0,233136.7,5
2020-03-03,212396.7,20940.0,233336.7,5
2020-03-04,212396.7,19970.0,232366.7,5
2020-03-05,212396.7,19890.0,232286.7,5
2020-03-10,208126.7,23260.0,231386.7,6
2020-03-11,208126.7,24230.0,232356.7,6
2020-03-12,208126.7,23340.0,231466.7,6
2020-03-15,208126.7,22130.0,230256.7,6
2020-03-16,208126.7,22310.0,230436.7,6
2020-03-17,204786.7,24720.0,229506.7,7
2020-03-18,201076.7,28140.0,229216.7,8
2020-03-19,201076.7,28140.0,229216.7,8
2020-03-22,197286.7,31610.0,228896.7,9
2020-05-12,183116.7,46770.0,229886.7,13
2020-05-13,175006.7,54640.0,229646.7,15
2020-06-29,168426.7,58400.0,226826.7,17
2020-06-30,168426.7,59840.0,228266.7,17
2020-07-01,168426.7,63120.0,231546.7,17
2020-07-02,192456.7,37570.0,230026.7,11
2020-07-05,192456.7,37310.0,229766.7,11
2020-07-06,192456.7,38270.0,230726.7,11
2020-07-07,192456.7,39660.0,232116.7,11
2020-07-08,196276.7,35430.0,231706.7,10
2020-07-09,196276.7,35400.0,231676.7,10
2020-07-12,196276.7,35590.0,231866.7,10
2020-07-13,196276.7,35040.0,231316.7,10
2020-07-14,196276.7,35460.0,231736.7,10
2020-07-15,196276.7,35780.0,232056.7,10
2020-07-16,200266.7,32680.0,232946.7,9
2020-07-19,211856.7,23600.0,235456.7,6
2020-07-20,219696.7,14840.0,234536.7,4
2020-07-21,219696.7,14650.0,234346.7,4
2020-07-22,219696.7,15000.0,234696.7,4
2020-07-23,219696.7,15370.0,235066.7,4
2020-07-26,219696.7,15380.0,235076.7,4
2020-07-27,219696.7,14970.0,234666.7,4
2020-07-28,219696.7,15110.0,234806.7,4
2020-07-29,219696.7,14750.0,234446.7,4
2020-07-30,219696.7,15340.0,235036.7,4
2020-08-02,219696.7,14670.0,234366.7,4
2020-08-03,219696.7,14900.0,234596.7,4
2020-08-05,219696.7,14740.0,234436.7,4
2020-08-06,219696.7,14510.0,234206.7,4
2020-08-09,219696.7,14600.0,234296.7,4
2020-08-10,219696.7,14860.0,234556.7,4
2020-08-11,219696.7,14640.0,234336.7,4
2020-08-12,219696.7,14730.0,234426.7,4
2020-08-13,219696.7,14680.0,234376.7,4
2020-08-16,219696.7,14720.0,234416.7,4
2020-08-17,219696.7,14720.0,234416.7,4
2020-08-18,219696.7,14800.0,234496.7,4
2020-08-19,219696.7,14530.0,234226.7,4
2020-08-20,219696.7,14640.0,234336.7,4
2020-08-23,219696.7,14760.0,234456.7,4
2020-08-24,219696.7,14900.0,234596.7,4
2020-08-25,219696.7,14840.0,234536.7,4
2020-08-26,219696.7,14830.0,234526.7,4
2020-08-27,223536.7,11130.0,234666.7,3
2020-08-30,223536.7,11170.0,234706.7,3
2020-08-31,223536.7,11190.0,234726.7,3
2020-09-02,223536.7,11670.0,235206.7,3
2020-09-03,223536.7,11630.0,235166.7,3
2020-09-06,223536.7,11530.0,235066.7,3
2020-09-07,223536.7,11420.0,234956.7,3
2020-09-08,223536.7,11500.0,235036.7,3
2020-09-09,223536.7,11560.0,235096.7,3
2020-09-10,223536.7,11780.0,235316.7,3
2020-09-13,223536.7,12070.0,235606.7,3
2020-09-14,227346.7,8710.0,236056.7,2
2020-09-15,227346.7,8930.0,236276.7,2
2020-09-16,227346.7,9750.0,237096.7,2
2020-09-17,233346.7,4380.0,237726.7,1
2020-09-20,233346.7,3990.0,237336.7,1
2020-09-21,233346.7,3900.0,237246.7,1
2020-09-22,233346.7,3840.0,237186.7,1
2020-09-23,233346.7,3800.0,237146.7,1
2020-09-24,233346.7,3820.0,237166.7,1
2020-09-27,233346.7,3890.0,237236.7,1
2020-09-28,233346.7,3900.0,237246.7,1
2020-09-29,233346.7,3850.0,237196.7,1
2020-09-30,233346.7,3850.0,237196.7,1
2020-10-01,233346.7,3870.0,237216.7,1
2020-10-04,233346.7,3910.0,237256.7,1
2020-10-05,233346.7,3950.0,237296.7,1
2020-10-06,233346.7,3900.0,237246.7,1
2020-10-07,233346.7,3900.0,237246.7,1
2020-10-08,233346.7,3870.0,237216.7,1
2020-10-11,233346.7,3800.0,237146.7,1
2020-10-12,233346.7,3800.0,237146.7,1
2020-10-13,224986.7,12020.0,237006.7,3
2020-10-14,224986.7,11960.0,236946.7,3
2020-10-15,224986.7,11910.0,236896.7,3
2020-10-18,224986.7,11960.0,236946.7,3
2020-10-19,224986.7,12020.0,237006.7,3
2020-10-20,224986.7,12130.0,237116.7,3
2020-10-21,224986.7,12210.0,237196.7,3
2020-10-22,224986.7,12200.0,237186.7,3
2020-10-28,224986.7,12530.0,237516.7,3
2020-10-29,233846.7,3800.0,237646.7,1
2020-11-01,233846.7,3790.0,237636.7,1
2020-11-02,230596.7,6970.0,237566.7,2
2020-11-03,230596.7,6940.0,237536.7,2
2020-11-04,230596.7,6900.0,237496.7,2
2020-11-05,230596.7,6940.0,237536.7,2
2020-11-08,230596.7,6910.0,237506.7,2
2020-11-09,230596.7,6920.0,237516.7,2
2020-11-10,230596.7,7210.0,237806.7,2
2020-11-11,230596.7,7460.0,238056.7,2
2020-11-12,230596.7,7460.0,238056.7,2
2020-11-18,226396.7,11900.0,238296.7,3
2020-11-19,231036.7,7370.0,238406.7,2
2020-11-22,231036.7,7360.0,238396.7,2
2020-11-23,231036.7,7290.0,238326.7,2
2020-11-24,231036.7,7240.0,238276.7,2
2020-11-25,231036.7,7360.0,238396.7,2
2020-11-26,231036.7,7510.0,238546.7,2
2020-11-29,231036.7,8080.0,239116.7,2
2020-11-30,239416.7,0.0,239416.7,0
2020-12-01,239416.7,0.0,239416.7,0
2020-12-02,239416.7,0.0,239416.7,0
2020-12-03,239416.7,0.0,239416.7,0
2020-12-06,231976.7,7300.0,239276.7,2
2020-12-07,231976.7,7430.0,239406.7,2
2020-12-08,231976.7,7350.0,239326.7,2
2020-12-09,231976.7,7220.0,239196.7,2
2020-12-10,231976.7,7330.0,239306.7,2
2020-12-13,231976.7,7420.0,239396.7,2
2020-12-14,231976.7,7490.0,239466.7,2
2020-12-15,231976.7,7480.0,239456.7,2
2020-12-16,236476.7,3150.0,239626.7,1
2020-12-17,236476.7,3160.0,239636.7,1
2020-12-20,228296.7,10790.0,239086.7,3
2020-12-21,228296.7,10980.0,239276.7,3
2020-12-22,228296.7,11200.0,239496.7,3
2020-12-23,228296.7,11200.0,239496.7,3
2020-12-24,228296.7,11150.0,239446.7,3
2020-12-27,224036.7,15300.0,239336.7,4
2020-12-28,220626.7,18670.0,239296.7,5
2020-12-29,220626.7,17910.0,238536.7,5
2020-12-30,216276.7,21810.0,238086.7,6
2020-12-31,212376.7,26150.0,238526.7,7
2021-01-03,208336.7,30880.0,239216.7,8
2021-01-04,212486.7,26870.0,239356.7,7
2021-01-05,212486.7,27240.0,239726.7,7
2021-01-06,215936.7,23850.0,239786.7,6
2021-01-07,215936.7,24090.0,240026.7,6
2021-01-10,220636.7,19820.0,240456.7,5
2021-01-11,224326.7,16500.0,240826.7,4
2021-01-12,233656.7,7450.0,241106.7,2
2021-01-13,233656.7,7560.0,241216.7,2
2021-01-17,233656.7,7650.0,241306.7,2
2021-01-18,233656.7,7680.0,241336.7,2
2021-01-19,233656.7,7590.0,241246.7,2
2021-01-20,233656.7,7610.0,241266.7,2
2021-01-21,233656.7,7610.0,241266.7,2
2021-01-24,233656.7,7650.0,241306.7,2
2021-01-25,233656.7,7670.0,241326.7,2
2021-01-26,233656.7,7730.0,241386.7,2
2021-01-27,233656.7,7650.0,241306.7,2
2021-01-28,233656.7,7500.0,241156.7,2
2021-01-31,233656.7,7360.0,241016.7,2
2021-02-01,233656.7,7470.0,241126.7,2
2021-02-02,233656.7,7590.0,241246.7,2
2021-02-03,233656.7,7670.0,241326.7,2
2021-02-04,233656.7,7710.0,241366.7,2
2021-02-07,233656.7,7890.0,241546.7,2
2021-02-08,233656.7,7920.0,241576.7,2
2021-02-09,238236.7,3530.0,241766.7,1
2021-02-10,238236.7,3500.0,241736.7,1
2021-02-11,238236.7,3510.0,241746.7,1
2021-02-14,238236.7,3470.0,241706.7,1
2021-02-15,238236.7,3500.0,241736.7,1
2021-02-16,238236.7,3510.0,241746.7,1
2021-02-17,238236.7,3530.0,241766.7,1
2021-02-18,238236.7,3540.0,241776.7,1
2021-02-21,238236.7,3640.0,241876.7,1
2021-02-22,238236.7,3570.0,241806.7,1
2021-02-23,233996.7,7510.0,241506.7,2
2021-02-24,233996.7,7580.0,241576.7,2
2021-02-25,233996.7,7480.0,241476.7,2
2021-02-28,229496.7,11720.0,241216.7,3
2021-03-01,229496.7,11840.0,241336.7,3
2021-03-02,229496.7,11640.0,241136.7,3
2021-03-03,225096.7,15840.0,240936.7,4
2021-03-04,225096.7,16200.0,241296.7,4
2021-03-08,225096.7,16160.0,241256.7,4
2021-03-09,225096.7,16030.0,241126.7,4
2021-03-10,225096.7,15950.0,241046.7,4
2021-03-14,221896.7,18760.0,240656.7,5
2021-03-15,221896.7,18700.0,240596.7,5
2021-03-16,221896.7,18680.0,240576.7,5
2021-03-17,221896.7,18850.0,240746.7,5
2021-03-18,221896.7,19100.0,240996.7,5
2021-03-21,221896.7,19320.0,241216.7,5
2021-03-22,221896.7,19150.0,241046.7,5
2021-03-23,221896.7,19210.0,241106.7,5
2021-03-24,221896.7,19350.0,241246.7,5
2021-03-25,221896.7,19290.0,241186.7,5
2021-03-29,221896.7,19260.0,241156.7,5
2021-03-30,217836.7,23310.0,241146.7,6
2021-03-31,213126.7,28390.0,241516.7,7
2021-04-01,213126.7,28640.0,241766.7,7
2021-04-04,213126.7,28800.0,241926.7,7
2021-04-05,213126.7,28660.0,241786.7,7
2021-04-06,213126.7,29270.0,242396.7,7
2021-04-07,222826.7,19960.0,242786.7,5
2021-04-08,222826.7,20060.0,242886.7,5
2021-04-12,222826.7,20290.0,243116.7,5
2021-04-13,222826.7,20730.0,243556.7,5
2021-04-15,226476.7,17290.0,243766.7,4
2021-04-18,226476.7,16970.0,243446.7,4
2021-04-19,223846.7,19240.0,243086.7,5
2021-04-20,223846.7,19230.0,243076.7,5
2021-04-21,223846.7,19010.0,242856.7,5
2021-04-22,223846.7,19180.0,243026.7,5
2021-04-25,215306.7,26900.0,242206.7,7
2021-04-26,215306.7,26290.0,241596.7,7
2021-04-27,215306.7,27150.0,242456.7,7
2021-04-28,215306.7,26930.0,242236.7,7
2021-04-29,215306.7,27270.0,242576.7,7
2021-05-02,218206.7,24740.0,242946.7,6
2021-05-03,222626.7,20290.0,242916.7,5
2021-05-04,222626.7,20280.0,242906.7,5
2021-05-05,222626.7,20160.0,242786.7,5
2021-05-06,218476.7,24330.0,242806.7,6
2021-05-09,218476.7,24320.0,242796.7,6
2021-05-10,218476.7,24360.0,242836.7,6
2021-05-11,218476.7,24360.0,242836.7,6
2021-05-12,218476.7,24320.0,242796.7,6
2021-05-13,218476.7,24420.0,242896.7,6
2021-05-16,218476.7,24880.0,243356.7,6
2021-05-17,218476.7,25300.0,243776.7,6
2021-05-18,222786.7,21580.0,244366.7,5
2021-05-19,222786.7,21930.0,244716.7,5
2021-05-20,222786.7,21850.0,244636.7,5
2021-05-23,222786.7,22020.0,244806.7,5
2021-05-24,227166.7,17850.0,245016.7,4
2021-05-25,231746.7,13140.0,244886.7,3
2021-05-27,231746.7,13100.0,244846.7,3
2021-05-30,231746.7,13580.0,245326.7,3
2021-05-31,236996.7,8500.0,245496.7,2
2021-06-01,236996.7,8440.0,245436.7,2
2021-06-02,236996.7,8480.0,245476.7,2
2021-06-03,236996.7,8660.0,245656.7,2
2021-06-06,236996.7,8950.0,245946.7,2
2021-06-07,236996.7,8810.0,245806.7,2
2021-06-08,236996.7,8870.0,245866.7,2
2021-06-09,236996.7,8830.0,245826.7,2
2021-06-10,236996.7,8730.0,245726.7,2
2021-06-13,236996.7,8760.0,245756.7,2
2021-06-14,236996.7,9110.0,246106.7,2
2021-06-15,241796.7,4270.0,246066.7,1
2021-06-16,241796.7,4310.0,246106.7,1
2021-06-17,246316.7,0.0,246316.7,0
2021-06-20,246316.7,0.0,246316.7,0
2021-06-21,246316.7,0.0,246316.7,0
2021-06-22,246316.7,0.0,246316.7,0
2021-06-23,246316.7,0.0,246316.7,0
2021-06-24,246316.7,0.0,246316.7,0
2021-06-27,246316.7,0.0,246316.7,0
2021-06-28,246316.7,0.0,246316.7,0
2021-06-29,246316.7,0.0,246316.7,0
2021-06-30,246316.7,0.0,246316.7,0
2021-07-01,246316.7,0.0,246316.7,0
2021-07-04,246316.7,0.0,246316.7,0
2021-07-05,246316.7,0.0,246316.7,0
2021-07-06,246316.7,0.0,246316.7,0
2021-07-07,246316.7,0.0,246316.7,0
2021-07-08,246316.7,0.0,246316.7,0
2021-07-11,246316.7,0.0,246316.7,0
2021-07-12,246316.7,0.0,246316.7,0
2021-07-13,246316.7,0.0,246316.7,0
2021-07-14,246316.7,0.0,246316.7,0
2021-07-15,246316.7,0.0,246316.7,0
2021-07-18,246316.7,0.0,246316.7,0
2021-07-19,246316.7,0.0,246316.7,0
2021-07-20,246316.7,0.0,246316.7,0
2021-07-22,246316.7,0.0,246316.7,0
2021-07-25,246316.7,0.0,246316.7,0
2021-07-26,246316.7,0.0,246316.7,0
2021-07-27,246316.7,0.0,246316.7,0
2021-07-28,246316.7,0.0,246316.7,0
2021-07-29,246316.7,0.0,246316.7,0
2021-08-01,246316.7,0.0,246316.7,0
2021-08-02,246316.7,0.0,246316.7,0
2021-08-03,246316.7,0.0,246316.7,0
2021-08-04,246316.7,0.0,246316.7,0
2021-08-05,246316.7,0.0,246316.7,0
2021-08-08,246316.7,0.0,246316.7,0
2021-08-09,246316.7,0.0,246316.7,0
2021-08-10,246316.7,0.0,246316.7,0
2021-08-11,246316.7,0.0,246316.7,0
2021-08-12,246316.7,0.0,246316.7,0
2021-08-15,246316.7,0.0,246316.7,0
2021-08-16,246316.7,0.0,246316.7,0
2021-08-17,242266.7,4011.0,246277.7,1
2021-08-18,242266.7,4020.0,246286.7,1
2021-08-19,242266.7,4010.0,246276.7,1
2021-08-24,242266.7,3980.0,246246.7,1
2021-08-25,242266.7,3919.0,246185.7,1
2021-08-26,242266.7,3930.0,246196.7,1
2021-08-29,242266.7,3900.0,246166.7,1
2021-08-31,234226.7,11887.0,246113.7,3
2021-09-01,234226.7,11905.0,246131.7,3
2021-09-02,234226.7,11811.0,246037.7,3
2021-09-05,234226.7,11540.0,245766.7,3
2021-09-06,234226.7,11970.0,246196.7,3
2021-09-07,234226.7,11762.0,245988.7,3
2021-09-08,234226.7,11579.0,245805.7,3
2021-09-09,234226.7,11580.0,245806.7,3
2021-09-12,234226.7,11601.0,245827.7,3
2021-09-13,234226.7,11670.0,245896.7,3
2021-09-14,234226.7,11630.0,245856.7,3
2021-09-15,234226.7,11500.0,245726.7,3
2021-09-16,234226.7,11243.0,245469.7,3
2021-09-20,224616.7,20170.0,244786.7,5
2021-09-21,220866.7,24070.0,244936.7,6
2021-09-22,220866.7,25170.0,246036.7,6
2021-09-23,230097.7,16552.0,246649.7,4
2021-09-26,235197.7,11440.0,246637.7,3
2021-09-27,235197.7,11120.0,246317.7,3
2021-09-28,230297.7,15760.0,246057.7,4
2021-09-29,230708.7,15710.0,246418.7,4
2021-09-30,235708.7,10602.0,246310.7,3
2021-10-03,221295.7,24175.0,245470.7,6
2021-10-04,211945.7,33171.0,245116.7,8
2021-10-05,211945.7,33980.0,245925.7,8
2021-10-06,211945.7,34662.0,246607.7,8
2021-10-10,218460.90000000002,27943.0,246403.90000000002,7
2021-10-11,218460.90000000002,27500.0,245960.90000000002,7
2021-10-17,218460.90000000002,27550.0,246010.90000000002,7
2021-10-18,213610.90000000002,31499.0,245109.90000000002,8
2021-10-19,205140.90000000002,38160.0,243300.90000000002,10
2021-10-20,205140.90000000002,39771.0,244911.90000000002,10
2021-10-21,205140.90000000002,39174.0,244314.90000000002,10
2021-10-24,200960.90000000002,43728.0,244688.90000000002,11
2021-10-25,200960.90000000002,45557.0,246517.90000000002,11
2021-10-26,220419.90000000002,27139.0,247558.90000000002,7
2021-10-27,220419.90000000002,27026.0,247445.90000000002,7
2021-10-28,220419.90000000002,27251.0,247670.90000000002,7
2021-10-31,225519.90000000002,22210.0,247729.90000000002,6
2021-11-01,225519.90000000002,22168.0,247687.90000000002,6
2021-11-02,225519.90000000002,22227.0,247746.90000000002,6
2021-11-03,225519.90000000002,22245.0,247764.90000000002,6
2021-11-08,225519.90000000002,22185.0,247704.90000000002,6
2021-11-09,225519.90000000002,21915.0,247434.90000000002,6
2021-11-11,225519.90000000002,21551.0,247070.90000000002,6
2021-11-14,220659.90000000002,26372.0,247031.90000000002,7
2021-11-15,220659.90000000002,26649.0,247308.90000000002,7
2021-11-16,225859.90000000002,21965.0,247824.90000000002,6
2021-11-17,225859.90000000002,21845.0,247704.90000000002,6
2021-11-18,225859.90000000002,21592.0,247451.90000000002,6
2021-11-21,225859.90000000002,21445.0,247304.90000000002,6
2021-11-22,225859.90000000002,21506.0,247365.90000000002,6
2021-11-23,225859.90000000002,21316.0,247175.90000000002,6
2021-11-24,225859.90000000002,21112.0,246971.90000000002,6
2021-11-25,225859.90000000002,21271.0,247130.90000000002,6
2021-11-28,220949.90000000002,25680.0,246629.90000000002,7
2021-11-29,220949.90000000002,25556.0,246505.90000000002,7
2021-11-30,220949.90000000002,25454.0,246403.90000000002,7
2021-12-01,216097.90000000002,30351.0,246448.90000000002,8
2021-12-02,216097.90000000002,30163.0,246260.90000000002,8
2021-12-05,206567.90000000002,38455.0,245022.90000000002,10
2021-12-06,206567.90000000002,39113.0,245680.90000000002,10
2021-12-07,206567.90000000002,38729.0,245296.90000000002,10
2021-12-08,202367.90000000002,41233.0,243600.90000000002,11
2021-12-09,202367.90000000002,41087.0,243454.90000000002,11
2021-12-12,198567.90000000002,43085.0,241652.90000000002,12
2021-12-13,184585.90000000002,55124.0,239709.90000000002,15
2021-12-14,184585.90000000002,59086.0,243671.90000000002,15
2021-12-15,199651.90000000002,44525.0,244176.90000000002,12
2021-12-16,199651.90000000002,43926.0,243577.90000000002,12
2021-12-20,190100.90000000002,52895.0,242995.90000000002,14
2021-12-21,185300.90000000002,59284.0,244584.90000000002,15
2021-12-22,190260.90000000002,56258.0,246518.90000000002,14
2021-12-23,205130.90000000002,41794.0,246924.90000000002,11
2021-12-26,205130.90000000002,40980.0,246110.90000000002,11
2021-12-27,205130.90000000002,39953.0,245083.90000000002,11
2021-12-28,205130.90000000002,39761.0,244891.90000000002,11
2021-12-29,200787.90000000002,44249.0,245036.90000000002,12
2022-01-02,192706.90000000002,52003.0,244709.90000000002,14
2022-01-03,192706.90000000002,52700.0,245406.90000000002,14
2022-01-04,197486.90000000002,50007.0,247493.90000000002,13
2022-01-05,202536.90000000002,44331.0,246867.90000000002,12
2022-01-06,197636.90000000002,50178.0,247814.90000000002,13
2022-01-09,197636.90000000002,51718.0,249354.90000000002,13
2022-01-10,202766.90000000002,46444.0,249210.90000000002,12
2022-01-11,202766.90000000002,46729.0,249495.90000000002,12
2022-01-12,207968.90000000002,41060.0,249028.90000000002,11
2022-01-13,207968.90000000002,41578.0,249546.90000000002,11
2022-01-16,211978.90000000002,38311.0,250289.90000000002,10
2022-01-17,211978.90000000002,38670.0,250648.90000000002,10
2022-01-18,211978.90000000002,38961.0,250939.90000000002,10
2022-01-19,211978.90000000002,38340.0,250318.90000000002,10
2022-01-20,211978.90000000002,38570.0,250548.90000000002,10
2022-01-23,211978.90000000002,38023.0,250001.90000000002,10
2022-01-24,211978.90000000002,36750.0,248728.90000000002,10
2022-01-25,211978.90000000002,36581.0,248559.90000000002,10
2022-01-26,211978.90000000002,35967.0,247945.90000000002,10
2022-01-27,211978.90000000002,35925.0,247903.90000000002,10
2022-01-30,211978.90000000002,37206.0,249184.90000000002,10
2022-01-31,211978.90000000002,36724.0,248702.90000000002,10
2022-02-01,211978.90000000002,37050.0,249028.90000000002,10
2022-02-03,211978.90000000002,37014.0,248992.90000000002,10
2022-02-06,211978.90000000002,36609.0,248587.90000000002,10
2022-02-07,211978.90000000002,36523.0,248501.90000000002,10
2022-02-08,211978.90000000002,36378.0,248356.90000000002,10
2022-02-09,211978.90000000002,36071.0,248049.90000000002,10
2022-02-10,211978.90000000002,35851.0,247829.90000000002,10
2022-02-13,211978.90000000002,34863.0,246841.90000000002,10
2022-02-14,211978.90000000002,34861.0,246839.90000000002,10
2022-02-15,211978.90000000002,35246.0,247224.90000000002,10
2022-02-16,211978.90000000002,35092.0,247070.90000000002,10
2022-02-17,211978.90000000002,34967.0,246945.90000000002,10
2022-02-20,211978.90000000002,34482.0,246460.90000000002,10
2022-02-21,211978.90000000002,34864.0,246842.90000000002,10
2022-02-22,211978.90000000002,34904.0,246882.90000000002,10
2022-02-23,211978.90000000002,34741.0,246719.90000000002,10
2022-02-24,211978.90000000002,34088.0,246066.90000000002,10
2022-02-27,211978.90000000002,34021.0,245999.90000000002,10
2022-02-28,211978.90000000002,33669.0,245647.90000000002,10
2022-03-02,203778.90000000002,41029.0,244807.90000000002,12
2022-03-06,198976.90000000002,45956.0,244932.90000000002,13
2022-03-07,198976.90000000002,45767.0,244743.90000000002,13
2022-03-09,194446.90000000002,49489.0,243935.90000000002,14
2022-03-10,194446.90000000002,50892.0,245338.90000000002,14
2022-03-13,194446.90000000002,52779.0,247225.90000000002,14
2022-03-14,204446.90000000002,42738.0,247184.90000000002,12
2022-03-15,204446.90000000002,42416.0,246862.90000000002,12
2022-03-16,204446.90000000002,42189.0,246635.90000000002,12
2022-03-20,199546.90000000002,46733.0,246279.90000000002,13
2022-03-21,199546.90000000002,47278.0,246824.90000000002,13
2022-03-22,199546.90000000002,47503.0,247049.90000000002,13
2022-03-23,199546.90000000002,46897.0,246443.90000000002,13
2022-03-24,199546.90000000002,46313.0,245859.90000000002,13
2022-03-27,199546.90000000002,45619.0,245165.90000000002,13
2022-03-28,199546.90000000002,45239.0,244785.90000000002,13
2022-03-29,199546.90000000002,45010.0,244556.90000000002,13
2022-03-30,199546.90000000002,45524.0,245070.90000000002,13
2022-03-31,199546.90000000002,45007.0,244553.90000000002,13
2022-04-03,194846.90000000002,49261.0,244107.90000000002,14
2022-04-04,190146.90000000002,53794.0,243940.90000000002,15
2022-04-05,190146.90000000002,52935.0,243081.90000000002,15
2022-04-06,185386.90000000002,57038.0,242424.90000000002,16
2022-04-07,185386.90000000002,57636.0,243022.90000000002,16
2022-04-11,185386.90000000002,56921.0,242307.90000000002,16
2022-04-12,185386.90000000002,55967.0,241353.90000000002,16
2022-04-13,185386.90000000002,56711.0,242097.90000000002,16
2022-04-17,185386.90000000002,56007.0,241393.90000000002,16
2022-04-18,185386.90000000002,55301.0,240687.90000000002,16
2022-04-19,185386.90000000002,55427.0,240813.90000000002,16
2022-04-20,185386.90000000002,54553.0,239939.90000000002,16
2022-04-21,185386.90000000002,54822.0,240208.90000000002,16
2022-04-24,185386.90000000002,57545.0,242931.90000000002,16
2022-04-25,185386.90000000002,57043.0,242429.90000000002,16
2022-04-26,185386.90000000002,56569.0,241955.90000000002,16
2022-04-27,185386.90000000002,56921.0,242307.90000000002,16
2022-04-28,185386.90000000002,56348.0,241734.90000000002,16
2022-05-02,185386.90000000002,54989.0,240375.90000000002,16
2022-05-04,185386.90000000002,54128.0,239514.90000000002,16
2022-05-05,185386.90000000002,53457.0,238843.90000000002,16
2022-05-08,185386.90000000002,53956.0,239342.90000000002,16
2022-05-09,185386.90000000002,54173.0,239559.90000000002,16
2022-05-10,185386.90000000002,55679.0,241065.90000000002,16
2022-05-11,185386.90000000002,57503.0,242889.90000000002,16
2022-05-12,185386.90000000002,56928.0,242314.90000000002,16
2022-05-17,185386.90000000002,54890.0,240276.90000000002,16
2022-05-18,185386.90000000002,55376.0,240762.90000000002,16
2022-05-19,185386.90000000002,54772.0,240158.90000000002,16
2022-05-20,185386.90000000002,54511.0,239897.90000000002,16
2022-05-23,185386.90000000002,53468.0,238854.90000000002,16
2022-05-24,185386.90000000002,54124.0,239510.90000000002,16
2022-05-25,185386.90000000002,54537.0,239923.90000000002,16
2022-05-26,185386.90000000002,54855.0,240241.90000000002,16
2022-05-27,185386.90000000002,54319.0,239705.90000000002,16
2022-05-30,185386.90000000002,53238.0,238624.90000000002,16
2022-05-31,180634.90000000002,57331.0,237965.90000000002,17
2022-06-01,180634.90000000002,57426.0,238060.90000000002,17
2022-06-02,180634.90000000002,57012.0,237646.90000000002,17
2022-06-03,180634.90000000002,56212.0,236846.90000000002,17
2022-06-06,180634.90000000002,56363.0,236997.90000000002,17
2022-06-07,175934.90000000002,59484.0,235418.90000000002,18
2022-06-08,175934.90000000002,61047.0,236981.90000000002,18
2022-06-09,175934.90000000002,60588.0,236522.90000000002,18
2022-06-10,175934.90000000002,60181.0,236115.90000000002,18
2022-06-13,175934.90000000002,59335.0,235269.90000000002,18
2022-06-14,175934.90000000002,58478.0,234412.90000000002,18
2022-06-15,175934.90000000002,57490.0,233424.90000000002,18
2022-06-16,175934.90000000002,57901.0,233835.90000000002,18
2022-06-17,175934.90000000002,57715.0,233649.90000000002,18
2022-06-19,175934.90000000002,56100.0,232034.90000000002,18
2022-06-20,175934.90000000002,54751.0,230685.90000000002,18
2022-06-21,175934.90000000002,56052.0,231986.90000000002,18
2022-06-22,175934.90000000002,55098.0,231032.90000000002,18
2022-06-23,175934.90000000002,53757.0,229691.90000000002,18
2022-06-24,175934.90000000002,54214.0,230148.90000000002,18
2022-06-26,175934.90000000002,57282.0,233216.90000000002,18
2022-06-27,175934.90000000002,56063.0,231997.90000000002,18
2022-06-28,175934.90000000002,55836.0,231770.90000000002,18
2022-06-29,175934.90000000002,56935.0,232869.90000000002,18
2022-06-30,175934.90000000002,59303.0,235237.90000000002,18
2022-07-01,175934.90000000002,58659.0,234593.90000000002,18
2022-07-03,175934.90000000002,59834.0,235768.90000000002,18
2022-07-04,175934.90000000002,59271.0,235205.90000000002,18
2022-07-05,175934.90000000002,58317.0,234251.90000000002,18
2022-07-06,175934.90000000002,58754.0,234688.90000000002,18
2022-07-07,175934.90000000002,58180.0,234114.90000000002,18
2022-07-08,175934.90000000002,57059.0,232993.90000000002,18
2022-07-11,175934.90000000002,54958.0,230892.90000000002,18
2022-07-12,175934.90000000002,55431.0,231365.90000000002,18
2022-07-13,175934.90000000002,57536.0,233470.90000000002,18
2022-07-14,175934.90000000002,57963.0,233897.90000000002,18
2022-07-15,180879.90000000002,53492.0,234371.90000000002,17
2022-07-17,180879.90000000002,53599.0,234478.90000000002,17
2022-07-18,180879.90000000002,53881.0,234760.90000000002,17
2022-07-19,180879.90000000002,54244.0,235123.90000000002,17
2022-07-20,180879.90000000002,54150.0,235029.90000000002,17
2022-07-21,180879.90000000002,53790.0,234669.90000000002,17
2022-07-22,180879.90000000002,53030.0,233909.90000000002,17
2022-07-24,180879.90000000002,54798.0,235677.90000000002,17
2022-07-25,180879.90000000002,56447.0,237326.90000000002,17
2022-07-26,180879.90000000002,55156.0,236035.90000000002,17
2022-07-27,180879.90000000002,55832.0,236711.90000000002,17
2022-07-28,180879.90000000002,56219.0,237098.90000000002,17
2022-07-29,180879.90000000002,56916.0,237795.90000000002,17
2022-07-31,190967.90000000002,48132.0,239099.90000000002,15
2022-08-01,190967.90000000002,48745.0,239712.90000000002,15
2022-08-02,190967.90000000002,48810.0,239777.90000000002,15
2022-08-03,190967.90000000002,48884.0,239851.90000000002,15
2022-08-04,190967.90000000002,47615.0,238582.90000000002,15
2022-08-05,190967.90000000002,46667.0,237634.90000000002,15
2022-08-07,190967.90000000002,47071.0,238038.90000000002,15
2022-08-08,190967.90000000002,46811.0,237778.90000000002,15
2022-08-09,190967.90000000002,45546.0,236513.90000000002,15
2022-08-10,190967.90000000002,45426.0,236393.90000000002,15
2022-08-11,190967.90000000002,44872.0,235839.90000000002,15
2022-08-14,190967.90000000002,44148.0,235115.90000000002,15
2022-08-15,190967.90000000002,45679.0,236646.90000000002,15
2022-08-16,190967.90000000002,44974.0,235941.90000000002,15
2022-08-17,190967.90000000002,45065.0,236032.90000000002,15
2022-08-18,193904.90000000002,42896.0,236800.90000000002,14
2022-08-21,193904.90000000002,42889.0,236793.90000000002,14
2022-08-22,193904.90000000002,42699.0,236603.90000000002,14
2022-08-23,193904.90000000002,42871.0,236775.90000000002,14
2022-08-24,193904.90000000002,43098.0,237002.90000000002,14
2022-08-25,193904.90000000002,42498.0,236402.90000000002,14
2022-08-26,193904.90000000002,41925.0,235829.90000000002,14
2022-08-28,191113.90000000002,43916.0,235029.90000000002,15
2022-08-29,191113.90000000002,44049.0,235162.90000000002,15
2022-08-30,191113.90000000002,44013.0,235126.90000000002,15
2022-08-31,191113.90000000002,43440.0,234553.90000000002,15
2022-09-01,193083.90000000002,41489.0,234572.90000000002,14
2022-09-02,193083.90000000002,41527.0,234610.90000000002,14
2022-09-04,193083.90000000002,41807.0,234890.90000000002,14
2022-09-05,193083.90000000002,41833.0,234916.90000000002,14
2022-09-06,193083.90000000002,41314.0,234397.90000000002,14
2022-09-07,189163.90000000002,44921.0,234084.90000000002,15
2022-09-08,189163.90000000002,44967.0,234130.90000000002,15
2022-09-11,189163.90000000002,44631.0,233794.90000000002,15
2022-09-12,189163.90000000002,44365.0,233528.90000000002,15
2022-09-13,189163.90000000002,44835.0,233998.90000000002,15
2022-09-14,189163.90000000002,46010.0,235173.90000000002,15
2022-09-15,189163.90000000002,44537.0,233700.90000000002,15
2022-09-16,184803.90000000002,48587.0,233390.90000000002,16
2022-09-18,184803.90000000002,47732.0,232535.90000000002,16
2022-09-20,184803.90000000002,46496.0,231299.90000000002,16
2022-09-21,176293.90000000002,55335.0,231628.90000000002,18
2022-09-22,176293.90000000002,55134.0,231427.90000000002,18
2022-09-25,176293.90000000002,54342.0,230635.90000000002,18
2022-09-27,176293.90000000002,54999.0,231292.90000000002,18
2022-09-28,176293.90000000002,55490.0,231783.90000000002,18
2022-09-29,176293.90000000002,56344.0,232637.90000000002,18
2022-10-09,183128.90000000002,50993.0,234121.90000000002,16
2022-10-10,187478.90000000002,45830.0,233308.90000000002,15
2022-10-11,180740.90000000002,51834.0,232574.90000000002,16
2022-10-12,180740.90000000002,52527.0,233267.90000000002,16
2022-10-13,180740.90000000002,52621.0,233361.90000000002,16
2022-10-16,180740.90000000002,52342.0,233082.90000000002,16
2022-10-17,180740.90000000002,52212.0,232952.90000000002,16
2022-10-19,176990.90000000002,55500.0,232490.90000000002,17
2022-10-20,176990.90000000002,55476.0,232466.90000000002,17
2022-10-23,176990.90000000002,56214.0,233204.90000000002,17
2022-10-31,179650.90000000002,53884.0,233534.90000000002,16
2022-11-01,179650.90000000002,55632.0,235282.90000000002,16
2022-11-02,179650.90000000002,55791.0,235441.90000000002,16
2022-11-03,184576.90000000002,50485.0,235061.90000000002,15
2022-11-06,184576.90000000002,51703.0,236279.90000000002,15
2022-11-07,196805.90000000002,39187.0,235992.90000000002,12
2022-11-08,196805.90000000002,39165.0,235970.90000000002,12
2022-11-09,196805.90000000002,38374.0,235179.90000000002,12
2022-11-10,196805.90000000002,37867.0,234672.90000000002,12
2022-11-13,192245.90000000002,42257.0,234502.90000000002,13
2022-11-14,192245.90000000002,42915.0,235160.90000000002,13
2022-11-15,192245.90000000002,42716.0,234961.90000000002,13
2022-11-16,197058.90000000002,38299.0,235357.90000000002,12
2022-11-17,197058.90000000002,38986.0,236044.90000000002,12
2022-11-22,197058.90000000002,38891.0,235949.90000000002,12
2022-11-23,197058.90000000002,38656.0,235714.90000000002,12
2022-11-24,197058.90000000002,38972.0,236030.90000000002,12
2022-11-27,197058.90000000002,39377.0,236435.90000000002,12
2022-11-28,197058.90000000002,38937.0,235995.90000000002,12
2022-11-29,200178.90000000002,35779.0,235957.90000000002,11
2022-11-30,200178.90000000002,35701.0,235879.90000000002,11
2022-12-01,195548.90000000002,40435.0,235983.90000000002,12
2022-12-04,198628.90000000002,37451.0,236079.90000000002,11
2022-12-05,196178.90000000002,39428.0,235606.90000000002,12
2022-12-06,198988.90000000002,36305.0,235293.90000000002,11
2022-12-07,198988.90000000002,35928.0,234916.90000000002,11
2022-12-11,198988.90000000002,35538.0,234526.90000000002,11
2022-12-12,198988.90000000002,35726.0,234714.90000000002,11
2022-12-13,198988.90000000002,35646.0,234634.90000000002,11
2022-12-14,198988.90000000002,35606.0,234594.90000000002,11
2022-12-15,198988.90000000002,35429.0,234417.90000000002,11
2022-12-18,191346.90000000002,41990.0,233336.90000000002,13
2022-12-19,191346.90000000002,41981.0,233327.90000000002,13
2022-12-20,191346.90000000002,42347.0,233693.90000000002,13
2022-12-21,191346.90000000002,42287.0,233633.90000000002,13
2022-12-22,191346.90000000002,42158.0,233504.90000000002,13
2022-12-26,191346.90000000002,43137.0,234483.90000000002,13
2022-12-27,191346.90000000002,44592.0,235938.90000000002,13
2022-12-28,196210.90000000002,39692.0,235902.90000000002,12
2022-12-29,196210.90000000002,40104.0,236314.90000000002,12
2023-01-01,196210.90000000002,40418.0,236628.90000000002,12
2023-01-02,196210.90000000002,40369.0,236579.90000000002,12
2023-01-03,196210.90000000002,40060.0,236270.90000000002,12
2023-01-04,196210.90000000002,41049.0,237259.90000000002,12
2023-01-05,199610.90000000002,37755.0,237365.90000000002,11
2023-01-08,199610.90000000002,37908.0,237518.90000000002,11
2023-01-09,199610.90000000002,39178.0,238788.90000000002,11
2023-01-10,199610.90000000002,39343.0,238953.90000000002,11
2023-01-12,206580.90000000002,31740.0,238320.90000000002,9
2023-01-17,206580.90000000002,32182.0,238762.90000000002,9
2023-01-18,206580.90000000002,32290.0,238870.90000000002,9
2023-01-19,206580.90000000002,32358.0,238938.90000000002,9
2023-01-23,202311.90000000002,36567.0,238878.90000000002,10
2023-01-24,199191.90000000002,39653.0,238844.90000000002,11
2023-01-25,199191.90000000002,39618.0,238809.90000000002,11
2023-01-26,199191.90000000002,39615.0,238806.90000000002,11
2023-01-29,199191.90000000002,39377.0,238568.90000000002,11
2023-01-30,199191.90000000002,38470.0,237661.90000000002,11
2023-01-31,199191.90000000002,38527.0,237718.90000000002,11
2023-02-01,199191.90000000002,38214.0,237405.90000000002,11
2023-02-02,199191.90000000002,37757.0,236948.90000000002,11
2023-02-05,199191.90000000002,38021.0,237212.90000000002,11
2023-02-06,199191.90000000002,37909.0,237100.90000000002,11
2023-02-07,199191.90000000002,39562.0,238753.90000000002,11
2023-02-08,199191.90000000002,39239.0,238430.90000000002,11
2023-02-09,199191.90000000002,39546.0,238737.90000000002,11
2023-02-12,199191.90000000002,38277.0,237468.90000000002,11
2023-02-14,199191.90000000002,37929.0,237120.90000000002,11
2023-02-15,199191.90000000002,37810.0,237001.90000000002,11
2023-02-16,199191.90000000002,37457.0,236648.90000000002,11
2023-02-20,196771.90000000002,39458.0,236229.90000000002,12
2023-02-22,196771.90000000002,40454.0,237225.90000000002,12
2023-02-23,196771.90000000002,39763.0,236534.90000000002,12
2023-02-26,196771.90000000002,39694.0,236465.90000000002,12
2023-02-27,196771.90000000002,39718.0,236489.90000000002,12
2023-02-28,196771.90000000002,39663.0,236434.90000000002,12
2023-03-01,194011.90000000002,42041.0,236052.90000000002,13
2023-03-02,194011.90000000002,41716.0,235727.90000000002,13
2023-03-05,196411.90000000002,38833.0,235244.90000000002,12
2023-03-07,200965.90000000002,34488.0,235453.90000000002,11
2023-03-09,200965.90000000002,35367.0,236332.90000000002,11
2023-03-12,200965.90000000002,34890.0,235855.90000000002,11
2023-03-13,197285.90000000002,38009.0,235294.90000000002,12
2023-03-14,197285.90000000002,37862.0,235147.90000000002,12
2023-03-15,197285.90000000002,37624.0,234909.90000000002,12
2023-03-16,197285.90000000002,37565.0,234850.90000000002,12
2023-03-19,197285.90000000002,37479.0,234764.90000000002,12
2023-03-20,197285.90000000002,37942.0,235227.90000000002,12
2023-03-22,200905.90000000002,34029.0,234934.90000000002,11
2023-03-23,200905.90000000002,34033.0,234938.90000000002,11
2023-03-26,197754.90000000002,36802.0,234556.90000000002,12
2023-03-27,197754.90000000002,37067.0,234821.90000000002,12
2023-03-28,197754.90000000002,37078.0,234832.90000000002,12
2023-03-29,197754.90000000002,37011.0,234765.90000000002,12
2023-03-30,197754.90000000002,36907.0,234661.90000000002,12
2023-04-02,192220.90000000002,41894.0,234114.90000000002,14
2023-04-03,192220.90000000002,41445.0,233665.90000000002,14
2023-04-04,192220.90000000002,41309.0,233529.90000000002,14
2023-04-05,192220.90000000002,41549.0,233769.90000000002,14
2023-04-06,188680.90000000002,44817.0,233497.90000000002,15
2023-04-09,188680.90000000002,44159.0,232839.90000000002,15
2023-04-10,188680.90000000002,44355.0,233035.90000000002,15
2023-04-11,188680.90000000002,45138.0,233818.90000000002,15
2023-04-12,188680.90000000002,47462.0,236142.90000000002,15
2023-04-13,188680.90000000002,46701.0,235381.90000000002,15
2023-04-16,188680.90000000002,46502.0,235182.90000000002,15
2023-04-17,188680.90000000002,45888.0,234568.90000000002,15
2023-04-18,191780.90000000002,42863.0,234643.90000000002,14
2023-04-19,191780.90000000002,43254.0,235034.90000000002,14
2023-04-20,191780.90000000002,42811.0,234591.90000000002,14
2023-04-23,191780.90000000002,42394.0,234174.90000000002,14
2023-04-24,191780.90000000002,42494.0,234274.90000000002,14
2023-04-25,191780.90000000002,42943.0,234723.90000000002,14
2023-04-26,191780.90000000002,42692.0,234472.90000000002,14
2023-04-27,191780.90000000002,42747.0,234527.90000000002,14
2023-04-30,191780.90000000002,42258.0,234038.90000000002,14
2023-05-02,195160.90000000002,38816.0,233976.90000000002,13
2023-05-03,192290.90000000002,41385.0,233675.90000000002,14
2023-05-04,192290.90000000002,41863.0,234153.90000000002,14
2023-05-07,192290.90000000002,41442.0,233732.90000000002,14
2023-05-08,192290.90000000002,41066.0,233356.90000000002,14
2023-05-09,192290.90000000002,41281.0,233571.90000000002,14
2023-05-10,192290.90000000002,41216.0,233506.90000000002,14
2023-05-11,192290.90000000002,41308.0,233598.90000000002,14
2023-05-14,192290.90000000002,40896.0,233186.90000000002,14
2023-05-15,192290.90000000002,40933.0,233223.90000000002,14
2023-05-16,192290.90000000002,40961.0,233251.90000000002,14
2023-05-17,192290.90000000002,41404.0,233694.90000000002,14
2023-05-18,192290.90000000002,42084.0,234374.90000000002,14
2023-05-21,192290.90000000002,41951.0,234241.90000000002,14
2023-05-22,192290.90000000002,41918.0,234208.90000000002,14
2023-05-23,196130.90000000002,38993.0,235123.90000000002,13
2023-05-24,196130.90000000002,39057.0,235187.90000000002,13
2023-05-28,196130.90000000002,38655.0,234785.90000000002,13
2023-05-30,196130.90000000002,37849.0,233979.90000000002,13
2023-05-31,196130.90000000002,37244.0,233374.90000000002,13
2023-06-01,196130.90000000002,37299.0,233429.90000000002,13
2023-06-04,196130.90000000002,38173.0,234303.90000000002,13
2023-06-05,196130.90000000002,38037.0,234167.90000000002,13
2023-06-06,196130.90000000002,38361.0,234491.90000000002,13
2023-06-07,197539.90000000002,37154.0,234693.90000000002,12
2023-06-08,197539.90000000002,37037.0,234576.90000000002,12
2023-06-11,197539.90000000002,37697.0,235236.90000000002,12
2023-06-12,197539.90000000002,37589.0,235128.90000000002,12
2023-06-13,197539.90000000002,37883.0,235422.90000000002,12
2023-06-14,201327.90000000002,34460.0,235787.90000000002,11
2023-06-15,204412.90000000002,31268.0,235680.90000000002,10
2023-06-18,204412.90000000002,31070.0,235482.90000000002,10
2023-06-19,204412.90000000002,31100.0,235512.90000000002,10
2023-06-20,207450.90000000002,27984.0,235434.90000000002,9
2023-06-21,207450.90000000002,27789.0,235239.90000000002,9
2023-06-22,207450.90000000002,27572.0,235022.90000000002,9
2023-06-25,207450.90000000002,27833.0,235283.90000000002,9
2023-06-26,207450.90000000002,27869.0,235319.90000000002,9
2023-06-27,207450.90000000002,28844.0,236294.90000000002,9
2023-06-28,210150.90000000002,25762.0,235912.90000000002,8
2023-07-02,207310.90000000002,27878.0,235188.90000000002,9
2023-07-03,207310.90000000002,27613.0,234923.90000000002,9
2023-07-04,207310.90000000002,27594.0,234904.90000000002,9
2023-07-05,207310.90000000002,27370.0,234680.90000000002,9
2023-07-06,207310.90000000002,27117.0,234427.90000000002,9
2023-07-09,207310.90000000002,27228.0,234538.90000000002,9
2023-07-10,207310.90000000002,27192.0,234502.90000000002,9
2023-07-11,207310.90000000002,27225.0,234535.90000000002,9
2023-07-12,207310.90000000002,27796.0,235106.90000000002,9
2023-07-13,207310.90000000002,27573.0,234883.90000000002,9
2023-07-16,207310.90000000002,27916.0,235226.90000000002,9
2023-07-17,207310.90000000002,28626.0,235936.90000000002,9
2023-07-18,207310.90000000002,28940.0,236250.90000000002,9
2023-07-19,207310.90000000002,29773.0,237083.90000000002,9
2023-07-20,207310.90000000002,29479.0,236789.90000000002,9
2023-07-23,207310.90000000002,31078.0,238388.90000000002,9
2023-07-24,212110.90000000002,25540.0,237650.90000000002,8
2023-07-25,212110.90000000002,24856.0,236966.90000000002,8
2023-07-26,212110.90000000002,24772.0,236882.90000000002,8
2023-07-27,212110.90000000002,24502.0,236612.90000000002,8
2023-07-30,212110.90000000002,24296.0,236406.90000000002,8
2023-07-31,212110.90000000002,24453.0,236563.90000000002,8
2023-08-01,212110.90000000002,24070.0,236180.90000000002,8
2023-08-02,212110.90000000002,24225.0,236335.90000000002,8
2023-08-03,212110.90000000002,24245.0,236355.90000000002,8
2023-08-06,212110.90000000002,23743.0,235853.90000000002,8
2023-08-07,207870.90000000002,27727.0,235597.90000000002,9
2023-08-08,207870.90000000002,27359.0,235229.90000000002,9
2023-08-09,207870.90000000002,27535.0,235405.90000000002,9
2023-08-10,207870.90000000002,27577.0,235447.90000000002,9
2023-08-13,207870.90000000002,27781.0,235651.90000000002,9
2023-08-14,207870.90000000002,27954.0,235824.90000000002,9
2023-08-15,204729.90000000002,30795.0,235524.90000000002,10
2023-08-16,204729.90000000002,30422.0,235151.90000000002,10
2023-08-17,204729.90000000002,30493.0,235222.90000000002,10
2023-08-20,204729.90000000002,30189.0,234918.90000000002,10
2023-08-21,204729.90000000002,30131.0,234860.90000000002,10
2023-08-22,204729.90000000002,30470.0,235199.90000000002,10
2023-08-23,204729.90000000002,30701.0,235430.90000000002,10
2023-08-24,204729.90000000002,30307.0,235036.90000000002,10
2023-08-27,204729.90000000002,30002.0,234731.90000000002,10
2023-08-28,204729.90000000002,30045.0,234774.90000000002,10
2023-08-29,204729.90000000002,29868.0,234597.90000000002,10
2023-08-30,201289.90000000002,33216.0,234505.90000000002,11
2023-09-03,199067.90000000002,35075.0,234142.90000000002,11
2023-09-04,199067.90000000002,35171.0,234238.90000000002,11
2023-09-05,199067.90000000002,35029.0,234096.90000000002,11
2023-09-07,188487.90000000002,45144.0,233631.90000000002,14
2023-09-10,188487.90000000002,45396.0,233883.90000000002,14
2023-09-11,188487.90000000002,46329.0,234816.90000000002,14
2023-09-12,188487.90000000002,45963.0,234450.90000000002,14
2023-09-13,188487.90000000002,46807.0,235294.90000000002,14
2023-09-17,192637.90000000002,41824.0,234461.90000000002,13
2023-09-18,192637.90000000002,41823.0,234460.90000000002,13
2023-09-19,192637.90000000002,42385.0,235022.90000000002,13
2023-09-21,192637.90000000002,43417.0,236054.90000000002,13
2023-09-24,196547.90000000002,39052.0,235599.90000000002,12
2023-09-25,196547.90000000002,38961.0,235508.90000000002,12
2023-09-26,199687.90000000002,36175.0,235862.90000000002,11
2023-09-27,199687.90000000002,35856.0,235543.90000000002,11
2023-10-01,199687.90000000002,35497.0,235184.90000000002,11
2023-10-02,199687.90000000002,35505.0,235192.90000000002,11
2023-10-03,199687.90000000002,35303.0,234990.90000000002,11
2023-10-04,199687.90000000002,35428.0,235115.90000000002,11
2023-10-05,199687.90000000002,35219.0,234906.90000000002,11
2023-10-08,192887.90000000002,41391.0,234278.90000000002,13
2023-10-09,190407.90000000002,43559.0,233966.90000000002,14
2023-10-10,190407.90000000002,43132.0,233539.90000000002,14
2023-10-11,185747.90000000002,47960.0,233707.90000000002,15
2023-10-12,181127.90000000002,52083.0,233210.90000000002,16
2023-10-16,177196.90000000002,55746.0,232942.90000000002,17
2023-10-17,177196.90000000002,56336.0,233532.90000000002,17
2023-10-18,177196.90000000002,57780.0,234976.90000000002,17
2023-10-19,177196.90000000002,57579.0,234775.90000000002,17
2023-10-29,182125.90000000002,51856.0,233981.90000000002,16
2023-10-30,182125.90000000002,51956.0,234081.90000000002,16
2023-10-31,177464.90000000002,56211.0,233675.90000000002,17
2023-11-01,177464.90000000002,56172.0,233636.90000000002,17
2023-11-02,177464.90000000002,55781.0,233245.90000000002,17
2023-11-05,177464.90000000002,54837.0,232301.90000000002,17
2023-11-06,177464.90000000002,55322.0,232786.90000000002,17
2023-11-07,177464.90000000002,55359.0,232823.90000000002,17
2023-11-08,177464.90000000002,55638.0,233102.90000000002,17
2023-11-09,177464.90000000002,55432.0,232896.90000000002,17
2023-11-20,177464.90000000002,55824.0,233288.90000000002,17
2023-11-21,177464.90000000002,55500.0,232964.90000000002,17
2023-11-22,177464.90000000002,55600.0,233064.90000000002,17
2023-11-23,177464.90000000002,56131.0,233595.90000000002,17
2023-11-26,177464.90000000002,57614.0,235078.90000000002,17
2023-11-27,186589.90000000002,48018.0,234607.90000000002,15
2023-11-28,186589.90000000002,47668.0,234257.90000000002,15
2023-11-29,186589.90000000002,47331.0,233920.90000000002,15
2023-11-30,186589.90000000002,47082.0,233671.90000000002,15
2023-12-03,186589.90000000002,46823.0,233412.90000000002,15
2023-12-04,186589.90000000002,46767.0,233356.90000000002,15
2023-12-05,186589.90000000002,46647.0,233236.90000000002,15
2023-12-06,186589.90000000002,46597.0,233186.90000000002,15
2023-12-07,186589.90000000002,47018.0,233607.90000000002,15
2023-12-10,186589.90000000002,50129.0,236718.90000000002,15
2023-12-11,195917.90000000002,40533.0,236450.90000000002,13
2023-12-12,195917.90000000002,40748.0,236665.90000000002,13
2023-12-13,195917.90000000002,40961.0,236878.90000000002,13
2023-12-14,195917.90000000002,41043.0,236960.90000000002,13
2023-12-17,195917.90000000002,41315.0,237232.90000000002,13
2023-12-18,195917.90000000002,42045.0,237962.90000000002,13
2023-12-19,199877.90000000002,38947.0,238824.90000000002,12
2023-12-20,202627.90000000002,36247.0,238874.90000000002,11
2023-12-21,205867.90000000002,32300.0,238167.90000000002,10
2023-12-24,205867.90000000002,32182.0,238049.90000000002,10
2023-12-27,205867.90000000002,31782.0,237649.90000000002,10
2023-12-28,205867.90000000002,31502.0,237369.90000000002,10
2024-01-01,201917.90000000002,35249.0,237166.90000000002,11
2024-01-02,201917.90000000002,34814.0,236731.90000000002,11
2024-01-03,201917.90000000002,35162.0,237079.90000000002,11
2024-01-04,198217.90000000002,38490.0,236707.90000000002,12
2024-01-07,198217.90000000002,38033.0,236250.90000000002,12
2024-01-08,198217.90000000002,38446.0,236663.90000000002,12
2024-01-09,198217.90000000002,39009.0,237226.90000000002,12
2024-01-10,206364.90000000002,31266.0,237630.90000000002,10
2024-01-11,206364.90000000002,31333.0,237697.90000000002,10
2024-01-14,206364.90000000002,31749.0,238113.90000000002,10
2024-01-16,206364.90000000002,32819.0,239183.90000000002,10
2024-01-17,209842.90000000002,29404.0,239246.90000000002,9
2024-01-18,209842.90000000002,29355.0,239197.90000000002,9
2024-01-21,209842.90000000002,28830.0,238672.90000000002,9
2024-01-22,209842.90000000002,28454.0,238296.90000000002,9
2024-01-23,209842.90000000002,28455.0,238297.90000000002,9
2024-01-24,209842.90000000002,28250.0,238092.90000000002,9
2024-01-25,212287.90000000002,25725.0,238012.90000000002,8
2024-01-28,212287.90000000002,25684.0,237971.90000000002,8
2024-01-29,212287.90000000002,25010.0,237297.90000000002,8
2024-01-30,212287.90000000002,25136.0,237423.90000000002,8
2024-01-31,212287.90000000002,24888.0,237175.90000000002,8
2024-02-01,212287.90000000002,24529.0,236816.90000000002,8
2024-02-04,212287.90000000002,24469.0,236756.90000000002,8
2024-02-05,212287.90000000002,24510.0,236797.90000000002,8
2024-02-06,212287.90000000002,24573.0,236860.90000000002,8
2024-02-07,212287.90000000002,24599.0,236886.90000000002,8
2024-02-08,212287.90000000002,24598.0,236885.90000000002,8
2024-02-11,209887.90000000002,26882.0,236769.90000000002,9
2024-02-12,209887.90000000002,26958.0,236845.90000000002,9
2024-02-13,209887.90000000002,26563.0,236450.90000000002,9
2024-02-14,205172.90000000002,31213.0,236385.90000000002,10
2024-02-15,205172.90000000002,31081.0,236253.90000000002,10
2024-02-18,205172.90000000002,30682.0,235854.90000000002,10
2024-02-20,200492.90000000002,35243.0,235735.90000000002,11
2024-02-21,194294.90000000002,41199.0,235493.90000000002,13
2024-02-22,194294.90000000002,40870.0,235164.90000000002,13
2024-02-25,191194.90000000002,43324.0,234518.90000000002,14
2024-02-26,191194.90000000002,43475.0,234669.90000000002,14
2024-02-27,191194.90000000002,43664.0,234858.90000000002,14
2024-02-28,187354.90000000002,47153.0,234507.90000000002,15
2024-02-29,183489.90000000002,50633.0,234122.90000000002,16
2024-03-03,183489.90000000002,50377.0,233866.90000000002,16
2024-03-04,183489.90000000002,53253.0,236742.90000000002,16
2024-03-05,186839.90000000002,48748.0,235587.90000000002,15
2024-03-06,186839.90000000002,48622.0,235461.90000000002,15
2024-03-07,186839.90000000002,48855.0,235694.90000000002,15
2024-03-10,186839.90000000002,49296.0,236135.90000000002,15
2024-03-12,186839.90000000002,50589.0,237428.90000000002,15
2024-03-13,194339.90000000002,43120.0,237459.90000000002,13
2024-03-14,194339.90000000002,42585.0,236924.90000000002,13
2024-03-17,191029.90000000002,45781.0,236810.90000000002,14
2024-03-18,191029.90000000002,45800.0,236829.90000000002,14
2024-03-19,191029.90000000002,45452.0,236481.90000000002,14
2024-03-20,191029.90000000002,45383.0,236412.90000000002,14
2024-03-21,191029.90000000002,45120.0,236149.90000000002,14
2024-03-25,191029.90000000002,44548.0,235577.90000000002,14
2024-03-26,191029.90000000002,44527.0,235556.90000000002,14
2024-03-27,191029.90000000002,44193.0,235222.90000000002,14
2024-03-28,191029.90000000002,44199.0,235228.90000000002,14
2024-03-31,188019.90000000002,46951.0,234970.90000000002,15
2024-04-01,185100.90000000002,49622.0,234722.90000000002,16
2024-04-02,182100.90000000002,52381.0,234481.90000000002,16
2024-04-03,182100.90000000002,52119.0,234219.90000000002,16
2024-04-04,182100.90000000002,51982.0,234082.90000000002,16
2024-04-07,182100.90000000002,52587.0,234687.90000000002,16
2024-04-09,182100.90000000002,52924.0,235024.90000000002,16
2024-04-10,182100.90000000002,52705.0,234805.90000000002,16
2024-04-14,182100.90000000002,52470.0,234570.90000000002,16
2024-04-15,182100.90000000002,52009.0,234109.90000000002,16
2024-04-16,182100.90000000002,51861.0,233961.90000000002,16
2024-04-18,182100.90000000002,51521.0,233621.90000000002,16
2024-04-21,182100.90000000002,51624.0,233724.90000000002,16
2024-04-22,182100.90000000002,51357.0,233457.90000000002,16
2024-04-24,182100.90000000002,51278.0,233378.90000000002,16
2024-04-25,182100.90000000002,51304.0,233404.90000000002,16
2024-04-28,182100.90000000002,51451.0,233551.90000000002,16
2024-04-29,182100.90000000002,51687.0,233787.90000000002,16
2024-04-30,182100.90000000002,52661.0,234761.90000000002,16
2024-05-02,182100.90000000002,52060.0,234160.90000000002,16
2024-05-05,182100.90000000002,51400.0,233500.90000000002,16
2024-05-06,182100.90000000002,51107.0,233207.90000000002,16
2024-05-07,182100.90000000002,51182.0,233282.90000000002,16
2024-05-08,182100.90000000002,51036.0,233136.90000000002,16
2024-05-09,182100.90000000002,51124.0,233224.90000000002,16
2024-05-12,182100.90000000002,51374.0,233474.90000000002,16
2024-05-13,182100.90000000002,52430.0,234530.90000000002,16
2024-05-14,182100.90000000002,52885.0,234985.90000000002,16
2024-05-15,182100.90000000002,52590.0,234690.90000000002,16
2024-05-16,182100.90000000002,52222.0,234322.90000000002,16
2024-05-19,182100.90000000002,53204.0,235304.90000000002,16
2024-05-20,182100.90000000002,54524.0,236624.90000000002,16
2024-05-21,184763.90000000002,52399.0,237162.90000000002,15
2024-05-22,184763.90000000002,53864.0,238627.90000000002,15
2024-05-26,196883.90000000002,41494.0,238377.90000000002,12
2024-05-27,196883.90000000002,41534.0,238417.90000000002,12
2024-05-29,196883.90000000002,40856.0,237739.90000000002,12
2024-05-30,196883.90000000002,40341.0,237224.90000000002,12
2024-06-02,196883.90000000002,40514.0,237397.90000000002,12
2024-06-03,196883.90000000002,40245.0,237128.90000000002,12
2024-06-04,196883.90000000002,40336.0,237219.90000000002,12
2024-06-05,196883.90000000002,40044.0,236927.90000000002,12
2024-06-06,196883.90000000002,39799.0,236682.90000000002,12
2024-06-09,196883.90000000002,39457.0,236340.90000000002,12
2024-06-10,196883.90000000002,39582.0,236465.90000000002,12
2024-06-11,196883.90000000002,40216.0,237099.90000000002,12
2024-06-12,196883.90000000002,40248.0,237131.90000000002,12
2024-06-13,196883.90000000002,40239.0,237122.90000000002,12
2024-06-16,196883.90000000002,40013.0,236896.90000000002,12
2024-06-18,196883.90000000002,39616.0,236499.90000000002,12
2024-06-19,196883.90000000002,39670.0,236553.90000000002,12
2024-06-20,196883.90000000002,39340.0,236223.90000000002,12
2024-06-23,196883.90000000002,39219.0,236102.90000000002,12
2024-06-24,196883.90000000002,39165.0,236048.90000000002,12
2024-06-25,196883.90000000002,39297.0,236180.90000000002,12
2024-06-26,196883.90000000002,38860.0,235743.90000000002,12
2024-06-27,196883.90000000002,38829.0,235712.90000000002,12
2024-06-30,196883.90000000002,38532.0,235415.90000000002,12
2024-07-01,196883.90000000002,39018.0,235901.90000000002,12
2024-07-02,198413.90000000002,38456.0,236869.90000000002,11
2024-07-03,198413.90000000002,38791.0,237204.90000000002,11
2024-07-04,198413.90000000002,39129.0,237542.90000000002,11
2024-07-07,201533.90000000002,36201.0,237734.90000000002,10
2024-07-08,201533.90000000002,35981.0,237514.90000000002,10
2024-07-09,201533.90000000002,36346.0,237879.90000000002,10
2024-07-10,201533.90000000002,36888.0,238421.90000000002,10
2024-07-11,205253.90000000002,33805.0,239058.90000000002,9
2024-07-14,205253.90000000002,35225.0,240478.90000000002,9
2024-07-15,209253.90000000002,31105.0,240358.90000000002,8
2024-07-16,209253.90000000002,32438.0,241691.90000000002,8
2024-07-17,222843.90000000002,19487.0,242330.90000000002,5
2024-07-18,222843.90000000002,20738.0,243581.90000000002,5
2024-07-21,234453.90000000002,9938.0,244391.90000000002,2
2024-07-22,244513.90000000002,0.0,244513.90000000002,0
2024-07-23,244513.90000000002,0.0,244513.90000000002,0
2024-07-24,244513.90000000002,0.0,244513.90000000002,0
2024-07-25,244513.90000000002,0.0,244513.90000000002,0
2024-07-28,244513.90000000002,0.0,244513.90000000002,0
2024-07-29,244513.90000000002,0.0,244513.90000000002,0
2024-07-30,244513.90000000002,0.0,244513.90000000002,0
2024-07-31,244513.90000000002,0.0,244513.90000000002,0
2024-08-01,244513.90000000002,0.0,244513.90000000002,0
2024-08-05,244513.90000000002,0.0,244513.90000000002,0
2024-08-06,244513.90000000002,0.0,244513.90000000002,0
2024-08-07,244513.90000000002,0.0,244513.90000000002,0
2024-08-08,244513.90000000002,0.0,244513.90000000002,0
2024-08-11,244513.90000000002,0.0,244513.90000000002,0
2024-08-12,244513.90000000002,0.0,244513.90000000002,0
2024-08-13,244513.90000000002,0.0,244513.90000000002,0
2024-08-14,244513.90000000002,0.0,244513.90000000002,0
2024-08-15,244513.90000000002,0.0,244513.90000000002,0
2024-08-18,244513.90000000002,0.0,244513.90000000002,0
2024-08-21,244513.90000000002,0.0,244513.90000000002,0
2024-08-22,244513.90000000002,0.0,244513.90000000002,0
2024-08-25,244513.90000000002,0.0,244513.90000000002,0
2024-08-27,244513.90000000002,0.0,244513.90000000002,0
2024-08-28,244513.90000000002,0.0,244513.90000000002,0
2024-08-29,244513.90000000002,0.0,244513.90000000002,0
2024-09-01,244513.90000000002,0.0,244513.90000000002,0
2024-09-02,244513.90000000002,0.0,244513.90000000002,0
2024-09-03,244513.90000000002,0.0,244513.90000000002,0
2024-09-04,244513.90000000002,0.0,244513.90000000002,0
2024-09-05,244513.90000000002,0.0,244513.90000000002,0
2024-09-08,244513.90000000002,0.0,244513.90000000002,0
2024-09-09,244513.90000000002,0.0,244513.90000000002,0
2024-09-10,244513.90000000002,0.0,244513.90000000002,0
2024-09-11,244513.90000000002,0.0,244513.90000000002,0
2024-09-12,244513.90000000002,0.0,244513.90000000002,0
2024-09-15,244513.90000000002,0.0,244513.90000000002,0
2024-09-16,244513.90000000002,0.0,244513.90000000002,0
2024-09-18,244513.90000000002,0.0,244513.90000000002,0
2024-09-22,244513.90000000002,0.0,244513.90000000002,0
2024-09-23,244513.90000000002,0.0,244513.90000000002,0
2024-09-24,244513.90000000002,0.0,244513.90000000002,0
2024-09-25,244513.90000000002,0.0,244513.90000000002,0
2024-09-26,244513.90000000002,0.0,244513.90000000002,0
2024-09-29,244513.90000000002,0.0,244513.90000000002,0
2024-09-30,244513.90000000002,0.0,244513.90000000002,0
2024-10-01,244513.90000000002,0.0,244513.90000000002,0
2024-10-02,244513.90000000002,0.0,244513.90000000002,0
2024-10-06,244513.90000000002,0.0,244513.90000000002,0
2024-10-07,244513.90000000002,0.0,244513.90000000002,0
2024-10-08,244513.90000000002,0.0,244513.90000000002,0
2024-10-09,244513.90000000002,0.0,244513.90000000002,0
2024-10-15,244513.90000000002,0.0,244513.90000000002,0
2024-10-16,244513.90000000002,0.0,244513.90000000002,0
2024-10-17,244513.90000000002,0.0,244513.90000000002,0
2024-10-20,244513.90000000002,0.0,244513.90000000002,0
2024-10-21,244513.90000000002,0.0,244513.90000000002,0
2024-10-22,244513.90000000002,0.0,244513.90000000002,0
2024-10-23,244513.90000000002,0.0,244513.90000000002,0
2024-10-24,244513.90000000002,0.0,244513.90000000002,0
2024-10-27,233169.90000000002,11364.0,244533.90000000002,3
2024-10-28,233169.90000000002,11578.0,244747.90000000002,3
2024-10-29,233169.90000000002,11840.0,245009.90000000002,3
2024-10-30,236939.90000000002,7995.0,244934.90000000002,2
2024-11-05,236939.90000000002,7883.0,244822.90000000002,2
2024-11-06,236939.90000000002,7920.0,244859.90000000002,2
2024-11-10,236939.90000000002,8020.0,244959.90000000002,2
2024-11-11,236939.90000000002,8110.0,245049.90000000002,2
2024-11-12,236939.90000000002,8052.0,244991.90000000002,2
2024-11-13,236939.90000000002,7935.0,244874.90000000002,2
2024-11-14,236939.90000000002,7948.0,244887.90000000002,2
2024-11-17,236939.90000000002,7930.0,244869.90000000002,2
2024-11-19,236939.90000000002,7833.0,244772.90000000002,2
2024-11-20,236939.90000000002,7820.0,244759.90000000002,2
2024-11-21,233369.90000000002,11281.0,244650.90000000002,3
2024-11-24,233369.90000000002,11149.0,244518.90000000002,3
2024-11-25,233369.90000000002,11213.0,244582.90000000002,3
2024-11-26,233369.90000000002,11422.0,244791.90000000002,3
2024-11-27,233369.90000000002,11520.0,244889.90000000002,3
2024-11-28,233369.90000000002,11470.0,244839.90000000002,3
2024-12-01,230595.90000000002,13939.0,244534.90000000002,4
2024-12-02,230595.90000000002,13806.0,244401.90000000002,4
2024-12-03,230595.90000000002,13792.0,244387.90000000002,4
2024-12-04,230595.90000000002,13765.0,244360.90000000002,4
2024-12-05,230595.90000000002,13692.0,244287.90000000002,4
2024-12-08,225544.90000000002,18376.0,243920.90000000002,6
2024-12-09,225544.90000000002,18158.0,243702.90000000002,6
2024-12-10,225544.90000000002,18054.0,243598.90000000002,6
2024-12-11,225544.90000000002,18640.0,244184.90000000002,6
2024-12-12,225544.90000000002,18428.0,243972.90000000002,6
2024-12-16,218774.90000000002,24602.0,243376.90000000002,8
2024-12-17,218774.90000000002,24501.0,243275.90000000002,8
2024-12-18,210694.90000000002,32400.0,243094.90000000002,10
2024-12-19,206448.90000000002,36293.0,242741.90000000002,11
2024-12-22,202148.90000000002,40079.0,242227.90000000002,12
2024-12-23,202148.90000000002,40549.0,242697.90000000002,12
2024-12-24,202148.90000000002,40995.0,243143.90000000002,12
2024-12-26,202148.90000000002,41386.0,243534.90000000002,12
2024-12-29,197788.90000000002,45292.0,243080.90000000002,13
2024-12-31,194235.90000000002,48106.0,242341.90000000002,14
2025-01-01,194235.90000000002,48058.0,242293.90000000002,14
2025-01-02,194235.90000000002,48357.0,242592.90000000002,14
2025-01-05,194235.90000000002,48039.0,242274.90000000002,14
2025-01-06,197990.90000000002,45276.0,243266.90000000002,13
2025-01-07,197990.90000000002,45003.0,242993.90000000002,13
2025-01-08,197990.90000000002,44999.0,242989.90000000002,13
2025-01-09,197990.90000000002,44772.0,242762.90000000002,13
2025-01-12,197990.90000000002,44395.0,242385.90000000002,13
2025-01-13,194380.90000000002,47896.0,242276.90000000002,14
2025-01-15,194380.90000000002,47389.0,241769.90000000002,14
2025-01-16,194380.90000000002,47150.0,241530.90000000002,14
2025-01-19,194380.90000000002,47140.0,241520.90000000002,14
2025-01-20,194380.90000000002,46997.0,241377.90000000002,14
2025-01-21,194380.90000000002,46705.0,241085.90000000002,14
2025-01-22,189550.90000000002,52403.0,241953.90000000002,15
2025-01-23,189550.90000000002,52229.0,241779.90000000002,15
2025-01-26,189550.90000000002,51923.0,241473.90000000002,15
2025-01-27,189550.90000000002,51755.0,241305.90000000002,15
2025-01-28,189550.90000000002,52118.0,241668.90000000002,15
2025-02-02,189550.90000000002,53599.0,243149.90000000002,15
2025-02-03,189550.90000000002,53613.0,243163.90000000002,15
2025-02-04,189550.90000000002,53294.0,242844.90000000002,15
2025-02-05,189550.90000000002,53234.0,242784.90000000002,15
2025-02-06,189550.90000000002,52866.0,242416.90000000002,15
2025-02-09,189550.90000000002,52690.0,242240.90000000002,15
2025-02-10,189550.90000000002,52502.0,242052.90000000002,15
2025-02-11,189550.90000000002,52479.0,242029.90000000002,15
2025-02-12,189550.90000000002,52341.0,241891.90000000002,15
2025-02-13,189550.90000000002,52199.0,241749.90000000002,15
2025-02-16,189550.90000000002,52767.0,242317.90000000002,15
2025-02-17,189550.90000000002,53600.0,243150.90000000002,15
2025-02-18,189550.90000000002,53751.0,243301.90000000002,15
2025-02-20,189550.90000000002,53351.0,242901.90000000002,15
2025-02-23,189550.90000000002,53177.0,242727.90000000002,15
2025-02-24,189550.90000000002,53310.0,242860.90000000002,15
2025-02-25,189550.90000000002,53208.0,242758.90000000002,15
2025-02-27,189550.90000000002,54820.0,244370.90000000002,15
2025-03-02,194668.90000000002,51610.0,246278.90000000002,14
2025-03-03,206940.90000000002,39046.0,245986.90000000002,11
2025-03-04,206940.90000000002,38690.0,245630.90000000002,11
2025-03-05,206940.90000000002,38214.0,245154.90000000002,11
2025-03-06,206940.90000000002,38443.0,245383.90000000002,11
2025-03-09,206940.90000000002,37940.0,244880.90000000002,11
2025-03-10,206940.90000000002,37707.0,244647.90000000002,11
2025-03-11,206940.90000000002,37642.0,244582.90000000002,11
2025-03-12,206940.90000000002,37781.0,244721.90000000002,11
2025-03-16,206940.90000000002,37329.0,244269.90000000002,11
2025-03-17,206940.90000000002,37272.0,244212.90000000002,11
2025-03-18,206940.90000000002,37110.0,244050.90000000002,11
2025-03-19,202622.90000000002,41239.0,243861.90000000002,12
2025-03-20,198682.90000000002,44958.5,243641.40000000002,13
2025-03-23,196161.90000000002,46673.9,242835.80000000002,14
2025-03-24,191308.90000000002,52070.8,243379.7,15
2025-03-25,191308.90000000002,50958.6,242267.50000000003,15
2025-03-26,186458.90000000002,56541.1,243000.00000000003,16
2025-03-27,186458.90000000002,57101.3,243560.2,16
2025-03-30,186458.90000000002,57614.4,244073.30000000002,16
2025-04-01,186458.90000000002,57145.200000000004,243604.10000000003,16
2025-04-02,186458.90000000002,57349.6,243808.50000000003,16
2025-04-03,186458.90000000002,57660.7,244119.60000000003,16
2025-04-07,186458.90000000002,57371.2,243830.10000000003,16
2025-04-08,190727.90000000002,52981.9,243709.80000000002,15
2025-04-09,190727.90000000002,53042.0,243769.90000000002,15
2025-04-10,190727.90000000002,52981.2,243709.10000000003,15
2025-04-13,190727.90000000002,52896.5,243624.40000000002,15
2025-04-15,190727.90000000002,53443.1,244171.00000000003,15
2025-04-16,190727.90000000002,53718.5,244446.40000000002,15
2025-04-17,190727.90000000002,54482.700000000004,245210.60000000003,15
2025-04-20,190727.90000000002,54148.799999999996,244876.7,15
2025-04-21,190727.90000000002,53936.0,244663.90000000002,15
2025-04-22,193497.90000000002,50707.1,244205.00000000003,14
2025-04-23,193497.90000000002,49889.1,243387.00000000003,14
2025-04-24,193497.90000000002,50057.7,243555.60000000003,14
2025-04-27,193497.90000000002,50089.0,243586.90000000002,14
2025-04-28,193497.90000000002,49894.1,243392.00000000003,14
2025-04-29,193497.90000000002,49490.299999999996,242988.2,14
2025-04-30,193497.90000000002,49353.0,242850.90000000002,14
2025-05-04,193497.90000000002,49404.2,242902.10000000003,14
2025-05-05,193497.90000000002,49034.7,242532.60000000003,14
2025-05-06,193497.90000000002,49084.6,242582.50000000003,14
2025-05-07,193497.90000000002,50811.7,244309.60000000003,14
2025-05-08,203537.90000000002,40574.6,244112.50000000003,12
2025-05-11,203537.90000000002,40462.3,244000.2,12
2025-05-13,203537.90000000002,40357.3,243895.2,12
2025-05-14,203537.90000000002,40298.0,243835.90000000002,12
2025-05-15,198807.90000000002,44987.3,243795.2,13
2025-05-18,198807.90000000002,44783.6,243591.50000000003,13
2025-05-19,198807.90000000002,45168.1,243976.00000000003,13
2025-05-20,198807.90000000002,46175.7,244983.60000000003,13
2025-05-21,203837.90000000002,41215.8,245053.7,12
2025-05-22,203837.90000000002,42412.3,246250.2,12
2025-05-25,208932.90000000002,37127.200000000004,246060.10000000003,11
2025-05-26,208932.90000000002,37093.7,246026.60000000003,11
2025-05-27,208932.90000000002,37166.6,246099.50000000003,11
2025-05-28,208932.90000000002,37758.4,246691.30000000002,11
2025-06-02,208932.90000000002,37504.4,246437.30000000002,11
2025-06-03,208932.90000000002,36736.4,245669.30000000002,11
2025-06-04,208932.90000000002,36552.8,245485.7,11
2025-06-05,208932.90000000002,36374.9,245307.80000000002,11
2025-06-08,208932.90000000002,36112.200000000004,245045.10000000003,11
2025-06-09,208932.90000000002,36244.799999999996,245177.7,11
2025-06-10,208932.90000000002,36501.2,245434.10000000003,11
2025-06-11,208932.90000000002,36181.2,245114.10000000003,11
2025-06-12,208932.90000000002,36029.6,244962.50000000003,11
2025-06-15,208932.90000000002,35851.799999999996,244784.7,11
2025-06-16,208932.90000000002,35979.6,244912.50000000003,11
2025-06-17,208932.90000000002,35780.5,244713.40000000002,11
2025-06-18,208932.90000000002,35708.0,244640.90000000002,11
2025-06-19,208932.90000000002,35541.4,244474.30000000002,11
2025-06-22,208932.90000000002,35227.6,244160.50000000003,11
2025-06-23,208932.90000000002,35311.0,244243.90000000002,11
2025-06-24,208932.90000000002,35425.1,244358.00000000003,11
2025-06-25,208932.90000000002,35369.9,244302.80000000002,11
2025-06-26,204084.90000000002,40291.6,244376.50000000003,12
2025-06-29,204084.90000000002,40955.1,245040.00000000003,12
2025-06-30,204084.90000000002,41105.9,245190.80000000002,12
2025-07-01,204084.90000000002,41675.3,245760.2,12
2025-07-02,204084.90000000002,42381.200000000004,246466.10000000003,12
2025-07-03,212753.90000000002,34144.6,246898.50000000003,10
2025-07-06,212753.90000000002,34084.5,246838.40000000002,10
2025-07-07,212753.90000000002,33739.7,246493.60000000003,10
2025-07-08,208551.90000000002,37966.2,246518.10000000003,11
2025-07-09,208551.90000000002,38504.700000000004,247056.60000000003,11
2025-07-10,208551.90000000002,39431.6,247983.50000000003,11
2025-07-13,208551.90000000002,40253.3,248805.2,11
2025-07-14,208551.90000000002,39268.9,247820.80000000002,11
2025-07-15,208551.90000000002,39918.2,248470.10000000003,11
2025-07-16,203616.90000000002,45583.8,249200.7,12
2025-07-17,210446.90000000002,39681.5,250128.40000000002,10
2025-07-20,215644.90000000002,34202.2,249847.10000000003,9
2025-07-21,215644.90000000002,34645.0,250289.90000000002,9
2025-07-22,220291.90000000002,30841.6,251133.50000000003,8
2025-07-23,224306.90000000002,27058.4,251365.30000000002,7
2025-07-24,229006.90000000002,22173.699999999997,251180.60000000003,6
2025-07-27,229006.90000000002,21863.600000000002,250870.50000000003,6
2025-07-28,229006.90000000002,21912.899999999998,250919.80000000002,6
2025-07-29,229006.90000000002,22230.9,251237.80000000002,6
2025-07-30,229006.90000000002,21871.2,250878.10000000003,6
2025-07-31,229006.90000000002,21575.100000000002,250582.00000000003,6
2025-08-03,229006.90000000002,21094.8,250101.7,6
2025-08-04,229006.90000000002,21378.8,250385.7,6
2025-08-05,224632.90000000002,25360.399999999998,249993.30000000002,7
2025-08-06,224632.90000000002,25258.4,249891.30000000002,7
2025-08-07,219660.90000000002,30443.2,250104.10000000003,8
2025-08-11,219660.90000000002,30119.3,249780.2,8
2025-08-12,219660.90000000002,29738.100000000002,249399.00000000003,8
2025-08-13,219660.90000000002,29561.3,249222.2,8
2025-08-14,219660.90000000002,29418.399999999998,249079.30000000002,8
2025-08-17,219660.90000000002,29181.6,248842.50000000003,8
2025-08-18,219660.90000000002,29261.0,248921.90000000002,8
2025-08-19,219660.90000000002,29324.2,248985.10000000003,8
2025-08-20,219660.90000000002,29182.899999999998,248843.80000000002,8
2025-08-21,219660.90000000002,29090.5,248751.40000000002,8
2025-08-24,216340.90000000002,32225.600000000002,248566.50000000003,9
2025-08-25,216340.90000000002,32417.1,248758.00000000003,9
2025-08-26,216340.90000000002,32314.1,248655.00000000003,9
2025-08-27,216340.90000000002,32999.4,249340.30000000002,9
2025-08-28,216340.90000000002,32432.4,248773.30000000002,9
2025-08-31,213443.90000000002,34927.4,248371.30000000002,10
2025-09-01,213443.90000000002,35183.1,248627.00000000003,10
2025-09-02,213443.90000000002,34926.4,248370.30000000002,10
2025-09-03,213443.90000000002,34806.5,248250.40000000002,10
2025-09-04,213443.90000000002,34744.5,248188.40000000002,10
2025-09-07,208511.90000000002,39762.5,248274.40000000002,11
2025-09-08,208511.90000000002,39226.6,247738.50000000003,11
2025-09-18,201851.90000000002,43436.0,245287.90000000002,13
